A,01/01/26,00:04:00,443230323937FF171E0D-5,1181400.00,380400.00,429000.00,372000.00,112.74,,,
A,01/01/26,00:09:00,443230323937FF171E0D-5,1181400.00,380400.00,429000.00,372000.00,112.98,,,
A,01/01/26,00:14:00,443230323937FF171E0D-5,1181400.00,380400.00,429000.00,372000.00,113.22,,,
A,01/01/26,00:19:00,443230323937FF171E0D-5,1181400.00,380400.00,429000.00,372000.00,113.52,,,
A,01/01/26,00:24:00,443230323937FF171E0D-5,1181400.00,380400.00,429000.00,372000.00,113.70,,,
A,01/01/26,00:29:00,443230323937FF171E0D-5,1181400.00,380400.00,429000.00,372000.00,113.94,,,
A,01/01/26,00:34:00,443230323937FF171E0D-5,1181400.00,380400.00,429000.00,372000.00,114.18,,,
A,01/01/26,00:39:00,443230323937FF171E0D-5,1181400.00,380400.00,429000.00,372000.00,114.30,,,
A,01/01/26,00:44:00,443230323937FF171E0D-5,1181400.00,380400.00,429000.00,372000.00,114.30,,,
A,01/01/26,00:49:00,443230323937FF171E0D-5,1181400.00,380400.00,429000.00,372000.00,114.30,,,
A,01/01/26,00:54:00,443230323937FF171E0D-5,1181400.00,380400.00,429000.00,372000.00,114.30,,,
A,01/01/26,00:59:00,443230323937FF171E0D-5,1181400.00,380400.00,429000.00,372000.00,114.30,,,
A,01/01/26,01:04:00,443230323937FF171E0D-5,1181400.00,380400.00,429000.00,372000.00,114.30,,,
A,01/01/26,01:09:00,443230323937FF171E0D-5,1181400.00,380400.00,429000.00,372000.00,114.30,,,
A,01/01/26,01:14:00,443230323937FF171E0D-5,1181400.00,380400.00,429000.00,372000.00,114.30,,,
A,01/01/26,01:19:00,443230323937FF171E0D-5,1181400.00,380400.00,429000.00,372000.00,114.30,,,
A,01/01/26,01:24:00,443230323937FF171E0D-5,1181400.00,380400.00,429000.00,372000.00,114.30,,,
A,01/01/26,01:29:00,443230323937FF171E0D-5,1181400.00,380400.00,429000.00,372000.00,114.30,,,
A,01/01/26,01:34:00,443230323937FF171E0D-5,1181400.00,380400.00,429000.00,372000.00,114.30,,,
A,01/01/26,01:39:00,443230323937FF171E0D-5,1181400.00,380400.00,429000.00,372000.00,114.30,,,
A,01/01/26,01:44:00,443230323937FF171E0D-5,1181400.00,380400.00,429000.00,372000.00,114.30,,,
A,01/01/26,01:49:00,443230323937FF171E0D-5,1181400.00,380400.00,429000.00,372000.00,114.30,,,
A,01/01/26,01:54:00,443230323937FF171E0D-5,1181400.00,380400.00,429000.00,372000.00,114.30,,,
A,01/01/26,01:59:00,443230323937FF171E0D-5,1181400.00,380400.00,429000.00,372000.00,114.30,,,
A,01/01/26,02:04:00,443230323937FF171E0D-5,1181400.00,380400.00,429000.00,372000.00,114.30,,,
A,01/01/26,02:09:00,443230323937FF171E0D-5,1181400.00,380400.00,429000.00,372000.00,114.30,,,
A,01/01/26,02:14:00,443230323937FF171E0D-5,1181400.00,380400.00,429000.00,372000.00,114.30,,,
A,01/01/26,02:19:00,443230323937FF171E0D-5,1181400.00,380400.00,429000.00,372000.00,114.30,,,
A,01/01/26,02:24:00,443230323937FF171E0D-5,1181400.00,380400.00,429000.00,372000.00,114.30,,,
A,01/01/26,02:29:00,443230323937FF171E0D-5,1181400.00,380400.00,429000.00,372000.00,114.30,,,
A,01/01/26,02:34:00,443230323937FF171E0D-5,1181400.00,380400.00,429000.00,372000.00,114.30,,,
A,01/01/26,02:39:00,443230323937FF171E0D-5,1181400.00,380400.00,429000.00,372000.00,114.30,,,
A,01/01/26,02:44:00,443230323937FF171E0D-5,1181400.00,380400.00,429000.00,372000.00,114.30,,,
A,01/01/26,02:49:00,443230323937FF171E0D-5,1181400.00,380400.00,429000.00,372000.00,114.30,,,
A,01/01/26,02:54:00,443230323937FF171E0D-5,1181400.00,380400.00,429000.00,372000.00,114.30,,,
A,01/01/26,02:59:00,443230323937FF171E0D-5,1181400.00,380400.00,429000.00,372000.00,114.30,,,
A,01/01/26,03:04:00,443230323937FF171E0D-5,1181400.00,380400.00,429000.00,372000.00,114.30,,,
A,01/01/26,03:09:00,443230323937FF171E0D-5,1181400.00,380400.00,429000.00,372000.00,114.30,,,
A,01/01/26,03:14:00,443230323937FF171E0D-5,1181400.00,380400.00,429000.00,372000.00,114.30,,,
A,01/01/26,03:19:00,443230323937FF171E0D-5,1181400.00,380400.00,429000.00,372000.00,114.30,,,
A,01/01/26,03:24:00,443230323937FF171E0D-5,1181400.00,380400.00,429000.00,372000.00,114.30,,,
A,01/01/26,03:29:00,443230323937FF171E0D-5,1181400.00,380400.00,429000.00,372000.00,114.30,,,
A,01/01/26,03:34:00,443230323937FF171E0D-5,1181400.00,380400.00,429000.00,372000.00,114.30,,,
A,01/01/26,03:39:00,443230323937FF171E0D-5,1181400.00,380400.00,429000.00,372000.00,114.30,,,
A,01/01/26,03:44:00,443230323937FF171E0D-5,1181400.00,380400.00,429000.00,372000.00,114.30,,,
A,01/01/26,03:49:00,443230323937FF171E0D-5,1181400.00,380400.00,429000.00,372000.00,114.30,,,
A,01/01/26,03:54:00,443230323937FF171E0D-5,1181400.00,380400.00,429000.00,372000.00,114.30,,,
A,01/01/26,03:59:00,443230323937FF171E0D-5,1181400.00,380400.00,429000.00,372000.00,114.30,,,
A,01/01/26,04:04:00,443230323937FF171E0D-5,1181400.00,380400.00,429000.00,372000.00,114.30,,,
A,01/01/26,04:09:00,443230323937FF171E0D-5,1181400.00,380400.00,429000.00,372000.00,114.30,,,
A,01/01/26,04:14:00,443230323937FF171E0D-5,1181400.00,380400.00,429000.00,372000.00,114.30,,,
A,01/01/26,04:19:00,443230323937FF171E0D-5,1181400.00,380400.00,429000.00,372000.00,114.30,,,
A,01/01/26,04:24:00,443230323937FF171E0D-5,1181400.00,380400.00,429000.00,372000.00,114.30,,,
A,01/01/26,04:29:00,443230323937FF171E0D-5,1181400.00,380400.00,429000.00,372000.00,114.30,,,
A,01/01/26,04:34:00,443230323937FF171E0D-5,1181400.00,380400.00,429000.00,372000.00,114.30,,,
A,01/01/26,04:39:00,443230323937FF171E0D-5,1181400.00,380400.00,429000.00,372000.00,114.30,,,
A,01/01/26,04:44:00,443230323937FF171E0D-5,1181400.00,380400.00,429000.00,372000.00,114.30,,,
A,01/01/26,04:49:00,443230323937FF171E0D-5,1181400.00,380400.00,429000.00,372000.00,114.30,,,
A,01/01/26,04:54:00,443230323937FF171E0D-5,1181400.00,380400.00,429000.00,372000.00,114.30,,,
A,01/01/26,04:59:00,443230323937FF171E0D-5,1181400.00,380400.00,429000.00,372000.00,114.30,,,
A,01/01/26,05:04:00,443230323937FF171E0D-5,1181400.00,380400.00,429000.00,372000.00,114.30,,,
A,01/01/26,05:09:00,443230323937FF171E0D-5,1181400.00,380400.00,429000.00,372000.00,114.30,,,
A,01/01/26,05:14:00,443230323937FF171E0D-5,1181400.00,380400.00,429000.00,372000.00,114.30,,,
A,01/01/26,05:19:00,443230323937FF171E0D-5,1181400.00,380400.00,429000.00,372000.00,114.30,,,
A,01/01/26,05:24:00,443230323937FF171E0D-5,1181400.00,380400.00,429000.00,372000.00,114.30,,,
A,01/01/26,05:29:00,443230323937FF171E0D-5,1181400.00,380400.00,429000.00,372000.00,114.30,,,
A,01/01/26,05:34:00,443230323937FF171E0D-5,1181400.00,380400.00,429000.00,372000.00,114.30,,,
A,01/01/26,05:39:00,443230323937FF171E0D-5,1181400.00,380400.00,429000.00,372000.00,114.30,,,
A,01/01/26,05:44:00,443230323937FF171E0D-5,1181400.00,380400.00,429000.00,372000.00,114.30,,,
A,01/01/26,05:49:00,443230323937FF171E0D-5,1181400.00,380400.00,429000.00,372000.00,114.30,,,
A,01/01/26,05:54:00,443230323937FF171E0D-5,1181400.00,380400.00,429000.00,372000.00,114.30,,,
A,01/01/26,05:59:00,443230323937FF171E0D-5,1181400.00,380400.00,429000.00,372000.00,114.30,,,
A,01/01/26,06:04:00,443230323937FF171E0D-5,1181400.00,380400.00,429000.00,372000.00,114.30,,,
A,01/01/26,06:09:00,443230323937FF171E0D-5,1181400.00,380400.00,429000.00,372000.00,114.30,,,
A,01/01/26,06:14:00,443230323937FF171E0D-5,1181400.00,380400.00,429000.00,372000.00,114.30,,,
A,01/01/26,06:19:00,443230323937FF171E0D-5,1181400.00,380400.00,429000.00,372000.00,114.30,,,
A,01/01/26,06:24:00,443230323937FF171E0D-5,1181400.00,380400.00,429000.00,372000.00,114.30,,,
A,01/01/26,06:29:00,443230323937FF171E0D-5,1181400.00,380400.00,429000.00,372000.00,114.30,,,
A,01/01/26,06:34:00,443230323937FF171E0D-5,1181400.00,380400.00,429000.00,372000.00,114.30,,,
A,01/01/26,06:39:00,443230323937FF171E0D-5,1181400.00,380400.00,429000.00,372000.00,114.30,,,
A,01/01/26,06:44:00,443230323937FF171E0D-5,1181400.00,380400.00,429000.00,372000.00,114.30,,,
A,01/01/26,06:49:00,443230323937FF171E0D-5,1181400.00,380400.00,429000.00,372000.00,114.30,,,
A,01/01/26,06:54:00,443230323937FF171E0D-5,1181400.00,380400.00,429000.00,372000.00,114.30,,,
A,01/01/26,06:59:00,443230323937FF171E0D-5,1181400.00,380400.00,429000.00,372000.00,114.30,,,
A,01/01/26,07:04:00,443230323937FF171E0D-5,1181400.00,380400.00,429000.00,372000.00,114.30,,,
A,01/01/26,07:09:00,443230323937FF171E0D-5,1181400.00,380400.00,429000.00,372000.00,114.30,,,
A,01/01/26,07:14:00,443230323937FF171E0D-5,1181400.00,380400.00,429000.00,372000.00,114.30,,,
A,01/01/26,07:19:00,443230323937FF171E0D-5,1181400.00,380400.00,429000.00,372000.00,114.30,,,
A,01/01/26,07:24:00,443230323937FF171E0D-5,1181400.00,380400.00,429000.00,372000.00,114.30,,,
A,01/01/26,07:29:00,443230323937FF171E0D-5,1181400.00,380400.00,429000.00,372000.00,114.30,,,
A,01/01/26,07:34:00,443230323937FF171E0D-5,1181400.00,380400.00,429000.00,372000.00,114.30,,,
A,01/01/26,07:39:00,443230323937FF171E0D-5,1181400.00,380400.00,429000.00,372000.00,114.30,,,
A,01/01/26,07:44:00,443230323937FF171E0D-5,1181400.00,380400.00,429000.00,372000.00,114.30,,,
A,01/01/26,07:49:00,443230323937FF171E0D-5,1181400.00,380400.00,429000.00,372000.00,114.30,,,
A,01/01/26,07:54:00,443230323937FF171E0D-5,1181400.00,380400.00,429000.00,372000.00,114.30,,,
A,01/01/26,07:59:00,443230323937FF171E0D-5,1181400.00,380400.00,429000.00,372000.00,114.30,,,
A,01/01/26,08:04:00,443230323937FF171E0D-5,1181400.00,380400.00,429000.00,372000.00,114.30,,,
A,01/01/26,08:09:00,443230323937FF171E0D-5,1181400.00,380400.00,429000.00,372000.00,114.30,,,
A,01/01/26,08:14:00,443230323937FF171E0D-5,1181400.00,380400.00,429000.00,372000.00,114.30,,,
A,01/01/26,08:19:00,443230323937FF171E0D-5,1181400.00,380400.00,429000.00,372000.00,114.30,,,
A,01/01/26,08:24:00,443230323937FF171E0D-5,1181400.00,380400.00,429000.00,372000.00,114.30,,,
A,01/01/26,08:29:00,443230323937FF171E0D-5,1181400.00,380400.00,429000.00,372000.00,114.30,,,
A,01/01/26,08:34:00,443230323937FF171E0D-5,1181400.00,380400.00,429000.00,372000.00,114.30,,,
A,01/01/26,08:39:00,443230323937FF171E0D-5,1181400.00,380400.00,429000.00,372000.00,114.30,,,
A,01/01/26,08:44:00,443230323937FF171E0D-5,1181400.00,380400.00,429000.00,372000.00,114.30,,,
A,01/01/26,08:49:00,443230323937FF171E0D-5,1181400.00,380400.00,429000.00,372000.00,114.30,,,
A,01/01/26,08:54:00,443230323937FF171E0D-5,1181400.00,380400.00,429000.00,372000.00,114.30,,,
A,01/01/26,08:59:00,443230323937FF171E0D-5,1181400.00,380400.00,429000.00,372000.00,114.30,,,
A,01/01/26,09:04:00,443230323937FF171E0D-5,1181400.00,380400.00,429000.00,372000.00,114.30,,,
A,01/01/26,09:09:00,443230323937FF171E0D-5,1181400.00,380400.00,429000.00,372000.00,114.30,,,
A,01/01/26,09:14:00,443230323937FF171E0D-5,1181400.00,380400.00,429000.00,372000.00,114.30,,,
A,01/01/26,09:19:00,443230323937FF171E0D-5,1181400.00,380400.00,429000.00,372000.00,114.30,,,
A,01/01/26,09:24:00,443230323937FF171E0D-5,1181400.00,380400.00,429000.00,372000.00,114.30,,,
A,01/01/26,09:29:00,443230323937FF171E0D-5,1181400.00,380400.00,429000.00,372000.00,114.30,,,
A,01/01/26,09:34:00,443230323937FF171E0D-5,1181400.00,380400.00,429000.00,372000.00,114.30,,,
A,01/01/26,09:39:00,443230323937FF171E0D-5,1181400.00,380400.00,429000.00,372000.00,114.30,,,
A,01/01/26,09:44:00,443230323937FF171E0D-5,1181400.00,380400.00,429000.00,372000.00,114.30,,,
A,01/01/26,09:49:00,443230323937FF171E0D-5,1181400.00,380400.00,429000.00,372000.00,114.30,,,
A,01/01/26,09:54:00,443230323937FF171E0D-5,1181400.00,380400.00,429000.00,372000.00,114.30,,,
A,01/01/26,09:59:00,443230323937FF171E0D-5,1181400.00,380400.00,429000.00,372000.00,114.30,,,
A,01/01/26,10:04:00,443230323937FF171E0D-5,1181400.00,380400.00,429000.00,372000.00,114.30,,,
A,01/01/26,10:09:00,443230323937FF171E0D-5,1181400.00,380400.00,429000.00,372000.00,114.30,,,
A,01/01/26,10:14:00,443230323937FF171E0D-5,1181400.00,380400.00,429000.00,372000.00,114.30,,,
A,01/01/26,10:19:00,443230323937FF171E0D-5,1181400.00,380400.00,429000.00,372000.00,114.30,,,
A,01/01/26,10:24:00,443230323937FF171E0D-5,1181400.00,380400.00,429000.00,372000.00,114.30,,,
A,01/01/26,10:29:00,443230323937FF171E0D-5,1181400.00,380400.00,429000.00,372000.00,114.30,,,
A,01/01/26,10:34:00,443230323937FF171E0D-5,1181400.00,380400.00,429000.00,372000.00,114.30,,,
A,01/01/26,10:39:00,443230323937FF171E0D-5,1181400.00,380400.00,429000.00,372000.00,114.30,,,
A,01/01/26,10:44:00,443230323937FF171E0D-5,1181400.00,380400.00,429000.00,372000.00,114.30,,,
A,01/01/26,10:49:00,443230323937FF171E0D-5,1181400.00,380400.00,429000.00,372000.00,114.30,,,
A,01/01/26,10:54:00,443230323937FF171E0D-5,1181400.00,380400.00,429000.00,372000.00,114.30,,,
A,01/01/26,10:59:00,443230323937FF171E0D-5,1181400.00,380400.00,429000.00,372000.00,114.30,,,
A,01/01/26,11:04:00,443230323937FF171E0D-5,1181400.00,380400.00,429000.00,372000.00,114.30,,,
A,01/01/26,11:09:00,443230323937FF171E0D-5,1181400.00,380400.00,429000.00,372000.00,114.30,,,
A,01/01/26,11:14:00,443230323937FF171E0D-5,1181400.00,380400.00,429000.00,372000.00,114.30,,,
A,01/01/26,11:19:00,443230323937FF171E0D-5,1181400.00,380400.00,429000.00,372000.00,114.30,,,
A,01/01/26,11:24:00,443230323937FF171E0D-5,1181400.00,380400.00,429000.00,372000.00,114.30,,,
A,01/01/26,11:29:00,443230323937FF171E0D-5,1181400.00,380400.00,429000.00,372000.00,114.30,,,
A,01/01/26,11:34:00,443230323937FF171E0D-5,1181400.00,380400.00,429000.00,372000.00,114.30,,,
A,01/01/26,11:39:00,443230323937FF171E0D-5,1181400.00,380400.00,429000.00,372000.00,114.30,,,
A,01/01/26,11:44:00,443230323937FF171E0D-5,1181400.00,380400.00,429000.00,372000.00,114.30,,,
A,01/01/26,11:49:00,443230323937FF171E0D-5,1181400.00,380400.00,429000.00,372000.00,114.30,,,
A,01/01/26,11:54:00,443230323937FF171E0D-5,1181400.00,380400.00,429000.00,372000.00,114.30,,,
A,01/01/26,11:59:00,443230323937FF171E0D-5,1181400.00,380400.00,429000.00,372000.00,114.30,,,
A,01/01/26,12:04:00,443230323937FF171E0D-5,1181400.00,380400.00,429000.00,372000.00,114.30,,,
A,01/01/26,12:09:00,443230323937FF171E0D-5,1181400.00,380400.00,429000.00,372000.00,114.30,,,
A,01/01/26,12:14:00,443230323937FF171E0D-5,1181400.00,380400.00,429000.00,372000.00,114.30,,,
A,01/01/26,12:19:00,443230323937FF171E0D-5,1181400.00,380400.00,429000.00,372000.00,114.30,,,
A,01/01/26,12:24:00,443230323937FF171E0D-5,1181400.00,380400.00,429000.00,372000.00,114.30,,,
A,01/01/26,12:29:00,443230323937FF171E0D-5,1181400.00,380400.00,429000.00,372000.00,114.30,,,
A,01/01/26,12:34:00,443230323937FF171E0D-5,1181400.00,380400.00,429000.00,372000.00,114.30,,,
A,01/01/26,12:39:00,443230323937FF171E0D-5,1181400.00,380400.00,429000.00,372000.00,114.30,,,
A,01/01/26,12:44:00,443230323937FF171E0D-5,1181400.00,380400.00,429000.00,372000.00,114.30,,,
A,01/01/26,12:49:00,443230323937FF171E0D-5,1181400.00,380400.00,429000.00,372000.00,114.30,,,
A,01/01/26,12:54:00,443230323937FF171E0D-5,1181400.00,380400.00,429000.00,372000.00,114.30,,,
A,01/01/26,12:59:00,443230323937FF171E0D-5,1181400.00,380400.00,429000.00,372000.00,114.30,,,
A,01/01/26,13:04:00,443230323937FF171E0D-5,1181400.00,380400.00,429000.00,372000.00,114.30,,,
A,01/01/26,13:09:00,443230323937FF171E0D-5,1181400.00,380400.00,429000.00,372000.00,114.30,,,
A,01/01/26,13:14:00,443230323937FF171E0D-5,1181400.00,380400.00,429000.00,372000.00,114.30,,,
A,01/01/26,13:19:00,443230323937FF171E0D-5,1181400.00,380400.00,429000.00,372000.00,114.30,,,
A,01/01/26,13:24:00,443230323937FF171E0D-5,1181400.00,380400.00,429000.00,372000.00,114.30,,,
A,01/01/26,13:29:00,443230323937FF171E0D-5,1181400.00,380400.00,429000.00,372000.00,114.30,,,
A,01/01/26,13:34:00,443230323937FF171E0D-5,1181400.00,380400.00,429000.00,372000.00,114.30,,,
A,01/01/26,13:39:00,443230323937FF171E0D-5,1181400.00,380400.00,429000.00,372000.00,114.30,,,
A,01/01/26,13:44:00,443230323937FF171E0D-5,1181400.00,380400.00,429000.00,372000.00,114.30,,,
A,01/01/26,13:49:00,443230323937FF171E0D-5,1181400.00,380400.00,429000.00,372000.00,114.30,,,
A,01/01/26,13:54:00,443230323937FF171E0D-5,1181400.00,380400.00,429000.00,372000.00,114.30,,,
A,01/01/26,13:59:00,443230323937FF171E0D-5,1181400.00,380400.00,429000.00,372000.00,114.30,,,
A,01/01/26,14:04:00,443230323937FF171E0D-5,1181400.00,380400.00,429000.00,372000.00,114.30,,,
A,01/01/26,14:09:00,443230323937FF171E0D-5,1181400.00,380400.00,429000.00,372000.00,114.30,,,
A,01/01/26,14:14:00,443230323937FF171E0D-5,1181400.00,380400.00,429000.00,372000.00,114.30,,,
A,01/01/26,14:19:00,443230323937FF171E0D-5,1181400.00,380400.00,429000.00,372000.00,114.30,,,
A,01/01/26,14:24:00,443230323937FF171E0D-5,1181400.00,380400.00,429000.00,372000.00,114.30,,,
A,01/01/26,14:29:00,443230323937FF171E0D-5,1181400.00,380400.00,429000.00,372000.00,114.30,,,
A,01/01/26,14:34:00,443230323937FF171E0D-5,1181400.00,380400.00,429000.00,372000.00,114.30,,,
A,01/01/26,14:39:00,443230323937FF171E0D-5,1181400.00,380400.00,429000.00,372000.00,114.30,,,
A,01/01/26,14:44:00,443230323937FF171E0D-5,1181400.00,380400.00,429000.00,372000.00,114.30,,,
A,01/01/26,14:49:00,443230323937FF171E0D-5,1181400.00,380400.00,429000.00,372000.00,114.30,,,
A,01/01/26,14:54:00,443230323937FF171E0D-5,1181400.00,380400.00,429000.00,372000.00,114.30,,,
A,01/01/26,14:59:00,443230323937FF171E0D-5,1181400.00,380400.00,429000.00,372000.00,114.30,,,
A,01/01/26,15:04:00,443230323937FF171E0D-5,1181400.00,380400.00,429000.00,372000.00,114.30,,,
A,01/01/26,15:09:00,443230323937FF171E0D-5,1181400.00,380400.00,429000.00,372000.00,114.30,,,
A,01/01/26,15:14:00,443230323937FF171E0D-5,1181400.00,380400.00,429000.00,372000.00,114.30,,,
A,01/01/26,15:19:00,443230323937FF171E0D-5,1181400.00,380400.00,429000.00,372000.00,114.30,,,
A,01/01/26,15:24:00,443230323937FF171E0D-5,1181400.00,380400.00,429000.00,372000.00,114.30,,,
A,01/01/26,15:29:00,443230323937FF171E0D-5,1181400.00,380400.00,429000.00,372000.00,114.30,,,
A,01/01/26,15:34:00,443230323937FF171E0D-5,1181400.00,380400.00,429000.00,372000.00,114.30,,,
A,01/01/26,15:39:00,443230323937FF171E0D-5,1181400.00,380400.00,429000.00,372000.00,114.30,,,
A,01/01/26,15:44:00,443230323937FF171E0D-5,1181400.00,380400.00,429000.00,372000.00,114.30,,,
A,01/01/26,15:49:00,443230323937FF171E0D-5,1181400.00,380400.00,429000.00,372000.00,114.30,,,
A,01/01/26,15:54:00,443230323937FF171E0D-5,1181400.00,380400.00,429000.00,372000.00,114.30,,,
A,01/01/26,15:59:00,443230323937FF171E0D-5,1181400.00,380400.00,429000.00,372000.00,114.30,,,
A,01/01/26,16:04:00,443230323937FF171E0D-5,1181400.00,380400.00,429000.00,372000.00,114.30,,,
A,01/01/26,16:09:00,443230323937FF171E0D-5,1181400.00,380400.00,429000.00,372000.00,114.30,,,
A,01/01/26,16:14:00,443230323937FF171E0D-5,1181400.00,380400.00,429000.00,372000.00,114.30,,,
A,01/01/26,16:19:00,443230323937FF171E0D-5,1181400.00,380400.00,429000.00,372000.00,114.30,,,
A,01/01/26,16:24:00,443230323937FF171E0D-5,1181400.00,380400.00,429000.00,372000.00,114.30,,,
A,01/01/26,16:29:00,443230323937FF171E0D-5,1181400.00,380400.00,429000.00,372000.00,114.30,,,
A,01/01/26,16:34:00,443230323937FF171E0D-5,1181400.00,380400.00,429000.00,372000.00,114.30,,,
A,01/01/26,16:39:00,443230323937FF171E0D-5,1181400.00,380400.00,429000.00,372000.00,114.30,,,
A,01/01/26,16:44:00,443230323937FF171E0D-5,1181400.00,380400.00,429000.00,372000.00,114.30,,,
A,01/01/26,16:49:00,443230323937FF171E0D-5,1181400.00,380400.00,429000.00,372000.00,114.30,,,
A,01/01/26,16:54:00,443230323937FF171E0D-5,1181400.00,380400.00,429000.00,372000.00,114.30,,,
A,01/01/26,16:59:00,443230323937FF171E0D-5,1181400.00,380400.00,429000.00,372000.00,114.30,,,
A,01/01/26,17:04:00,443230323937FF171E0D-5,1181400.00,380400.00,429000.00,372000.00,114.30,,,
A,01/01/26,17:09:00,443230323937FF171E0D-5,1181400.00,380400.00,429000.00,372000.00,114.30,,,
A,01/01/26,17:14:00,443230323937FF171E0D-5,1181400.00,380400.00,429000.00,372000.00,114.30,,,
A,01/01/26,17:19:00,443230323937FF171E0D-5,1181400.00,380400.00,429000.00,372000.00,114.30,,,
A,01/01/26,17:24:00,443230323937FF171E0D-5,1181400.00,380400.00,429000.00,372000.00,114.30,,,
A,01/01/26,17:29:00,443230323937FF171E0D-5,1181400.00,380400.00,429000.00,372000.00,114.30,,,
A,01/01/26,17:34:00,443230323937FF171E0D-5,1181400.00,380400.00,429000.00,372000.00,114.30,,,
A,01/01/26,17:39:00,443230323937FF171E0D-5,1181400.00,380400.00,429000.00,372000.00,114.30,,,
A,01/01/26,17:44:00,443230323937FF171E0D-5,1181400.00,380400.00,429000.00,372000.00,114.30,,,
A,01/01/26,17:49:00,443230323937FF171E0D-5,1181400.00,380400.00,429000.00,372000.00,114.30,,,
A,01/01/26,17:54:00,443230323937FF171E0D-5,1181400.00,380400.00,429000.00,372000.00,114.30,,,
A,01/01/26,17:59:00,443230323937FF171E0D-5,1181400.00,380400.00,429000.00,372000.00,114.30,,,
A,01/01/26,18:04:00,443230323937FF171E0D-5,1181400.00,380400.00,429000.00,372000.00,114.30,,,
A,01/01/26,18:09:00,443230323937FF171E0D-5,1181400.00,380400.00,429000.00,372000.00,114.30,,,
A,01/01/26,18:14:00,443230323937FF171E0D-5,1181400.00,380400.00,429000.00,372000.00,114.30,,,
A,01/01/26,18:19:00,443230323937FF171E0D-5,1181400.00,380400.00,429000.00,372000.00,114.30,,,
A,01/01/26,18:24:00,443230323937FF171E0D-5,1181400.00,380400.00,429000.00,372000.00,114.30,,,
A,01/01/26,18:29:00,443230323937FF171E0D-5,1181400.00,380400.00,429000.00,372000.00,114.30,,,
A,01/01/26,18:34:00,443230323937FF171E0D-5,1181400.00,380400.00,429000.00,372000.00,114.30,,,
A,01/01/26,18:39:00,443230323937FF171E0D-5,1181400.00,380400.00,429000.00,372000.00,114.30,,,
A,01/01/26,18:44:00,443230323937FF171E0D-5,1181400.00,380400.00,429000.00,372000.00,114.30,,,
A,01/01/26,18:49:00,443230323937FF171E0D-5,1181400.00,380400.00,429000.00,372000.00,114.30,,,
A,01/01/26,18:54:00,443230323937FF171E0D-5,1181400.00,380400.00,429000.00,372000.00,114.30,,,
A,01/01/26,18:59:00,443230323937FF171E0D-5,1181400.00,380400.00,429000.00,372000.00,114.30,,,
A,01/01/26,19:04:00,443230323937FF171E0D-5,1181400.00,380400.00,429000.00,372000.00,114.30,,,
A,01/01/26,19:09:00,443230323937FF171E0D-5,1181400.00,380400.00,429000.00,372000.00,114.30,,,
A,01/01/26,19:14:00,443230323937FF171E0D-5,1181400.00,380400.00,429000.00,372000.00,114.30,,,
A,01/01/26,19:19:00,443230323937FF171E0D-5,1181400.00,380400.00,429000.00,372000.00,114.30,,,
A,01/01/26,19:24:00,443230323937FF171E0D-5,1181400.00,380400.00,429000.00,372000.00,114.30,,,
A,01/01/26,19:29:00,443230323937FF171E0D-5,1181400.00,380400.00,429000.00,372000.00,114.30,,,
A,01/01/26,19:34:00,443230323937FF171E0D-5,1181400.00,380400.00,429000.00,372000.00,114.30,,,
A,01/01/26,19:39:00,443230323937FF171E0D-5,1181400.00,380400.00,429000.00,372000.00,114.30,,,
A,01/01/26,19:44:00,443230323937FF171E0D-5,1181400.00,380400.00,429000.00,372000.00,114.30,,,
A,01/01/26,19:49:00,443230323937FF171E0D-5,1181400.00,380400.00,429000.00,372000.00,114.30,,,
A,01/01/26,19:54:00,443230323937FF171E0D-5,1181400.00,380400.00,429000.00,372000.00,114.30,,,
A,01/01/26,19:59:00,443230323937FF171E0D-5,1181400.00,380400.00,429000.00,372000.00,114.30,,,
A,01/01/26,20:04:00,443230323937FF171E0D-5,1181400.00,380400.00,429000.00,372000.00,114.30,,,
A,01/01/26,20:09:00,443230323937FF171E0D-5,1181400.00,380400.00,429000.00,372000.00,114.30,,,
A,01/01/26,20:14:00,443230323937FF171E0D-5,1181400.00,380400.00,429000.00,372000.00,114.30,,,
A,01/01/26,20:19:00,443230323937FF171E0D-5,1181400.00,380400.00,429000.00,372000.00,114.30,,,
A,01/01/26,20:24:00,443230323937FF171E0D-5,1181400.00,380400.00,429000.00,372000.00,114.30,,,
A,01/01/26,20:29:00,443230323937FF171E0D-5,1181400.00,380400.00,429000.00,372000.00,114.30,,,
A,01/01/26,20:34:00,443230323937FF171E0D-5,1181400.00,380400.00,429000.00,372000.00,114.30,,,
A,01/01/26,20:39:00,443230323937FF171E0D-5,1181400.00,380400.00,429000.00,372000.00,114.30,,,
A,01/01/26,20:44:00,443230323937FF171E0D-5,1181400.00,380400.00,429000.00,372000.00,114.30,,,
A,01/01/26,20:49:00,443230323937FF171E0D-5,1181400.00,380400.00,429000.00,372000.00,114.30,,,
A,01/01/26,20:54:00,443230323937FF171E0D-5,1181400.00,380400.00,429000.00,372000.00,114.30,,,
A,01/01/26,20:59:00,443230323937FF171E0D-5,1181400.00,380400.00,429000.00,372000.00,114.30,,,
A,01/01/26,21:04:00,443230323937FF171E0D-5,1181400.00,380400.00,429000.00,372000.00,114.30,,,
A,01/01/26,21:09:00,443230323937FF171E0D-5,1181400.00,380400.00,429000.00,372000.00,114.30,,,
A,01/01/26,21:14:00,443230323937FF171E0D-5,1181400.00,380400.00,429000.00,372000.00,114.30,,,
A,01/01/26,21:19:00,443230323937FF171E0D-5,1181400.00,380400.00,429000.00,372000.00,114.30,,,
A,01/01/26,21:24:00,443230323937FF171E0D-5,1181400.00,380400.00,429000.00,372000.00,114.30,,,
A,01/01/26,21:29:00,443230323937FF171E0D-5,1181400.00,380400.00,429000.00,372000.00,114.30,,,
A,01/01/26,21:34:00,443230323937FF171E0D-5,1181400.00,380400.00,429000.00,372000.00,114.30,,,
A,01/01/26,21:39:00,443230323937FF171E0D-5,1181400.00,380400.00,429000.00,372000.00,114.30,,,
A,01/01/26,21:44:00,443230323937FF171E0D-5,1181400.00,380400.00,429000.00,372000.00,114.30,,,
A,01/01/26,21:49:00,443230323937FF171E0D-5,1181400.00,380400.00,429000.00,372000.00,114.30,,,
A,01/01/26,21:54:00,443230323937FF171E0D-5,1181400.00,380400.00,429000.00,372000.00,114.30,,,
A,01/01/26,21:59:00,443230323937FF171E0D-5,1181400.00,380400.00,429000.00,372000.00,114.30,,,
A,01/01/26,22:04:00,443230323937FF171E0D-5,1181400.00,380400.00,429000.00,372000.00,114.30,,,
A,01/01/26,22:09:00,443230323937FF171E0D-5,1181400.00,380400.00,429000.00,372000.00,114.30,,,
A,01/01/26,22:14:00,443230323937FF171E0D-5,1181400.00,380400.00,429000.00,372000.00,114.30,,,
A,01/01/26,22:19:00,443230323937FF171E0D-5,1181400.00,380400.00,429000.00,372000.00,114.30,,,
A,01/01/26,22:24:00,443230323937FF171E0D-5,1181400.00,380400.00,429000.00,372000.00,114.30,,,
A,01/01/26,22:29:00,443230323937FF171E0D-5,1181400.00,380400.00,429000.00,372000.00,114.30,,,
A,01/01/26,22:34:00,443230323937FF171E0D-5,1181400.00,380400.00,429000.00,372000.00,114.30,,,
A,01/01/26,22:39:00,443230323937FF171E0D-5,1181400.00,380400.00,429000.00,372000.00,114.30,,,
A,01/01/26,22:44:00,443230323937FF171E0D-5,1181400.00,380400.00,429000.00,372000.00,114.30,,,
A,01/01/26,22:49:00,443230323937FF171E0D-5,1181400.00,380400.00,429000.00,372000.00,114.30,,,
A,01/01/26,22:54:00,443230323937FF171E0D-5,1181400.00,380400.00,429000.00,372000.00,114.30,,,
A,01/01/26,22:59:00,443230323937FF171E0D-5,1181400.00,380400.00,429000.00,372000.00,114.30,,,
A,01/01/26,23:04:00,443230323937FF171E0D-5,1181400.00,380400.00,429000.00,372000.00,114.30,,,
A,01/01/26,23:09:00,443230323937FF171E0D-5,1181400.00,380400.00,429000.00,372000.00,114.30,,,
A,01/01/26,23:14:00,443230323937FF171E0D-5,1181400.00,380400.00,429000.00,372000.00,114.30,,,
A,01/01/26,23:19:00,443230323937FF171E0D-5,1181400.00,380400.00,429000.00,372000.00,114.30,,,
A,01/01/26,23:24:00,443230323937FF171E0D-5,1181400.00,380400.00,429000.00,372000.00,114.30,,,
A,01/01/26,23:29:00,443230323937FF171E0D-5,1181400.00,380400.00,429000.00,372000.00,114.30,,,
A,01/01/26,23:34:00,443230323937FF171E0D-5,1181400.00,380400.00,429000.00,372000.00,114.30,,,
A,01/01/26,23:39:00,443230323937FF171E0D-5,1181400.00,380400.00,429000.00,372000.00,114.30,,,
A,01/01/26,23:44:00,443230323937FF171E0D-5,1181400.00,380400.00,429000.00,372000.00,114.30,,,
A,01/01/26,23:49:00,443230323937FF171E0D-5,1181400.00,380400.00,429000.00,372000.00,114.30,,,
A,01/01/26,23:54:00,443230323937FF171E0D-5,1181400.00,380400.00,429000.00,372000.00,114.30,,,
A,01/01/26,23:59:00,443230323937FF171E0D-5,1181400.00,380400.00,429000.00,372000.00,114.30,,,
A,02/01/26,00:04:00,443230323937FF171E0D-5,1181400.00,380400.00,429000.00,372000.00,114.30,,,
A,02/01/26,00:09:00,443230323937FF171E0D-5,1181400.00,380400.00,429000.00,372000.00,114.30,,,
A,02/01/26,00:14:00,443230323937FF171E0D-5,1181400.00,380400.00,429000.00,372000.00,114.30,,,
A,02/01/26,00:19:00,443230323937FF171E0D-5,1181400.00,380400.00,429000.00,372000.00,114.30,,,
A,02/01/26,00:24:00,443230323937FF171E0D-5,1181400.00,380400.00,429000.00,372000.00,114.30,,,
A,02/01/26,00:29:00,443230323937FF171E0D-5,1181400.00,380400.00,429000.00,372000.00,114.30,,,
A,02/01/26,00:34:00,443230323937FF171E0D-5,1181400.00,380400.00,429000.00,372000.00,114.30,,,
A,02/01/26,00:39:00,443230323937FF171E0D-5,1181400.00,380400.00,429000.00,372000.00,114.30,,,
A,02/01/26,00:44:00,443230323937FF171E0D-5,1181400.00,380400.00,429000.00,372000.00,114.30,,,
A,02/01/26,00:49:00,443230323937FF171E0D-5,1181400.00,380400.00,429000.00,372000.00,114.30,,,
A,02/01/26,00:54:00,443230323937FF171E0D-5,1181400.00,380400.00,429000.00,372000.00,114.30,,,
A,02/01/26,00:59:00,443230323937FF171E0D-5,1181400.00,380400.00,429000.00,372000.00,114.30,,,
A,02/01/26,01:04:00,443230323937FF171E0D-5,1181400.00,380400.00,429000.00,372000.00,114.30,,,
A,02/01/26,01:09:00,443230323937FF171E0D-5,1181400.00,380400.00,429000.00,372000.00,114.30,,,
A,02/01/26,01:14:00,443230323937FF171E0D-5,1181400.00,380400.00,429000.00,372000.00,114.30,,,
A,02/01/26,01:19:00,443230323937FF171E0D-5,1181400.00,380400.00,429000.00,372000.00,114.30,,,
A,02/01/26,01:24:00,443230323937FF171E0D-5,1181400.00,380400.00,429000.00,372000.00,114.30,,,
A,02/01/26,01:29:00,443230323937FF171E0D-5,1181400.00,380400.00,429000.00,372000.00,114.30,,,
A,02/01/26,01:34:00,443230323937FF171E0D-5,1181400.00,380400.00,429000.00,372000.00,114.30,,,
A,02/01/26,01:39:00,443230323937FF171E0D-5,1181400.00,380400.00,429000.00,372000.00,114.30,,,
A,02/01/26,01:44:00,443230323937FF171E0D-5,1181400.00,380400.00,429000.00,372000.00,114.30,,,
A,02/01/26,01:49:00,443230323937FF171E0D-5,1181400.00,380400.00,429000.00,372000.00,114.30,,,
A,02/01/26,01:54:00,443230323937FF171E0D-5,1181400.00,380400.00,429000.00,372000.00,114.30,,,
A,02/01/26,01:59:00,443230323937FF171E0D-5,1181400.00,380400.00,429000.00,372000.00,114.30,,,
A,02/01/26,02:04:00,443230323937FF171E0D-5,1181400.00,380400.00,429000.00,372000.00,114.30,,,
A,02/01/26,02:09:00,443230323937FF171E0D-5,1181400.00,380400.00,429000.00,372000.00,114.30,,,
A,02/01/26,02:14:00,443230323937FF171E0D-5,1181400.00,380400.00,429000.00,372000.00,114.30,,,
A,02/01/26,02:19:00,443230323937FF171E0D-5,1181400.00,380400.00,429000.00,372000.00,114.30,,,
A,02/01/26,02:24:00,443230323937FF171E0D-5,1181400.00,380400.00,429000.00,372000.00,114.30,,,
A,02/01/26,02:29:00,443230323937FF171E0D-5,1181400.00,380400.00,429000.00,372000.00,114.30,,,
A,02/01/26,02:34:00,443230323937FF171E0D-5,1181400.00,380400.00,429000.00,372000.00,114.30,,,
A,02/01/26,02:39:00,443230323937FF171E0D-5,1181400.00,380400.00,429000.00,372000.00,114.30,,,
A,02/01/26,02:44:00,443230323937FF171E0D-5,1181400.00,380400.00,429000.00,372000.00,114.30,,,
A,02/01/26,02:49:00,443230323937FF171E0D-5,1181400.00,380400.00,429000.00,372000.00,114.30,,,
A,02/01/26,02:54:00,443230323937FF171E0D-5,1181400.00,380400.00,429000.00,372000.00,114.30,,,
A,02/01/26,02:59:00,443230323937FF171E0D-5,1181400.00,380400.00,429000.00,372000.00,114.30,,,
A,02/01/26,03:04:00,443230323937FF171E0D-5,1181400.00,380400.00,429000.00,372000.00,114.30,,,
A,02/01/26,03:09:00,443230323937FF171E0D-5,1181400.00,380400.00,429000.00,372000.00,114.30,,,
A,02/01/26,03:14:00,443230323937FF171E0D-5,1181400.00,380400.00,429000.00,372000.00,114.30,,,
A,02/01/26,03:19:00,443230323937FF171E0D-5,1181400.00,380400.00,429000.00,372000.00,114.30,,,
A,02/01/26,03:24:00,443230323937FF171E0D-5,1181400.00,380400.00,429000.00,372000.00,114.30,,,
A,02/01/26,03:29:00,443230323937FF171E0D-5,1181400.00,380400.00,429000.00,372000.00,114.30,,,
A,02/01/26,03:34:00,443230323937FF171E0D-5,1181400.00,380400.00,429000.00,372000.00,114.30,,,
A,02/01/26,03:39:00,443230323937FF171E0D-5,1181400.00,380400.00,429000.00,372000.00,114.30,,,
A,02/01/26,03:44:00,443230323937FF171E0D-5,1181400.00,380400.00,429000.00,372000.00,114.30,,,
A,02/01/26,03:49:00,443230323937FF171E0D-5,1181400.00,380400.00,429000.00,372000.00,114.30,,,
A,02/01/26,03:54:00,443230323937FF171E0D-5,1181400.00,380400.00,429000.00,372000.00,114.30,,,
A,02/01/26,03:59:00,443230323937FF171E0D-5,1181400.00,380400.00,429000.00,372000.00,114.30,,,
A,02/01/26,04:04:00,443230323937FF171E0D-5,1181400.00,380400.00,429000.00,372000.00,114.30,,,
A,02/01/26,04:09:00,443230323937FF171E0D-5,1181400.00,380400.00,429000.00,372000.00,114.30,,,
A,02/01/26,04:14:00,443230323937FF171E0D-5,1181400.00,380400.00,429000.00,372000.00,114.30,,,
A,02/01/26,04:19:00,443230323937FF171E0D-5,1181400.00,380400.00,429000.00,372000.00,114.30,,,
A,02/01/26,04:24:00,443230323937FF171E0D-5,1181400.00,380400.00,429000.00,372000.00,114.30,,,
A,02/01/26,04:29:00,443230323937FF171E0D-5,1181400.00,380400.00,429000.00,372000.00,114.30,,,
A,02/01/26,04:34:00,443230323937FF171E0D-5,1181400.00,380400.00,429000.00,372000.00,114.30,,,
A,02/01/26,04:39:00,443230323937FF171E0D-5,1181400.00,380400.00,429000.00,372000.00,114.30,,,
A,02/01/26,04:44:00,443230323937FF171E0D-5,1181400.00,380400.00,429000.00,372000.00,114.30,,,
A,02/01/26,04:49:00,443230323937FF171E0D-5,1181400.00,380400.00,429000.00,372000.00,114.30,,,
A,02/01/26,04:54:00,443230323937FF171E0D-5,1181400.00,380400.00,429000.00,372000.00,114.30,,,
A,02/01/26,04:59:00,443230323937FF171E0D-5,1181400.00,380400.00,429000.00,372000.00,114.30,,,
A,02/01/26,05:04:00,443230323937FF171E0D-5,1181400.00,380400.00,429000.00,372000.00,114.30,,,
A,02/01/26,05:09:00,443230323937FF171E0D-5,1181400.00,380400.00,429000.00,372000.00,114.30,,,
A,02/01/26,05:14:00,443230323937FF171E0D-5,1181400.00,380400.00,429000.00,372000.00,114.30,,,
A,02/01/26,05:19:00,443230323937FF171E0D-5,1181400.00,380400.00,429000.00,372000.00,114.30,,,
A,02/01/26,05:24:00,443230323937FF171E0D-5,1181400.00,380400.00,429000.00,372000.00,114.30,,,
A,02/01/26,05:29:00,443230323937FF171E0D-5,1181400.00,380400.00,429000.00,372000.00,114.30,,,
A,02/01/26,05:34:00,443230323937FF171E0D-5,1181400.00,380400.00,429000.00,372000.00,114.30,,,
A,02/01/26,05:39:00,443230323937FF171E0D-5,1181400.00,380400.00,429000.00,372000.00,114.30,,,
A,02/01/26,05:44:00,443230323937FF171E0D-5,1181400.00,380400.00,429000.00,372000.00,114.30,,,
A,02/01/26,05:49:00,443230323937FF171E0D-5,1181400.00,380400.00,429000.00,372000.00,114.30,,,
A,02/01/26,05:54:00,443230323937FF171E0D-5,1181400.00,380400.00,429000.00,372000.00,114.30,,,
A,02/01/26,05:59:00,443230323937FF171E0D-5,1181400.00,380400.00,429000.00,372000.00,114.30,,,
A,02/01/26,06:04:00,443230323937FF171E0D-5,1181400.00,380400.00,429000.00,372000.00,114.30,,,
A,02/01/26,06:09:00,443230323937FF171E0D-5,1181400.00,380400.00,429000.00,372000.00,114.30,,,
A,02/01/26,06:14:00,443230323937FF171E0D-5,1181400.00,380400.00,429000.00,372000.00,114.30,,,
A,02/01/26,06:19:00,443230323937FF171E0D-5,1181400.00,380400.00,429000.00,372000.00,114.30,,,
A,02/01/26,06:24:00,443230323937FF171E0D-5,1181400.00,380400.00,429000.00,372000.00,114.30,,,
A,02/01/26,06:29:00,443230323937FF171E0D-5,1181400.00,380400.00,429000.00,372000.00,114.30,,,
A,02/01/26,06:34:00,443230323937FF171E0D-5,1181400.00,380400.00,429000.00,372000.00,114.30,,,
A,02/01/26,06:39:00,443230323937FF171E0D-5,1181400.00,380400.00,429000.00,372000.00,114.30,,,
A,02/01/26,06:44:00,443230323937FF171E0D-5,1181400.00,380400.00,429000.00,372000.00,114.30,,,
A,02/01/26,06:49:00,443230323937FF171E0D-5,1181400.00,380400.00,429000.00,372000.00,114.30,,,
A,02/01/26,06:54:00,443230323937FF171E0D-5,1181400.00,380400.00,429000.00,372000.00,114.30,,,
A,02/01/26,06:59:00,443230323937FF171E0D-5,1181400.00,380400.00,429000.00,372000.00,114.36,,,
A,02/01/26,07:04:00,443230323937FF171E0D-5,1181400.00,380400.00,429000.00,372000.00,114.72,,,
A,02/01/26,07:09:00,443230323937FF171E0D-5,1181400.00,380400.00,429000.00,372000.00,115.02,,,
A,02/01/26,07:14:00,443230323937FF171E0D-5,1181400.00,380400.00,429000.00,372000.00,115.26,,,
A,02/01/26,07:19:00,443230323937FF171E0D-5,1181400.00,380400.00,429000.00,372000.00,115.62,,,
A,02/01/26,07:24:00,443230323937FF171E0D-5,1181400.00,380400.00,429000.00,372000.00,115.92,,,
A,02/01/26,07:29:00,443230323937FF171E0D-5,1181400.00,380400.00,429000.00,372000.00,116.22,,,
A,02/01/26,07:34:00,443230323937FF171E0D-5,1181400.00,380400.00,429000.00,372000.00,116.52,,,
A,02/01/26,07:39:00,443230323937FF171E0D-5,1181400.00,380400.00,429000.00,372000.00,116.88,,,
A,02/01/26,07:44:00,443230323937FF171E0D-5,1181400.00,380400.00,429000.00,372000.00,117.12,,,
A,02/01/26,07:49:00,443230323937FF171E0D-5,1181400.00,380400.00,429000.00,372000.00,117.42,,,
A,02/01/26,07:54:00,443230323937FF171E0D-5,1181400.00,380400.00,429000.00,372000.00,117.78,,,
A,02/01/26,07:59:00,443230323937FF171E0D-5,1181400.00,380400.00,429000.00,372000.00,118.08,,,
A,02/01/26,08:04:00,443230323937FF171E0D-5,1181400.00,380400.00,429000.00,372000.00,118.38,,,
A,02/01/26,08:09:00,443230323937FF171E0D-5,1181400.00,380400.00,429000.00,372000.00,118.62,,,
A,02/01/26,08:14:00,443230323937FF171E0D-5,1181400.00,380400.00,429000.00,372000.00,118.98,,,
A,02/01/26,08:19:00,443230323937FF171E0D-5,1181400.00,380400.00,429000.00,372000.00,119.22,,,
A,02/01/26,08:24:00,443230323937FF171E0D-5,1181400.00,380400.00,429000.00,372000.00,119.58,,,
A,02/01/26,08:29:00,443230323937FF171E0D-5,1181400.00,380400.00,429000.00,372000.00,119.94,,,
A,02/01/26,08:34:00,443230323937FF171E0D-5,1181400.00,380400.00,429000.00,372000.00,120.12,,,
A,02/01/26,08:39:00,443230323937FF171E0D-5,1181400.00,380400.00,429000.00,372000.00,120.48,,,
A,02/01/26,08:44:00,443230323937FF171E0D-5,1181400.00,380400.00,429000.00,372000.00,120.78,,,
A,02/01/26,08:49:00,443230323937FF171E0D-5,1181400.00,380400.00,429000.00,372000.00,121.08,,,
A,02/01/26,08:54:00,443230323937FF171E0D-5,1181400.00,380400.00,429000.00,372000.00,121.32,,,
A,02/01/26,08:59:00,443230323937FF171E0D-5,1181400.00,380400.00,429000.00,372000.00,121.68,,,
A,02/01/26,09:04:00,443230323937FF171E0D-5,1181400.00,380400.00,429000.00,372000.00,121.92,,,
A,02/01/26,09:09:00,443230323937FF171E0D-5,1181400.00,380400.00,429000.00,372000.00,122.28,,,
A,02/01/26,09:14:00,443230323937FF171E0D-5,1181400.00,380400.00,429000.00,372000.00,122.58,,,
A,02/01/26,09:19:00,443230323937FF171E0D-5,1181400.00,380400.00,429000.00,372000.00,122.88,,,
A,02/01/26,09:24:00,443230323937FF171E0D-5,1181400.00,380400.00,429000.00,372000.00,123.12,,,
A,02/01/26,09:29:00,443230323937FF171E0D-5,1181400.00,380400.00,429000.00,372000.00,123.48,,,
A,02/01/26,09:34:00,443230323937FF171E0D-5,1181400.00,380400.00,429000.00,372000.00,123.84,,,
A,02/01/26,09:39:00,443230323937FF171E0D-5,1181400.00,380400.00,429000.00,372000.00,124.02,,,
A,02/01/26,09:44:00,443230323937FF171E0D-5,1181400.00,380400.00,429000.00,372000.00,124.38,,,
A,02/01/26,09:49:00,443230323937FF171E0D-5,1181400.00,380400.00,429000.00,372000.00,124.68,,,
A,02/01/26,09:54:00,443230323937FF171E0D-5,1181400.00,380400.00,429000.00,372000.00,124.98,,,
A,02/01/26,09:59:00,443230323937FF171E0D-5,1181400.00,380400.00,429000.00,372000.00,125.22,,,
A,02/01/26,10:04:00,443230323937FF171E0D-5,1181400.00,380400.00,429000.00,372000.00,125.58,,,
A,02/01/26,10:09:00,443230323937FF171E0D-5,1181400.00,380400.00,429000.00,372000.00,125.82,,,
A,02/01/26,10:14:00,443230323937FF171E0D-5,1181400.00,380400.00,429000.00,372000.00,126.18,,,
A,02/01/26,10:19:00,443230323937FF171E0D-5,1181400.00,380400.00,429000.00,372000.00,126.42,,,
A,02/01/26,10:24:00,443230323937FF171E0D-5,1181400.00,380400.00,429000.00,372000.00,126.78,,,
A,02/01/26,10:29:00,443230323937FF171E0D-5,1181400.00,380400.00,429000.00,372000.00,127.02,,,
A,02/01/26,10:34:00,443230323937FF171E0D-5,1181400.00,380400.00,429000.00,372000.00,127.38,,,
A,02/01/26,10:39:00,443230323937FF171E0D-5,1181400.00,380400.00,429000.00,372000.00,127.62,,,
A,02/01/26,10:44:00,443230323937FF171E0D-5,1181400.00,380400.00,429000.00,372000.00,127.92,,,
A,02/01/26,10:49:00,443230323937FF171E0D-5,1181400.00,380400.00,429000.00,372000.00,128.22,,,
A,02/01/26,10:54:00,443230323937FF171E0D-5,1181400.00,380400.00,429000.00,372000.00,128.58,,,
A,02/01/26,10:59:00,443230323937FF171E0D-5,1181400.00,380400.00,429000.00,372000.00,128.76,,,
A,02/01/26,11:04:00,443230323937FF171E0D-5,1181400.00,380400.00,429000.00,372000.00,129.12,,,
A,02/01/26,11:09:00,443230323937FF171E0D-5,1181400.00,380400.00,429000.00,372000.00,129.48,,,
A,02/01/26,11:14:00,443230323937FF171E0D-5,1181400.00,380400.00,429000.00,372000.00,129.72,,,
A,02/01/26,11:19:00,443230323937FF171E0D-5,1181400.00,380400.00,429000.00,372000.00,130.02,,,
A,02/01/26,11:24:00,443230323937FF171E0D-5,1181400.00,380400.00,429000.00,372000.00,130.32,,,
A,02/01/26,11:29:00,443230323937FF171E0D-5,1181400.00,380400.00,429000.00,372000.00,130.62,,,
A,02/01/26,11:34:00,443230323937FF171E0D-5,1181400.00,380400.00,429000.00,372000.00,130.86,,,
A,02/01/26,11:39:00,443230323937FF171E0D-5,1181400.00,380400.00,429000.00,372000.00,131.22,,,
A,02/01/26,11:44:00,443230323937FF171E0D-5,1181400.00,380400.00,429000.00,372000.00,131.46,,,
A,02/01/26,11:49:00,443230323937FF171E0D-5,1181400.00,380400.00,429000.00,372000.00,131.82,,,
A,02/01/26,11:54:00,443230323937FF171E0D-5,1181400.00,380400.00,429000.00,372000.00,132.06,,,
A,02/01/26,11:59:00,443230323937FF171E0D-5,1181400.00,380400.00,429000.00,372000.00,132.36,,,
A,02/01/26,12:04:00,443230323937FF171E0D-5,1181400.00,380400.00,429000.00,372000.00,132.66,,,
A,02/01/26,12:09:00,443230323937FF171E0D-5,1181400.00,380400.00,429000.00,372000.00,133.02,,,
A,02/01/26,12:14:00,443230323937FF171E0D-5,1181400.00,380400.00,429000.00,372000.00,133.20,,,
A,02/01/26,12:19:00,443230323937FF171E0D-5,1181400.00,380400.00,429000.00,372000.00,133.56,,,
A,02/01/26,12:24:00,443230323937FF171E0D-5,1181400.00,380400.00,429000.00,372000.00,133.86,,,
A,02/01/26,12:29:00,443230323937FF171E0D-5,1181400.00,380400.00,429000.00,372000.00,134.16,,,
A,02/01/26,12:34:00,443230323937FF171E0D-5,1181400.00,380400.00,429000.00,372000.00,134.52,,,
A,02/01/26,12:39:00,443230323937FF171E0D-5,1181400.00,380400.00,429000.00,372000.00,134.76,,,
A,02/01/26,12:44:00,443230323937FF171E0D-5,1181400.00,380400.00,429000.00,372000.00,135.06,,,
A,02/01/26,12:49:00,443230323937FF171E0D-5,1181400.00,380400.00,429000.00,372000.00,135.36,,,
A,02/01/26,12:54:00,443230323937FF171E0D-5,1181400.00,380400.00,429000.00,372000.00,135.72,,,
A,02/01/26,12:59:00,443230323937FF171E0D-5,1181400.00,380400.00,429000.00,372000.00,135.90,,,
A,02/01/26,13:04:00,443230323937FF171E0D-5,1181400.00,380400.00,429000.00,372000.00,136.26,,,
A,02/01/26,13:09:00,443230323937FF171E0D-5,1181400.00,380400.00,429000.00,372000.00,136.56,,,
A,02/01/26,13:14:00,443230323937FF171E0D-5,1181400.00,380400.00,429000.00,372000.00,136.86,,,
A,02/01/26,13:19:00,443230323937FF171E0D-5,1181400.00,380400.00,429000.00,372000.00,137.16,,,
A,02/01/26,13:24:00,443230323937FF171E0D-5,1181400.00,380400.00,429000.00,372000.00,137.46,,,
A,02/01/26,13:29:00,443230323937FF171E0D-5,1181400.00,380400.00,429000.00,372000.00,137.76,,,
A,02/01/26,13:34:00,443230323937FF171E0D-5,1181400.00,380400.00,429000.00,372000.00,138.06,,,
A,02/01/26,13:39:00,443230323937FF171E0D-5,1181400.00,380400.00,429000.00,372000.00,138.36,,,
A,02/01/26,13:44:00,443230323937FF171E0D-5,1181400.00,380400.00,429000.00,372000.00,138.60,,,
A,02/01/26,13:49:00,443230323937FF171E0D-5,1181400.00,380400.00,429000.00,372000.00,138.96,,,
A,02/01/26,13:54:00,443230323937FF171E0D-5,1181400.00,380400.00,429000.00,372000.00,139.32,,,
A,02/01/26,13:59:00,443230323937FF171E0D-5,1181400.00,380400.00,429000.00,372000.00,139.50,,,
A,02/01/26,14:04:00,443230323937FF171E0D-5,1181400.00,380400.00,429000.00,372000.00,139.86,,,
A,02/01/26,14:09:00,443230323937FF171E0D-5,1181400.00,380400.00,429000.00,372000.00,140.16,,,
A,02/01/26,14:14:00,443230323937FF171E0D-5,1181400.00,380400.00,429000.00,372000.00,140.46,,,
A,02/01/26,14:19:00,443230323937FF171E0D-5,1181400.00,380400.00,429000.00,372000.00,140.76,,,
A,02/01/26,14:24:00,443230323937FF171E0D-5,1181400.00,380400.00,429000.00,372000.00,141.06,,,
A,02/01/26,14:29:00,443230323937FF171E0D-5,1181400.00,380400.00,429000.00,372000.00,141.30,,,
A,02/01/26,14:34:00,443230323937FF171E0D-5,1181400.00,380400.00,429000.00,372000.00,141.66,,,
A,02/01/26,14:39:00,443230323937FF171E0D-5,1181400.00,380400.00,429000.00,372000.00,142.02,,,
A,02/01/26,14:44:00,443230323937FF171E0D-5,1181400.00,380400.00,429000.00,372000.00,142.20,,,
A,02/01/26,14:49:00,443230323937FF171E0D-5,1181400.00,380400.00,429000.00,372000.00,142.56,,,
A,02/01/26,14:54:00,443230323937FF171E0D-5,1181400.00,380400.00,429000.00,372000.00,142.86,,,
A,02/01/26,14:59:00,443230323937FF171E0D-5,1181400.00,380400.00,429000.00,372000.00,143.16,,,
A,02/01/26,15:04:00,443230323937FF171E0D-5,1181400.00,380400.00,429000.00,372000.00,143.40,,,
A,02/01/26,15:09:00,443230323937FF171E0D-5,1181400.00,380400.00,429000.00,372000.00,143.76,,,
A,02/01/26,15:14:00,443230323937FF171E0D-5,1181400.00,380400.00,429000.00,372000.00,144.06,,,
A,02/01/26,15:19:00,443230323937FF171E0D-5,1181400.00,380400.00,429000.00,372000.00,144.36,,,
A,02/01/26,15:24:00,443230323937FF171E0D-5,1181400.00,380400.00,429000.00,372000.00,144.60,,,
A,02/01/26,15:29:00,443230323937FF171E0D-5,1181400.00,380400.00,429000.00,372000.00,144.96,,,
A,02/01/26,15:34:00,443230323937FF171E0D-5,1181400.00,380400.00,429000.00,372000.00,145.20,,,
A,02/01/26,15:39:00,443230323937FF171E0D-5,1181400.00,380400.00,429000.00,372000.00,145.56,,,
A,02/01/26,15:44:00,443230323937FF171E0D-5,1181400.00,380400.00,429000.00,372000.00,145.86,,,
A,02/01/26,15:49:00,443230323937FF171E0D-5,1181400.00,380400.00,429000.00,372000.00,146.10,,,
A,02/01/26,15:54:00,443230323937FF171E0D-5,1181400.00,380400.00,429000.00,372000.00,146.46,,,
A,02/01/26,15:59:00,443230323937FF171E0D-5,1181400.00,380400.00,429000.00,372000.00,146.76,,,
A,02/01/26,16:04:00,443230323937FF171E0D-5,1181400.00,380400.00,429000.00,372000.00,147.00,,,
A,02/01/26,16:09:00,443230323937FF171E0D-5,1181400.00,380400.00,429000.00,372000.00,147.30,,,
A,02/01/26,16:14:00,443230323937FF171E0D-5,1181400.00,380400.00,429000.00,372000.00,147.66,,,
A,02/01/26,16:19:00,443230323937FF171E0D-5,1181400.00,380400.00,429000.00,372000.00,147.96,,,
A,02/01/26,16:24:00,443230323937FF171E0D-5,1181400.00,380400.00,429000.00,372000.00,148.20,,,
A,02/01/26,16:29:00,443230323937FF171E0D-5,1181400.00,380400.00,429000.00,372000.00,148.50,,,
A,02/01/26,16:34:00,443230323937FF171E0D-5,1181400.00,380400.00,429000.00,372000.00,148.86,,,
A,02/01/26,16:39:00,443230323937FF171E0D-5,1181400.00,380400.00,429000.00,372000.00,149.10,,,
A,02/01/26,16:44:00,443230323937FF171E0D-5,1181400.00,380400.00,429000.00,372000.00,149.40,,,
A,02/01/26,16:49:00,443230323937FF171E0D-5,1181400.00,380400.00,429000.00,372000.00,149.70,,,
A,02/01/26,16:54:00,443230323937FF171E0D-5,1181400.00,380400.00,429000.00,372000.00,150.00,,,
A,02/01/26,16:59:00,443230323937FF171E0D-5,1181400.00,380400.00,429000.00,372000.00,150.30,,,
A,02/01/26,17:04:00,443230323937FF171E0D-5,1181400.00,380400.00,429000.00,372000.00,150.60,,,
A,02/01/26,17:09:00,443230323937FF171E0D-5,1181400.00,380400.00,429000.00,372000.00,150.84,,,
A,02/01/26,17:14:00,443230323937FF171E0D-5,1181400.00,380400.00,429000.00,372000.00,151.20,,,
A,02/01/26,17:19:00,443230323937FF171E0D-5,1181400.00,380400.00,429000.00,372000.00,151.50,,,
A,02/01/26,17:24:00,443230323937FF171E0D-5,1181400.00,380400.00,429000.00,372000.00,151.74,,,
A,02/01/26,17:29:00,443230323937FF171E0D-5,1181400.00,380400.00,429000.00,372000.00,152.04,,,
A,02/01/26,17:34:00,443230323937FF171E0D-5,1181400.00,380400.00,429000.00,372000.00,152.40,,,
A,02/01/26,17:39:00,443230323937FF171E0D-5,1181400.00,380400.00,429000.00,372000.00,152.70,,,
A,02/01/26,17:44:00,443230323937FF171E0D-5,1181400.00,380400.00,429000.00,372000.00,152.94,,,
A,02/01/26,17:49:00,443230323937FF171E0D-5,1181400.00,380400.00,429000.00,372000.00,153.24,,,
A,02/01/26,17:54:00,443230323937FF171E0D-5,1181400.00,380400.00,429000.00,372000.00,153.60,,,
A,02/01/26,17:59:00,443230323937FF171E0D-5,1181400.00,380400.00,429000.00,372000.00,153.90,,,
A,02/01/26,18:04:00,443230323937FF171E0D-5,1181400.00,380400.00,429000.00,372000.00,154.14,,,
A,02/01/26,18:09:00,443230323937FF171E0D-5,1181400.00,380400.00,429000.00,372000.00,154.50,,,
A,02/01/26,18:14:00,443230323937FF171E0D-5,1181400.00,380400.00,429000.00,372000.00,154.74,,,
A,02/01/26,18:19:00,443230323937FF171E0D-5,1181400.00,380400.00,429000.00,372000.00,155.10,,,
A,02/01/26,18:24:00,443230323937FF171E0D-5,1181400.00,380400.00,429000.00,372000.00,155.34,,,
A,02/01/26,18:29:00,443230323937FF171E0D-5,1181400.00,380400.00,429000.00,372000.00,155.64,,,
A,02/01/26,18:34:00,443230323937FF171E0D-5,1181400.00,380400.00,429000.00,372000.00,155.94,,,
A,02/01/26,18:39:00,443230323937FF171E0D-5,1181400.00,380400.00,429000.00,372000.00,156.30,,,
A,02/01/26,18:44:00,443230323937FF171E0D-5,1181400.00,380400.00,429000.00,372000.00,156.48,,,
A,02/01/26,18:49:00,443230323937FF171E0D-5,1181400.00,380400.00,429000.00,372000.00,156.84,,,
A,02/01/26,18:54:00,443230323937FF171E0D-5,1181400.00,380400.00,429000.00,372000.00,157.14,,,
A,02/01/26,18:59:00,443230323937FF171E0D-5,1181400.00,380400.00,429000.00,372000.00,157.38,,,
A,02/01/26,19:04:00,443230323937FF171E0D-5,1181400.00,380400.00,429000.00,372000.00,157.68,,,
A,02/01/26,19:09:00,443230323937FF171E0D-5,1181400.00,380400.00,429000.00,372000.00,158.04,,,
A,02/01/26,19:14:00,443230323937FF171E0D-5,1181400.00,380400.00,429000.00,372000.00,158.28,,,
A,02/01/26,19:19:00,443230323937FF171E0D-5,1181400.00,380400.00,429000.00,372000.00,158.58,,,
A,02/01/26,19:24:00,443230323937FF171E0D-5,1181400.00,380400.00,429000.00,372000.00,158.88,,,
A,02/01/26,19:29:00,443230323937FF171E0D-5,1181400.00,380400.00,429000.00,372000.00,159.18,,,
A,02/01/26,19:34:00,443230323937FF171E0D-5,1181400.00,380400.00,429000.00,372000.00,159.42,,,
A,02/01/26,19:39:00,443230323937FF171E0D-5,1181400.00,380400.00,429000.00,372000.00,159.72,,,
A,02/01/26,19:44:00,443230323937FF171E0D-5,1181400.00,380400.00,429000.00,372000.00,160.02,,,
A,02/01/26,19:49:00,443230323937FF171E0D-5,1181400.00,380400.00,429000.00,372000.00,160.38,,,
A,02/01/26,19:54:00,443230323937FF171E0D-5,1181400.00,380400.00,429000.00,372000.00,160.56,,,
A,02/01/26,19:59:00,443230323937FF171E0D-5,1181400.00,380400.00,429000.00,372000.00,160.92,,,
A,02/01/26,20:04:00,443230323937FF171E0D-5,1181400.00,380400.00,429000.00,372000.00,161.28,,,
A,02/01/26,20:09:00,443230323937FF171E0D-5,1181400.00,380400.00,429000.00,372000.00,161.46,,,
A,02/01/26,20:14:00,443230323937FF171E0D-5,1181400.00,380400.00,429000.00,372000.00,161.82,,,
A,02/01/26,20:19:00,443230323937FF171E0D-5,1181400.00,380400.00,429000.00,372000.00,162.12,,,
A,02/01/26,20:24:00,443230323937FF171E0D-5,1181400.00,380400.00,429000.00,372000.00,162.36,,,
A,02/01/26,20:29:00,443230323937FF171E0D-5,1181400.00,380400.00,429000.00,372000.00,162.66,,,
A,02/01/26,20:34:00,443230323937FF171E0D-5,1181400.00,380400.00,429000.00,372000.00,163.02,,,
A,02/01/26,20:39:00,443230323937FF171E0D-5,1181400.00,380400.00,429000.00,372000.00,163.26,,,
A,02/01/26,20:44:00,443230323937FF171E0D-5,1181400.00,380400.00,429000.00,372000.00,163.56,,,
A,02/01/26,20:49:00,443230323937FF171E0D-5,1181400.00,380400.00,429000.00,372000.00,163.86,,,
A,02/01/26,20:54:00,443230323937FF171E0D-5,1181400.00,380400.00,429000.00,372000.00,164.16,,,
A,02/01/26,20:59:00,443230323937FF171E0D-5,1181400.00,380400.00,429000.00,372000.00,164.46,,,
A,02/01/26,21:04:00,443230323937FF171E0D-5,1181400.00,380400.00,429000.00,372000.00,164.76,,,
A,02/01/26,21:09:00,443230323937FF171E0D-5,1181400.00,380400.00,429000.00,372000.00,165.06,,,
A,02/01/26,21:14:00,443230323937FF171E0D-5,1181400.00,380400.00,429000.00,372000.00,165.36,,,
A,02/01/26,21:19:00,443230323937FF171E0D-5,1181400.00,380400.00,429000.00,372000.00,165.66,,,
A,02/01/26,21:24:00,443230323937FF171E0D-5,1181400.00,380400.00,429000.00,372000.00,165.90,,,
A,02/01/26,21:29:00,443230323937FF171E0D-5,1181400.00,380400.00,429000.00,372000.00,166.26,,,
A,02/01/26,21:34:00,443230323937FF171E0D-5,1181400.00,380400.00,429000.00,372000.00,166.56,,,
A,02/01/26,21:39:00,443230323937FF171E0D-5,1181400.00,380400.00,429000.00,372000.00,166.80,,,
A,02/01/26,21:44:00,443230323937FF171E0D-5,1181400.00,380400.00,429000.00,372000.00,167.10,,,
A,02/01/26,21:49:00,443230323937FF171E0D-5,1181400.00,380400.00,429000.00,372000.00,167.40,,,
A,02/01/26,21:54:00,443230323937FF171E0D-5,1181400.00,380400.00,429000.00,372000.00,167.76,,,
A,02/01/26,21:59:00,443230323937FF171E0D-5,1181400.00,380400.00,429000.00,372000.00,168.06,,,
A,02/01/26,22:04:00,443230323937FF171E0D-5,1181400.00,380400.00,429000.00,372000.00,168.30,,,
A,02/01/26,22:09:00,443230323937FF171E0D-5,1181400.00,380400.00,429000.00,372000.00,168.60,,,
A,02/01/26,22:14:00,443230323937FF171E0D-5,1181400.00,380400.00,429000.00,372000.00,168.96,,,
A,02/01/26,22:19:00,443230323937FF171E0D-5,1181400.00,380400.00,429000.00,372000.00,169.20,,,
A,02/01/26,22:24:00,443230323937FF171E0D-5,1181400.00,380400.00,429000.00,372000.00,169.56,,,
A,02/01/26,22:29:00,443230323937FF171E0D-5,1181400.00,380400.00,429000.00,372000.00,169.80,,,
A,02/01/26,22:34:00,443230323937FF171E0D-5,1181400.00,380400.00,429000.00,372000.00,170.10,,,
A,02/01/26,22:39:00,443230323937FF171E0D-5,1181400.00,380400.00,429000.00,372000.00,170.40,,,
A,02/01/26,22:44:00,443230323937FF171E0D-5,1181400.00,380400.00,429000.00,372000.00,170.70,,,
A,02/01/26,22:49:00,443230323937FF171E0D-5,1181400.00,380400.00,429000.00,372000.00,171.06,,,
A,02/01/26,22:54:00,443230323937FF171E0D-5,1181400.00,380400.00,429000.00,372000.00,171.30,,,
A,02/01/26,22:59:00,443230323937FF171E0D-5,1181400.00,380400.00,429000.00,372000.00,171.60,,,
A,02/01/26,23:04:00,443230323937FF171E0D-5,1181400.00,380400.00,429000.00,372000.00,171.90,,,
A,02/01/26,23:09:00,443230323937FF171E0D-5,1181400.00,380400.00,429000.00,372000.00,172.26,,,
A,02/01/26,23:14:00,443230323937FF171E0D-5,1181400.00,380400.00,429000.00,372000.00,172.50,,,
A,02/01/26,23:19:00,443230323937FF171E0D-5,1181400.00,380400.00,429000.00,372000.00,172.80,,,
A,02/01/26,23:24:00,443230323937FF171E0D-5,1181400.00,380400.00,429000.00,372000.00,173.04,,,
A,02/01/26,23:29:00,443230323937FF171E0D-5,1181400.00,380400.00,429000.00,372000.00,173.40,,,
A,02/01/26,23:34:00,443230323937FF171E0D-5,1181400.00,380400.00,429000.00,372000.00,173.70,,,
A,02/01/26,23:39:00,443230323937FF171E0D-5,1181400.00,380400.00,429000.00,372000.00,174.00,,,
A,02/01/26,23:44:00,443230323937FF171E0D-5,1181400.00,380400.00,429000.00,372000.00,174.24,,,
A,02/01/26,23:49:00,443230323937FF171E0D-5,1181400.00,380400.00,429000.00,372000.00,174.60,,,
A,02/01/26,23:54:00,443230323937FF171E0D-5,1181400.00,380400.00,429000.00,372000.00,174.90,,,
A,02/01/26,23:59:00,443230323937FF171E0D-5,1181400.00,380400.00,429000.00,372000.00,175.20,,,
A,03/01/26,00:04:00,443230323937FF171E0D-5,1181400.00,380400.00,429000.00,372000.00,175.50,,,
A,03/01/26,00:09:00,443230323937FF171E0D-5,1181400.00,380400.00,429000.00,372000.00,175.74,,,
A,03/01/26,00:14:00,443230323937FF171E0D-5,1181400.00,380400.00,429000.00,372000.00,176.10,,,
A,03/01/26,00:19:00,443230323937FF171E0D-5,1181400.00,380400.00,429000.00,372000.00,176.34,,,
A,03/01/26,00:24:00,443230323937FF171E0D-5,1181400.00,380400.00,429000.00,372000.00,176.70,,,
A,03/01/26,00:29:00,443230323937FF171E0D-5,1181400.00,380400.00,429000.00,372000.00,176.94,,,
A,03/01/26,00:34:00,443230323937FF171E0D-5,1181400.00,380400.00,429000.00,372000.00,177.30,,,
A,03/01/26,00:39:00,443230323937FF171E0D-5,1181400.00,380400.00,429000.00,372000.00,177.54,,,
A,03/01/26,00:44:00,443230323937FF171E0D-5,1181400.00,380400.00,429000.00,372000.00,177.84,,,
A,03/01/26,00:49:00,443230323937FF171E0D-5,1181400.00,380400.00,429000.00,372000.00,178.14,,,
A,03/01/26,00:54:00,443230323937FF171E0D-5,1181400.00,380400.00,429000.00,372000.00,178.44,,,
A,03/01/26,00:59:00,443230323937FF171E0D-5,1181400.00,380400.00,429000.00,372000.00,178.74,,,
A,03/01/26,01:04:00,443230323937FF171E0D-5,1181400.00,380400.00,429000.00,372000.00,179.04,,,
A,03/01/26,01:09:00,443230323937FF171E0D-5,1181400.00,380400.00,429000.00,372000.00,179.28,,,
A,03/01/26,01:14:00,443230323937FF171E0D-5,1181400.00,380400.00,429000.00,372000.00,179.64,,,
A,03/01/26,01:19:00,443230323937FF171E0D-5,1181400.00,380400.00,429000.00,372000.00,179.94,,,
A,03/01/26,01:24:00,443230323937FF171E0D-5,1181400.00,380400.00,429000.00,372000.00,180.24,,,
A,03/01/26,01:29:00,443230323937FF171E0D-5,1181400.00,380400.00,429000.00,372000.00,180.48,,,
A,03/01/26,01:34:00,443230323937FF171E0D-5,1181400.00,380400.00,429000.00,372000.00,180.78,,,
A,03/01/26,01:39:00,443230323937FF171E0D-5,1181400.00,380400.00,429000.00,372000.00,181.14,,,
A,03/01/26,01:44:00,443230323937FF171E0D-5,1181400.00,380400.00,429000.00,372000.00,181.44,,,
A,03/01/26,01:49:00,443230323937FF171E0D-5,1181400.00,380400.00,429000.00,372000.00,181.74,,,
A,03/01/26,01:54:00,443230323937FF171E0D-5,1181400.00,380400.00,429000.00,372000.00,181.98,,,
A,03/01/26,01:59:00,443230323937FF171E0D-5,1181400.00,380400.00,429000.00,372000.00,182.28,,,
A,03/01/26,02:04:00,443230323937FF171E0D-5,1181400.00,380400.00,429000.00,372000.00,182.58,,,
A,03/01/26,02:09:00,443230323937FF171E0D-5,1181400.00,380400.00,429000.00,372000.00,182.94,,,
A,03/01/26,02:14:00,443230323937FF171E0D-5,1181400.00,380400.00,429000.00,372000.00,183.18,,,
A,03/01/26,02:19:00,443230323937FF171E0D-5,1181400.00,380400.00,429000.00,372000.00,183.48,,,
A,03/01/26,02:24:00,443230323937FF171E0D-5,1181400.00,380400.00,429000.00,372000.00,183.72,,,
A,03/01/26,02:29:00,443230323937FF171E0D-5,1181400.00,380400.00,429000.00,372000.00,184.08,,,
A,03/01/26,02:34:00,443230323937FF171E0D-5,1181400.00,380400.00,429000.00,372000.00,184.38,,,
A,03/01/26,02:39:00,443230323937FF171E0D-5,1181400.00,380400.00,429000.00,372000.00,184.68,,,
A,03/01/26,02:44:00,443230323937FF171E0D-5,1181400.00,380400.00,429000.00,372000.00,184.92,,,
A,03/01/26,02:49:00,443230323937FF171E0D-5,1181400.00,380400.00,429000.00,372000.00,185.22,,,
A,03/01/26,02:54:00,443230323937FF171E0D-5,1181400.00,380400.00,429000.00,372000.00,185.52,,,
A,03/01/26,02:59:00,443230323937FF171E0D-5,1181400.00,380400.00,429000.00,372000.00,185.88,,,
A,03/01/26,03:04:00,443230323937FF171E0D-5,1181400.00,380400.00,429000.00,372000.00,186.12,,,
A,03/01/26,03:09:00,443230323937FF171E0D-5,1181400.00,380400.00,429000.00,372000.00,186.48,,,
A,03/01/26,03:14:00,443230323937FF171E0D-5,1181400.00,380400.00,429000.00,372000.00,186.66,,,
A,03/01/26,03:19:00,443230323937FF171E0D-5,1181400.00,380400.00,429000.00,372000.00,187.02,,,
A,03/01/26,03:24:00,443230323937FF171E0D-5,1181400.00,380400.00,429000.00,372000.00,187.32,,,
A,03/01/26,03:29:00,443230323937FF171E0D-5,1181400.00,380400.00,429000.00,372000.00,187.62,,,
A,03/01/26,03:34:00,443230323937FF171E0D-5,1181400.00,380400.00,429000.00,372000.00,187.98,,,
A,03/01/26,03:39:00,443230323937FF171E0D-5,1181400.00,380400.00,429000.00,372000.00,188.22,,,
A,03/01/26,03:44:00,443230323937FF171E0D-5,1181400.00,380400.00,429000.00,372000.00,188.52,,,
A,03/01/26,03:49:00,443230323937FF171E0D-5,1181400.00,380400.00,429000.00,372000.00,188.82,,,
A,03/01/26,03:54:00,443230323937FF171E0D-5,1181400.00,380400.00,429000.00,372000.00,189.12,,,
A,03/01/26,03:59:00,443230323937FF171E0D-5,1181400.00,380400.00,429000.00,372000.00,189.42,,,
A,03/01/26,04:04:00,443230323937FF171E0D-5,1181400.00,380400.00,429000.00,372000.00,189.72,,,
A,03/01/26,04:09:00,443230323937FF171E0D-5,1181400.00,380400.00,429000.00,372000.00,189.96,,,
A,03/01/26,04:14:00,443230323937FF171E0D-5,1181400.00,380400.00,429000.00,372000.00,190.32,,,
A,03/01/26,04:19:00,443230323937FF171E0D-5,1181400.00,380400.00,429000.00,372000.00,190.56,,,
A,03/01/26,04:24:00,443230323937FF171E0D-5,1181400.00,380400.00,429000.00,372000.00,190.86,,,
A,03/01/26,04:29:00,443230323937FF171E0D-5,1181400.00,380400.00,429000.00,372000.00,191.16,,,
A,03/01/26,04:34:00,443230323937FF171E0D-5,1181400.00,380400.00,429000.00,372000.00,191.46,,,
A,03/01/26,04:39:00,443230323937FF171E0D-5,1181400.00,380400.00,429000.00,372000.00,191.46,,,
A,03/01/26,04:44:00,443230323937FF171E0D-5,1181400.00,380400.00,429000.00,372000.00,191.46,,,
A,03/01/26,04:49:00,443230323937FF171E0D-5,1181400.00,380400.00,429000.00,372000.00,191.46,,,
A,03/01/26,04:54:00,443230323937FF171E0D-5,1181400.00,380400.00,429000.00,372000.00,191.46,,,
A,03/01/26,04:59:00,443230323937FF171E0D-5,1181400.00,380400.00,429000.00,372000.00,191.46,,,
A,03/01/26,05:04:00,443230323937FF171E0D-5,1181400.00,380400.00,429000.00,372000.00,191.46,,,
A,03/01/26,05:09:00,443230323937FF171E0D-5,1181400.00,380400.00,429000.00,372000.00,191.46,,,
A,03/01/26,05:14:00,443230323937FF171E0D-5,1181400.00,380400.00,429000.00,372000.00,191.46,,,
A,03/01/26,05:19:00,443230323937FF171E0D-5,1181400.00,380400.00,429000.00,372000.00,191.46,,,
A,03/01/26,05:24:00,443230323937FF171E0D-5,1181400.00,380400.00,429000.00,372000.00,191.46,,,
A,03/01/26,05:29:00,443230323937FF171E0D-5,1181400.00,380400.00,429000.00,372000.00,191.46,,,
A,03/01/26,05:34:00,443230323937FF171E0D-5,1181400.00,380400.00,429000.00,372000.00,191.46,,,
A,03/01/26,05:39:00,443230323937FF171E0D-5,1181400.00,380400.00,429000.00,372000.00,191.46,,,
A,03/01/26,05:44:00,443230323937FF171E0D-5,1181400.00,380400.00,429000.00,372000.00,191.46,,,
A,03/01/26,05:49:00,443230323937FF171E0D-5,1181400.00,380400.00,429000.00,372000.00,191.46,,,
A,03/01/26,05:54:00,443230323937FF171E0D-5,1181400.00,380400.00,429000.00,372000.00,191.46,,,
A,03/01/26,05:59:00,443230323937FF171E0D-5,1181400.00,380400.00,429000.00,372000.00,191.46,,,
A,03/01/26,06:04:00,443230323937FF171E0D-5,1181400.00,380400.00,429000.00,372000.00,191.46,,,
A,03/01/26,06:09:00,443230323937FF171E0D-5,1181400.00,380400.00,429000.00,372000.00,191.46,,,
A,03/01/26,06:14:00,443230323937FF171E0D-5,1181400.00,380400.00,429000.00,372000.00,191.46,,,
A,03/01/26,06:19:00,443230323937FF171E0D-5,1181400.00,380400.00,429000.00,372000.00,191.46,,,
A,03/01/26,06:24:00,443230323937FF171E0D-5,1181400.00,380400.00,429000.00,372000.00,191.46,,,
A,03/01/26,06:29:00,443230323937FF171E0D-5,1181400.00,380400.00,429000.00,372000.00,191.46,,,
A,03/01/26,06:34:00,443230323937FF171E0D-5,1181400.00,380400.00,429000.00,372000.00,191.46,,,
A,03/01/26,06:39:00,443230323937FF171E0D-5,1181400.00,380400.00,429000.00,372000.00,191.46,,,
A,03/01/26,06:44:00,443230323937FF171E0D-5,1181400.00,380400.00,429000.00,372000.00,191.46,,,
A,03/01/26,06:49:00,443230323937FF171E0D-5,1181400.00,380400.00,429000.00,372000.00,191.46,,,
A,03/01/26,06:54:00,443230323937FF171E0D-5,1181400.00,380400.00,429000.00,372000.00,191.46,,,
A,03/01/26,06:59:00,443230323937FF171E0D-5,1181400.00,380400.00,429000.00,372000.00,191.46,,,
A,03/01/26,07:04:00,443230323937FF171E0D-5,1181400.00,380400.00,429000.00,372000.00,191.46,,,
A,03/01/26,07:09:00,443230323937FF171E0D-5,1181400.00,380400.00,429000.00,372000.00,191.46,,,
A,03/01/26,07:14:00,443230323937FF171E0D-5,1181400.00,380400.00,429000.00,372000.00,191.46,,,
A,03/01/26,07:19:00,443230323937FF171E0D-5,1181400.00,380400.00,429000.00,372000.00,191.64,,,
A,03/01/26,07:24:00,443230323937FF171E0D-5,1181400.00,380400.00,429000.00,372000.00,191.94,,,
A,03/01/26,07:29:00,443230323937FF171E0D-5,1181400.00,380400.00,429000.00,372000.00,192.24,,,
A,03/01/26,07:34:00,443230323937FF171E0D-5,1181400.00,380400.00,429000.00,372000.00,192.48,,,
A,03/01/26,07:39:00,443230323937FF171E0D-5,1181400.00,380400.00,429000.00,372000.00,192.84,,,
A,03/01/26,07:44:00,443230323937FF171E0D-5,1181400.00,380400.00,429000.00,372000.00,193.08,,,
A,03/01/26,07:49:00,443230323937FF171E0D-5,1181400.00,380400.00,429000.00,372000.00,193.32,,,
A,03/01/26,07:54:00,443230323937FF171E0D-5,1181400.00,380400.00,429000.00,372000.00,193.62,,,
A,03/01/26,07:59:00,443230323937FF171E0D-5,1181400.00,380400.00,429000.00,372000.00,193.92,,,
A,03/01/26,08:04:00,443230323937FF171E0D-5,1181400.00,380400.00,429000.00,372000.00,194.16,,,
A,03/01/26,08:09:00,443230323937FF171E0D-5,1181400.00,380400.00,429000.00,372000.00,194.46,,,
A,03/01/26,08:14:00,443230323937FF171E0D-5,1181400.00,380400.00,429000.00,372000.00,194.82,,,
A,03/01/26,08:19:00,443230323937FF171E0D-5,1181400.00,380400.00,429000.00,372000.00,195.06,,,
A,03/01/26,08:24:00,443230323937FF171E0D-5,1181400.00,380400.00,429000.00,372000.00,195.36,,,
A,03/01/26,08:29:00,443230323937FF171E0D-5,1181400.00,380400.00,429000.00,372000.00,195.60,,,
A,03/01/26,08:34:00,443230323937FF171E0D-5,1181400.00,380400.00,429000.00,372000.00,195.90,,,
A,03/01/26,08:39:00,443230323937FF171E0D-5,1181400.00,380400.00,429000.00,372000.00,196.14,,,
A,03/01/26,08:44:00,443230323937FF171E0D-5,1181400.00,380400.00,429000.00,372000.00,196.44,,,
A,03/01/26,08:49:00,443230323937FF171E0D-5,1181400.00,380400.00,429000.00,372000.00,196.80,,,
A,03/01/26,08:54:00,443230323937FF171E0D-5,1181400.00,380400.00,429000.00,372000.00,196.98,,,
A,03/01/26,08:59:00,443230323937FF171E0D-5,1181400.00,380400.00,429000.00,372000.00,197.34,,,
A,03/01/26,09:04:00,443230323937FF171E0D-5,1181400.00,380400.00,429000.00,372000.00,197.58,,,
A,03/01/26,09:09:00,443230323937FF171E0D-5,1181400.00,380400.00,429000.00,372000.00,197.88,,,
A,03/01/26,09:14:00,443230323937FF171E0D-5,1181400.00,380400.00,429000.00,372000.00,198.12,,,
A,03/01/26,09:19:00,443230323937FF171E0D-5,1181400.00,380400.00,429000.00,372000.00,198.42,,,
A,03/01/26,09:24:00,443230323937FF171E0D-5,1181400.00,380400.00,429000.00,372000.00,198.78,,,
A,03/01/26,09:29:00,443230323937FF171E0D-5,1181400.00,380400.00,429000.00,372000.00,198.96,,,
A,03/01/26,09:34:00,443230323937FF171E0D-5,1181400.00,380400.00,429000.00,372000.00,199.32,,,
A,03/01/26,09:39:00,443230323937FF171E0D-5,1181400.00,380400.00,429000.00,372000.00,199.56,,,
A,03/01/26,09:44:00,443230323937FF171E0D-5,1181400.00,380400.00,429000.00,372000.00,199.80,,,
A,03/01/26,09:49:00,443230323937FF171E0D-5,1181400.00,380400.00,429000.00,372000.00,200.16,,,
A,03/01/26,09:54:00,443230323937FF171E0D-5,1181400.00,380400.00,429000.00,372000.00,200.40,,,
A,03/01/26,09:59:00,443230323937FF171E0D-5,1181400.00,380400.00,429000.00,372000.00,200.70,,,
A,03/01/26,10:04:00,443230323937FF171E0D-5,1181400.00,380400.00,429000.00,372000.00,200.94,,,
A,03/01/26,10:09:00,443230323937FF171E0D-5,1181400.00,380400.00,429000.00,372000.00,201.30,,,
A,03/01/26,10:14:00,443230323937FF171E0D-5,1181400.00,380400.00,429000.00,372000.00,201.54,,,
A,03/01/26,10:19:00,443230323937FF171E0D-5,1181400.00,380400.00,429000.00,372000.00,201.84,,,
A,03/01/26,10:24:00,443230323937FF171E0D-5,1181400.00,380400.00,429000.00,372000.00,202.14,,,
A,03/01/26,10:29:00,443230323937FF171E0D-5,1181400.00,380400.00,429000.00,372000.00,202.38,,,
A,03/01/26,10:34:00,443230323937FF171E0D-5,1181400.00,380400.00,429000.00,372000.00,202.68,,,
A,03/01/26,10:39:00,443230323937FF171E0D-5,1181400.00,380400.00,429000.00,372000.00,202.92,,,
A,03/01/26,10:44:00,443230323937FF171E0D-5,1181400.00,380400.00,429000.00,372000.00,203.28,,,
A,03/01/26,10:49:00,443230323937FF171E0D-5,1181400.00,380400.00,429000.00,372000.00,203.52,,,
A,03/01/26,10:54:00,443230323937FF171E0D-5,1181400.00,380400.00,429000.00,372000.00,203.82,,,
A,03/01/26,10:59:00,443230323937FF171E0D-5,1181400.00,380400.00,429000.00,372000.00,204.12,,,
A,03/01/26,11:04:00,443230323937FF171E0D-5,1181400.00,380400.00,429000.00,372000.00,204.42,,,
A,03/01/26,11:09:00,443230323937FF171E0D-5,1181400.00,380400.00,429000.00,372000.00,204.66,,,
A,03/01/26,11:14:00,443230323937FF171E0D-5,1181400.00,380400.00,429000.00,372000.00,204.90,,,
A,03/01/26,11:19:00,443230323937FF171E0D-5,1181400.00,380400.00,429000.00,372000.00,205.26,,,
A,03/01/26,11:24:00,443230323937FF171E0D-5,1181400.00,380400.00,429000.00,372000.00,205.50,,,
A,03/01/26,11:29:00,443230323937FF171E0D-5,1181400.00,380400.00,429000.00,372000.00,205.80,,,
A,03/01/26,11:34:00,443230323937FF171E0D-5,1181400.00,380400.00,429000.00,372000.00,206.10,,,
A,03/01/26,11:39:00,443230323937FF171E0D-5,1181400.00,380400.00,429000.00,372000.00,206.34,,,
A,03/01/26,11:44:00,443230323937FF171E0D-5,1181400.00,380400.00,429000.00,372000.00,206.64,,,
A,03/01/26,11:49:00,443230323937FF171E0D-5,1181400.00,380400.00,429000.00,372000.00,206.94,,,
A,03/01/26,11:54:00,443230323937FF171E0D-5,1181400.00,380400.00,429000.00,372000.00,207.24,,,
A,03/01/26,11:59:00,443230323937FF171E0D-5,1181400.00,380400.00,429000.00,372000.00,207.54,,,
A,03/01/26,12:04:00,443230323937FF171E0D-5,1181400.00,380400.00,429000.00,372000.00,207.78,,,
A,03/01/26,12:09:00,443230323937FF171E0D-5,1181400.00,380400.00,429000.00,372000.00,208.14,,,
A,03/01/26,12:14:00,443230323937FF171E0D-5,1181400.00,380400.00,429000.00,372000.00,208.32,,,
A,03/01/26,12:19:00,443230323937FF171E0D-5,1181400.00,380400.00,429000.00,372000.00,208.68,,,
A,03/01/26,12:24:00,443230323937FF171E0D-5,1181400.00,380400.00,429000.00,372000.00,208.92,,,
A,03/01/26,12:29:00,443230323937FF171E0D-5,1181400.00,380400.00,429000.00,372000.00,209.22,,,
A,03/01/26,12:34:00,443230323937FF171E0D-5,1181400.00,380400.00,429000.00,372000.00,209.46,,,
A,03/01/26,12:39:00,443230323937FF171E0D-5,1181400.00,380400.00,429000.00,372000.00,209.82,,,
A,03/01/26,12:44:00,443230323937FF171E0D-5,1181400.00,380400.00,429000.00,372000.00,210.12,,,
A,03/01/26,12:49:00,443230323937FF171E0D-5,1181400.00,380400.00,429000.00,372000.00,210.36,,,
A,03/01/26,12:54:00,443230323937FF171E0D-5,1181400.00,380400.00,429000.00,372000.00,210.66,,,
A,03/01/26,12:59:00,443230323937FF171E0D-5,1181400.00,380400.00,429000.00,372000.00,210.96,,,
A,03/01/26,13:04:00,443230323937FF171E0D-5,1181400.00,380400.00,429000.00,372000.00,211.20,,,
A,03/01/26,13:09:00,443230323937FF171E0D-5,1181400.00,380400.00,429000.00,372000.00,211.50,,,
A,03/01/26,13:14:00,443230323937FF171E0D-5,1181400.00,380400.00,429000.00,372000.00,211.80,,,
A,03/01/26,13:19:00,443230323937FF171E0D-5,1181400.00,380400.00,429000.00,372000.00,212.10,,,
A,03/01/26,13:24:00,443230323937FF171E0D-5,1181400.00,380400.00,429000.00,372000.00,212.34,,,
A,03/01/26,13:29:00,443230323937FF171E0D-5,1181400.00,380400.00,429000.00,372000.00,212.70,,,
A,03/01/26,13:34:00,443230323937FF171E0D-5,1181400.00,380400.00,429000.00,372000.00,212.94,,,
A,03/01/26,13:39:00,443230323937FF171E0D-5,1181400.00,380400.00,429000.00,372000.00,213.24,,,
A,03/01/26,13:44:00,443230323937FF171E0D-5,1181400.00,380400.00,429000.00,372000.00,213.48,,,
A,03/01/26,13:49:00,443230323937FF171E0D-5,1181400.00,380400.00,429000.00,372000.00,213.84,,,
A,03/01/26,13:54:00,443230323937FF171E0D-5,1181400.00,380400.00,429000.00,372000.00,214.08,,,
A,03/01/26,13:59:00,443230323937FF171E0D-5,1181400.00,380400.00,429000.00,372000.00,214.38,,,
A,03/01/26,14:04:00,443230323937FF171E0D-5,1181400.00,380400.00,429000.00,372000.00,214.68,,,
A,03/01/26,14:09:00,443230323937FF171E0D-5,1181400.00,380400.00,429000.00,372000.00,214.98,,,
A,03/01/26,14:14:00,443230323937FF171E0D-5,1181400.00,380400.00,429000.00,372000.00,215.22,,,
A,03/01/26,14:19:00,443230323937FF171E0D-5,1181400.00,380400.00,429000.00,372000.00,215.46,,,
A,03/01/26,14:24:00,443230323937FF171E0D-5,1181400.00,380400.00,429000.00,372000.00,215.82,,,
A,03/01/26,14:29:00,443230323937FF171E0D-5,1181400.00,380400.00,429000.00,372000.00,216.06,,,
A,03/01/26,14:34:00,443230323937FF171E0D-5,1181400.00,380400.00,429000.00,372000.00,216.36,,,
A,03/01/26,14:39:00,443230323937FF171E0D-5,1181400.00,380400.00,429000.00,372000.00,216.66,,,
A,03/01/26,14:44:00,443230323937FF171E0D-5,1181400.00,380400.00,429000.00,372000.00,216.90,,,
A,03/01/26,14:49:00,443230323937FF171E0D-5,1181400.00,380400.00,429000.00,372000.00,217.20,,,
A,03/01/26,14:54:00,443230323937FF171E0D-5,1181400.00,380400.00,429000.00,372000.00,217.50,,,
A,03/01/26,14:59:00,443230323937FF171E0D-5,1181400.00,380400.00,429000.00,372000.00,217.80,,,
A,03/01/26,15:04:00,443230323937FF171E0D-5,1181400.00,380400.00,429000.00,372000.00,218.10,,,
A,03/01/26,15:09:00,443230323937FF171E0D-5,1181400.00,380400.00,429000.00,372000.00,218.34,,,
A,03/01/26,15:14:00,443230323937FF171E0D-5,1181400.00,380400.00,429000.00,372000.00,218.70,,,
A,03/01/26,15:19:00,443230323937FF171E0D-5,1181400.00,380400.00,429000.00,372000.00,218.88,,,
A,03/01/26,15:24:00,443230323937FF171E0D-5,1181400.00,380400.00,429000.00,372000.00,219.24,,,
A,03/01/26,15:29:00,443230323937FF171E0D-5,1181400.00,380400.00,429000.00,372000.00,219.48,,,
A,03/01/26,15:34:00,443230323937FF171E0D-5,1181400.00,380400.00,429000.00,372000.00,219.84,,,
A,03/01/26,15:39:00,443230323937FF171E0D-5,1181400.00,380400.00,429000.00,372000.00,220.08,,,
A,03/01/26,15:44:00,443230323937FF171E0D-5,1181400.00,380400.00,429000.00,372000.00,220.38,,,
A,03/01/26,15:49:00,443230323937FF171E0D-5,1181400.00,380400.00,429000.00,372000.00,220.68,,,
A,03/01/26,15:54:00,443230323937FF171E0D-5,1181400.00,380400.00,429000.00,372000.00,220.92,,,
A,03/01/26,15:59:00,443230323937FF171E0D-5,1181400.00,380400.00,429000.00,372000.00,221.22,,,
A,03/01/26,16:04:00,443230323937FF171E0D-5,1181400.00,380400.00,429000.00,372000.00,221.46,,,
A,03/01/26,16:09:00,443230323937FF171E0D-5,1181400.00,380400.00,429000.00,372000.00,221.82,,,
A,03/01/26,16:14:00,443230323937FF171E0D-5,1181400.00,380400.00,429000.00,372000.00,222.06,,,
A,03/01/26,16:19:00,443230323937FF171E0D-5,1181400.00,380400.00,429000.00,372000.00,222.36,,,
A,03/01/26,16:24:00,443230323937FF171E0D-5,1181400.00,380400.00,429000.00,372000.00,222.66,,,
A,03/01/26,16:29:00,443230323937FF171E0D-5,1181400.00,380400.00,429000.00,372000.00,222.90,,,
A,03/01/26,16:34:00,443230323937FF171E0D-5,1181400.00,380400.00,429000.00,372000.00,223.20,,,
A,03/01/26,16:39:00,443230323937FF171E0D-5,1181400.00,380400.00,429000.00,372000.00,223.50,,,
A,03/01/26,16:44:00,443230323937FF171E0D-5,1181400.00,380400.00,429000.00,372000.00,223.74,,,
A,03/01/26,16:49:00,443230323937FF171E0D-5,1181400.00,380400.00,429000.00,372000.00,224.10,,,
A,03/01/26,16:54:00,443230323937FF171E0D-5,1181400.00,380400.00,429000.00,372000.00,224.34,,,
A,03/01/26,16:59:00,443230323937FF171E0D-5,1181400.00,380400.00,429000.00,372000.00,224.64,,,
A,03/01/26,17:04:00,443230323937FF171E0D-5,1181400.00,380400.00,429000.00,372000.00,224.88,,,
A,03/01/26,17:09:00,443230323937FF171E0D-5,1181400.00,380400.00,429000.00,372000.00,225.18,,,
A,03/01/26,17:14:00,443230323937FF171E0D-5,1181400.00,380400.00,429000.00,372000.00,225.54,,,
A,03/01/26,17:19:00,443230323937FF171E0D-5,1181400.00,380400.00,429000.00,372000.00,225.72,,,
A,03/01/26,17:24:00,443230323937FF171E0D-5,1181400.00,380400.00,429000.00,372000.00,226.08,,,
A,03/01/26,17:29:00,443230323937FF171E0D-5,1181400.00,380400.00,429000.00,372000.00,226.32,,,
A,03/01/26,17:34:00,443230323937FF171E0D-5,1181400.00,380400.00,429000.00,372000.00,226.62,,,
A,03/01/26,17:39:00,443230323937FF171E0D-5,1181400.00,380400.00,429000.00,372000.00,226.86,,,
A,03/01/26,17:44:00,443230323937FF171E0D-5,1181400.00,380400.00,429000.00,372000.00,227.22,,,
A,03/01/26,17:49:00,443230323937FF171E0D-5,1181400.00,380400.00,429000.00,372000.00,227.52,,,
A,03/01/26,17:54:00,443230323937FF171E0D-5,1181400.00,380400.00,429000.00,372000.00,227.76,,,
A,03/01/26,17:59:00,443230323937FF171E0D-5,1181400.00,380400.00,429000.00,372000.00,228.06,,,
A,03/01/26,18:04:00,443230323937FF171E0D-5,1181400.00,380400.00,429000.00,372000.00,228.30,,,
A,03/01/26,18:09:00,443230323937FF171E0D-5,1181400.00,380400.00,429000.00,372000.00,228.60,,,
A,03/01/26,18:14:00,443230323937FF171E0D-5,1181400.00,380400.00,429000.00,372000.00,228.84,,,
A,03/01/26,18:19:00,443230323937FF171E0D-5,1181400.00,380400.00,429000.00,372000.00,229.20,,,
A,03/01/26,18:24:00,443230323937FF171E0D-5,1181400.00,380400.00,429000.00,372000.00,229.44,,,
A,03/01/26,18:29:00,443230323937FF171E0D-5,1181400.00,380400.00,429000.00,372000.00,229.74,,,
A,03/01/26,18:34:00,443230323937FF171E0D-5,1181400.00,380400.00,429000.00,372000.00,230.04,,,
A,03/01/26,18:39:00,443230323937FF171E0D-5,1181400.00,380400.00,429000.00,372000.00,230.22,,,
A,03/01/26,18:44:00,443230323937FF171E0D-5,1181400.00,380400.00,429000.00,372000.00,230.58,,,
A,03/01/26,18:49:00,443230323937FF171E0D-5,1181400.00,380400.00,429000.00,372000.00,230.82,,,
A,03/01/26,18:54:00,443230323937FF171E0D-5,1181400.00,380400.00,429000.00,372000.00,231.12,,,
A,03/01/26,18:59:00,443230323937FF171E0D-5,1181400.00,380400.00,429000.00,372000.00,231.36,,,
A,03/01/26,19:04:00,443230323937FF171E0D-5,1181400.00,380400.00,429000.00,372000.00,231.66,,,
A,03/01/26,19:09:00,443230323937FF171E0D-5,1181400.00,380400.00,429000.00,372000.00,231.96,,,
A,03/01/26,19:14:00,443230323937FF171E0D-5,1181400.00,380400.00,429000.00,372000.00,232.26,,,
A,03/01/26,19:19:00,443230323937FF171E0D-5,1181400.00,380400.00,429000.00,372000.00,232.50,,,
A,03/01/26,19:24:00,443230323937FF171E0D-5,1181400.00,380400.00,429000.00,372000.00,232.80,,,
A,03/01/26,19:29:00,443230323937FF171E0D-5,1181400.00,380400.00,429000.00,372000.00,233.10,,,
A,03/01/26,19:34:00,443230323937FF171E0D-5,1181400.00,380400.00,429000.00,372000.00,233.28,,,
A,03/01/26,19:39:00,443230323937FF171E0D-5,1181400.00,380400.00,429000.00,372000.00,233.64,,,
A,03/01/26,19:44:00,443230323937FF171E0D-5,1181400.00,380400.00,429000.00,372000.00,233.88,,,
A,03/01/26,19:49:00,443230323937FF171E0D-5,1181400.00,380400.00,429000.00,372000.00,234.18,,,
A,03/01/26,19:54:00,443230323937FF171E0D-5,1181400.00,380400.00,429000.00,372000.00,234.48,,,
A,03/01/26,19:59:00,443230323937FF171E0D-5,1181400.00,380400.00,429000.00,372000.00,234.72,,,
A,03/01/26,20:04:00,443230323937FF171E0D-5,1181400.00,380400.00,429000.00,372000.00,235.02,,,
A,03/01/26,20:09:00,443230323937FF171E0D-5,1181400.00,380400.00,429000.00,372000.00,235.32,,,
A,03/01/26,20:14:00,443230323937FF171E0D-5,1181400.00,380400.00,429000.00,372000.00,235.56,,,
A,03/01/26,20:19:00,443230323937FF171E0D-5,1181400.00,380400.00,429000.00,372000.00,235.80,,,
A,03/01/26,20:24:00,443230323937FF171E0D-5,1181400.00,380400.00,429000.00,372000.00,236.16,,,
A,03/01/26,20:29:00,443230323937FF171E0D-5,1181400.00,380400.00,429000.00,372000.00,236.34,,,
A,03/01/26,20:34:00,443230323937FF171E0D-5,1181400.00,380400.00,429000.00,372000.00,236.70,,,
A,03/01/26,20:39:00,443230323937FF171E0D-5,1181400.00,380400.00,429000.00,372000.00,236.94,,,
A,03/01/26,20:44:00,443230323937FF171E0D-5,1181400.00,380400.00,429000.00,372000.00,237.24,,,
A,03/01/26,20:49:00,443230323937FF171E0D-5,1181400.00,380400.00,429000.00,372000.00,237.54,,,
A,03/01/26,20:54:00,443230323937FF171E0D-5,1181400.00,380400.00,429000.00,372000.00,237.78,,,
A,03/01/26,20:59:00,443230323937FF171E0D-5,1181400.00,380400.00,429000.00,372000.00,238.08,,,
A,03/01/26,21:04:00,443230323937FF171E0D-5,1181400.00,380400.00,429000.00,372000.00,238.38,,,
A,03/01/26,21:09:00,443230323937FF171E0D-5,1181400.00,380400.00,429000.00,372000.00,238.62,,,
A,03/01/26,21:14:00,443230323937FF171E0D-5,1181400.00,380400.00,429000.00,372000.00,238.92,,,
A,03/01/26,21:19:00,443230323937FF171E0D-5,1181400.00,380400.00,429000.00,372000.00,239.22,,,
A,03/01/26,21:24:00,443230323937FF171E0D-5,1181400.00,380400.00,429000.00,372000.00,239.46,,,
A,03/01/26,21:29:00,443230323937FF171E0D-5,1181400.00,380400.00,429000.00,372000.00,239.76,,,
A,03/01/26,21:34:00,443230323937FF171E0D-5,1181400.00,380400.00,429000.00,372000.00,240.06,,,
A,03/01/26,21:39:00,443230323937FF171E0D-5,1181400.00,380400.00,429000.00,372000.00,240.30,,,
A,03/01/26,21:44:00,443230323937FF171E0D-5,1181400.00,380400.00,429000.00,372000.00,240.60,,,
A,03/01/26,21:49:00,443230323937FF171E0D-5,1181400.00,380400.00,429000.00,372000.00,240.90,,,
A,03/01/26,21:54:00,443230323937FF171E0D-5,1181400.00,380400.00,429000.00,372000.00,241.14,,,
A,03/01/26,21:59:00,443230323937FF171E0D-5,1181400.00,380400.00,429000.00,372000.00,241.44,,,
A,03/01/26,22:04:00,443230323937FF171E0D-5,1181400.00,380400.00,429000.00,372000.00,241.74,,,
A,03/01/26,22:09:00,443230323937FF171E0D-5,1181400.00,380400.00,429000.00,372000.00,242.04,,,
A,03/01/26,22:14:00,443230323937FF171E0D-5,1181400.00,380400.00,429000.00,372000.00,242.28,,,
A,03/01/26,22:19:00,443230323937FF171E0D-5,1181400.00,380400.00,429000.00,372000.00,242.58,,,
A,03/01/26,22:24:00,443230323937FF171E0D-5,1181400.00,380400.00,429000.00,372000.00,242.82,,,
A,03/01/26,22:29:00,443230323937FF171E0D-5,1181400.00,380400.00,429000.00,372000.00,243.18,,,
A,03/01/26,22:34:00,443230323937FF171E0D-5,1181400.00,380400.00,429000.00,372000.00,243.42,,,
A,03/01/26,22:39:00,443230323937FF171E0D-5,1181400.00,380400.00,429000.00,372000.00,243.72,,,
A,03/01/26,22:44:00,443230323937FF171E0D-5,1181400.00,380400.00,429000.00,372000.00,243.96,,,
A,03/01/26,22:49:00,443230323937FF171E0D-5,1181400.00,380400.00,429000.00,372000.00,244.26,,,
A,03/01/26,22:54:00,443230323937FF171E0D-5,1181400.00,380400.00,429000.00,372000.00,244.50,,,
A,03/01/26,22:59:00,443230323937FF171E0D-5,1181400.00,380400.00,429000.00,372000.00,244.80,,,
A,03/01/26,23:04:00,443230323937FF171E0D-5,1181400.00,380400.00,429000.00,372000.00,245.10,,,
A,03/01/26,23:09:00,443230323937FF171E0D-5,1181400.00,380400.00,429000.00,372000.00,245.34,,,
A,03/01/26,23:14:00,443230323937FF171E0D-5,1181400.00,380400.00,429000.00,372000.00,245.70,,,
A,03/01/26,23:19:00,443230323937FF171E0D-5,1181400.00,380400.00,429000.00,372000.00,245.94,,,
A,03/01/26,23:24:00,443230323937FF171E0D-5,1181400.00,380400.00,429000.00,372000.00,246.30,,,
A,03/01/26,23:29:00,443230323937FF171E0D-5,1181400.00,380400.00,429000.00,372000.00,246.48,,,
A,03/01/26,23:34:00,443230323937FF171E0D-5,1181400.00,380400.00,429000.00,372000.00,246.84,,,
A,03/01/26,23:39:00,443230323937FF171E0D-5,1181400.00,380400.00,429000.00,372000.00,247.08,,,
A,03/01/26,23:44:00,443230323937FF171E0D-5,1181400.00,380400.00,429000.00,372000.00,247.38,,,
A,03/01/26,23:49:00,443230323937FF171E0D-5,1181400.00,380400.00,429000.00,372000.00,247.62,,,
A,03/01/26,23:54:00,443230323937FF171E0D-5,1181400.00,380400.00,429000.00,372000.00,247.98,,,
A,03/01/26,23:59:00,443230323937FF171E0D-5,1181400.00,380400.00,429000.00,372000.00,248.22,,,
A,04/01/26,00:04:00,443230323937FF171E0D-5,1181400.00,380400.00,429000.00,372000.00,248.52,,,
A,04/01/26,00:09:00,443230323937FF171E0D-5,1181400.00,380400.00,429000.00,372000.00,248.76,,,
A,04/01/26,00:14:00,443230323937FF171E0D-5,1181400.00,380400.00,429000.00,372000.00,249.12,,,
A,04/01/26,00:19:00,443230323937FF171E0D-5,1181400.00,380400.00,429000.00,372000.00,249.30,,,
A,04/01/26,00:24:00,443230323937FF171E0D-5,1181400.00,380400.00,429000.00,372000.00,249.66,,,
A,04/01/26,00:29:00,443230323937FF171E0D-5,1181400.00,380400.00,429000.00,372000.00,249.90,,,
A,04/01/26,00:34:00,443230323937FF171E0D-5,1181400.00,380400.00,429000.00,372000.00,250.26,,,
A,04/01/26,00:39:00,443230323937FF171E0D-5,1181400.00,380400.00,429000.00,372000.00,250.44,,,
A,04/01/26,00:44:00,443230323937FF171E0D-5,1181400.00,380400.00,429000.00,372000.00,250.80,,,
A,04/01/26,00:49:00,443230323937FF171E0D-5,1181400.00,380400.00,429000.00,372000.00,251.04,,,
A,04/01/26,00:54:00,443230323937FF171E0D-5,1181400.00,380400.00,429000.00,372000.00,251.34,,,
A,04/01/26,00:59:00,443230323937FF171E0D-5,1181400.00,380400.00,429000.00,372000.00,251.58,,,
A,04/01/26,01:04:00,443230323937FF171E0D-5,1181400.00,380400.00,429000.00,372000.00,251.94,,,
A,04/01/26,01:09:00,443230323937FF171E0D-5,1181400.00,380400.00,429000.00,372000.00,252.18,,,
A,04/01/26,01:14:00,443230323937FF171E0D-5,1181400.00,380400.00,429000.00,372000.00,252.42,,,
A,04/01/26,01:19:00,443230323937FF171E0D-5,1181400.00,380400.00,429000.00,372000.00,252.78,,,
A,04/01/26,01:24:00,443230323937FF171E0D-5,1181400.00,380400.00,429000.00,372000.00,253.02,,,
A,04/01/26,01:29:00,443230323937FF171E0D-5,1181400.00,380400.00,429000.00,372000.00,253.38,,,
A,04/01/26,01:34:00,443230323937FF171E0D-5,1181400.00,380400.00,429000.00,372000.00,253.56,,,
A,04/01/26,01:39:00,443230323937FF171E0D-5,1181400.00,380400.00,429000.00,372000.00,253.92,,,
A,04/01/26,01:44:00,443230323937FF171E0D-5,1181400.00,380400.00,429000.00,372000.00,254.16,,,
A,04/01/26,01:49:00,443230323937FF171E0D-5,1181400.00,380400.00,429000.00,372000.00,254.46,,,
A,04/01/26,01:54:00,443230323937FF171E0D-5,1181400.00,380400.00,429000.00,372000.00,254.70,,,
A,04/01/26,01:59:00,443230323937FF171E0D-5,1181400.00,380400.00,429000.00,372000.00,255.06,,,
A,04/01/26,02:04:00,443230323937FF171E0D-5,1181400.00,380400.00,429000.00,372000.00,255.30,,,
A,04/01/26,02:09:00,443230323937FF171E0D-5,1181400.00,380400.00,429000.00,372000.00,255.60,,,
A,04/01/26,02:14:00,443230323937FF171E0D-5,1181400.00,380400.00,429000.00,372000.00,255.84,,,
A,04/01/26,02:19:00,443230323937FF171E0D-5,1181400.00,380400.00,429000.00,372000.00,256.20,,,
A,04/01/26,02:24:00,443230323937FF171E0D-5,1181400.00,380400.00,429000.00,372000.00,256.38,,,
A,04/01/26,02:29:00,443230323937FF171E0D-5,1181400.00,380400.00,429000.00,372000.00,256.74,,,
A,04/01/26,02:34:00,443230323937FF171E0D-5,1181400.00,380400.00,429000.00,372000.00,256.98,,,
A,04/01/26,02:39:00,443230323937FF171E0D-5,1181400.00,380400.00,429000.00,372000.00,257.34,,,
A,04/01/26,02:44:00,443230323937FF171E0D-5,1181400.00,380400.00,429000.00,372000.00,257.52,,,
A,04/01/26,02:49:00,443230323937FF171E0D-5,1181400.00,380400.00,429000.00,372000.00,257.88,,,
A,04/01/26,02:54:00,443230323937FF171E0D-5,1181400.00,380400.00,429000.00,372000.00,258.12,,,
A,04/01/26,02:59:00,443230323937FF171E0D-5,1181400.00,380400.00,429000.00,372000.00,258.48,,,
A,04/01/26,03:04:00,443230323937FF171E0D-5,1181400.00,380400.00,429000.00,372000.00,258.72,,,
A,04/01/26,03:09:00,443230323937FF171E0D-5,1181400.00,380400.00,429000.00,372000.00,259.02,,,
A,04/01/26,03:14:00,443230323937FF171E0D-5,1181400.00,380400.00,429000.00,372000.00,259.32,,,
A,04/01/26,03:19:00,443230323937FF171E0D-5,1181400.00,380400.00,429000.00,372000.00,259.62,,,
A,04/01/26,03:24:00,443230323937FF171E0D-5,1181400.00,380400.00,429000.00,372000.00,259.86,,,
A,04/01/26,03:29:00,443230323937FF171E0D-5,1181400.00,380400.00,429000.00,372000.00,260.16,,,
A,04/01/26,03:34:00,443230323937FF171E0D-5,1181400.00,380400.00,429000.00,372000.00,260.46,,,
A,04/01/26,03:39:00,443230323937FF171E0D-5,1181400.00,380400.00,429000.00,372000.00,260.70,,,
A,04/01/26,03:44:00,443230323937FF171E0D-5,1181400.00,380400.00,429000.00,372000.00,261.00,,,
A,04/01/26,03:49:00,443230323937FF171E0D-5,1181400.00,380400.00,429000.00,372000.00,261.30,,,
A,04/01/26,03:54:00,443230323937FF171E0D-5,1181400.00,380400.00,429000.00,372000.00,261.60,,,
A,04/01/26,03:59:00,443230323937FF171E0D-5,1181400.00,380400.00,429000.00,372000.00,261.84,,,
A,04/01/26,04:04:00,443230323937FF171E0D-5,1181400.00,380400.00,429000.00,372000.00,262.14,,,
A,04/01/26,04:09:00,443230323937FF171E0D-5,1181400.00,380400.00,429000.00,372000.00,262.44,,,
A,04/01/26,04:14:00,443230323937FF171E0D-5,1181400.00,380400.00,429000.00,372000.00,262.68,,,
A,04/01/26,04:19:00,443230323937FF171E0D-5,1181400.00,380400.00,429000.00,372000.00,262.92,,,
A,04/01/26,04:24:00,443230323937FF171E0D-5,1181400.00,380400.00,429000.00,372000.00,263.28,,,
A,04/01/26,04:29:00,443230323937FF171E0D-5,1181400.00,380400.00,429000.00,372000.00,263.52,,,
A,04/01/26,04:34:00,443230323937FF171E0D-5,1181400.00,380400.00,429000.00,372000.00,263.82,,,
A,04/01/26,04:39:00,443230323937FF171E0D-5,1181400.00,380400.00,429000.00,372000.00,264.06,,,
A,04/01/26,04:44:00,443230323937FF171E0D-5,1181400.00,380400.00,429000.00,372000.00,264.42,,,
A,04/01/26,04:49:00,443230323937FF171E0D-5,1181400.00,380400.00,429000.00,372000.00,264.60,,,
A,04/01/26,04:54:00,443230323937FF171E0D-5,1181400.00,380400.00,429000.00,372000.00,264.96,,,
A,04/01/26,04:59:00,443230323937FF171E0D-5,1181400.00,380400.00,429000.00,372000.00,265.20,,,
A,04/01/26,05:04:00,443230323937FF171E0D-5,1181400.00,380400.00,429000.00,372000.00,265.56,,,
A,04/01/26,05:09:00,443230323937FF171E0D-5,1181400.00,380400.00,429000.00,372000.00,265.80,,,
A,04/01/26,05:14:00,443230323937FF171E0D-5,1181400.00,380400.00,429000.00,372000.00,266.10,,,
A,04/01/26,05:19:00,443230323937FF171E0D-5,1181400.00,380400.00,429000.00,372000.00,266.40,,,
A,04/01/26,05:24:00,443230323937FF171E0D-5,1181400.00,380400.00,429000.00,372000.00,266.58,,,
A,04/01/26,05:29:00,443230323937FF171E0D-5,1181400.00,380400.00,429000.00,372000.00,266.94,,,
A,04/01/26,05:34:00,443230323937FF171E0D-5,1181400.00,380400.00,429000.00,372000.00,267.18,,,
A,04/01/26,05:39:00,443230323937FF171E0D-5,1181400.00,380400.00,429000.00,372000.00,267.54,,,
A,04/01/26,05:44:00,443230323937FF171E0D-5,1181400.00,380400.00,429000.00,372000.00,267.72,,,
A,04/01/26,05:49:00,443230323937FF171E0D-5,1181400.00,380400.00,429000.00,372000.00,268.08,,,
A,04/01/26,05:54:00,443230323937FF171E0D-5,1181400.00,380400.00,429000.00,372000.00,268.32,,,
A,04/01/26,05:59:00,443230323937FF171E0D-5,1181400.00,380400.00,429000.00,372000.00,268.62,,,
A,04/01/26,06:04:00,443230323937FF171E0D-5,1181400.00,380400.00,429000.00,372000.00,268.86,,,
A,04/01/26,06:09:00,443230323937FF171E0D-5,1181400.00,380400.00,429000.00,372000.00,269.22,,,
A,04/01/26,06:14:00,443230323937FF171E0D-5,1181400.00,380400.00,429000.00,372000.00,269.46,,,
A,04/01/26,06:19:00,443230323937FF171E0D-5,1181400.00,380400.00,429000.00,372000.00,269.70,,,
A,04/01/26,06:24:00,443230323937FF171E0D-5,1181400.00,380400.00,429000.00,372000.00,270.00,,,
A,04/01/26,06:29:00,443230323937FF171E0D-5,1181400.00,380400.00,429000.00,372000.00,270.30,,,
A,04/01/26,06:34:00,443230323937FF171E0D-5,1181400.00,380400.00,429000.00,372000.00,270.60,,,
A,04/01/26,06:39:00,443230323937FF171E0D-5,1181400.00,380400.00,429000.00,372000.00,270.84,,,
A,04/01/26,06:44:00,443230323937FF171E0D-5,1181400.00,380400.00,429000.00,372000.00,271.20,,,
A,04/01/26,06:49:00,443230323937FF171E0D-5,1181400.00,380400.00,429000.00,372000.00,271.44,,,
A,04/01/26,06:54:00,443230323937FF171E0D-5,1181400.00,380400.00,429000.00,372000.00,271.74,,,
A,04/01/26,06:59:00,443230323937FF171E0D-5,1181400.00,380400.00,429000.00,372000.00,271.98,,,
A,04/01/26,07:04:00,443230323937FF171E0D-5,1181400.00,380400.00,429000.00,372000.00,272.28,,,
A,04/01/26,07:09:00,443230323937FF171E0D-5,1181400.00,380400.00,429000.00,372000.00,272.58,,,
A,04/01/26,07:14:00,443230323937FF171E0D-5,1181400.00,380400.00,429000.00,372000.00,272.82,,,
A,04/01/26,07:19:00,443230323937FF171E0D-5,1181400.00,380400.00,429000.00,372000.00,273.18,,,
A,04/01/26,07:24:00,443230323937FF171E0D-5,1181400.00,380400.00,429000.00,372000.00,273.36,,,
A,04/01/26,07:29:00,443230323937FF171E0D-5,1181400.00,380400.00,429000.00,372000.00,273.72,,,
A,04/01/26,07:34:00,443230323937FF171E0D-5,1181400.00,380400.00,429000.00,372000.00,273.96,,,
A,04/01/26,07:39:00,443230323937FF171E0D-5,1181400.00,380400.00,429000.00,372000.00,274.20,,,
A,04/01/26,07:44:00,443230323937FF171E0D-5,1181400.00,380400.00,429000.00,372000.00,274.56,,,
A,04/01/26,07:49:00,443230323937FF171E0D-5,1181400.00,380400.00,429000.00,372000.00,274.80,,,
A,04/01/26,07:54:00,443230323937FF171E0D-5,1181400.00,380400.00,429000.00,372000.00,275.10,,,
A,04/01/26,07:59:00,443230323937FF171E0D-5,1181400.00,380400.00,429000.00,372000.00,275.34,,,
A,04/01/26,08:04:00,443230323937FF171E0D-5,1181400.00,380400.00,429000.00,372000.00,275.64,,,
A,04/01/26,08:09:00,443230323937FF171E0D-5,1181400.00,380400.00,429000.00,372000.00,275.88,,,
A,04/01/26,08:14:00,443230323937FF171E0D-5,1181400.00,380400.00,429000.00,372000.00,276.18,,,
A,04/01/26,08:19:00,443230323937FF171E0D-5,1181400.00,380400.00,429000.00,372000.00,276.54,,,
A,04/01/26,08:24:00,443230323937FF171E0D-5,1181400.00,380400.00,429000.00,372000.00,276.72,,,
A,04/01/26,08:29:00,443230323937FF171E0D-5,1181400.00,380400.00,429000.00,372000.00,277.02,,,
A,04/01/26,08:34:00,443230323937FF171E0D-5,1181400.00,380400.00,429000.00,372000.00,277.32,,,
A,04/01/26,08:39:00,443230323937FF171E0D-5,1181400.00,380400.00,429000.00,372000.00,277.56,,,
A,04/01/26,08:44:00,443230323937FF171E0D-5,1181400.00,380400.00,429000.00,372000.00,277.86,,,
A,04/01/26,08:49:00,443230323937FF171E0D-5,1181400.00,380400.00,429000.00,372000.00,278.16,,,
A,04/01/26,08:54:00,443230323937FF171E0D-5,1181400.00,380400.00,429000.00,372000.00,278.46,,,
A,04/01/26,08:59:00,443230323937FF171E0D-5,1181400.00,380400.00,429000.00,372000.00,278.70,,,
A,04/01/26,09:04:00,443230323937FF171E0D-5,1181400.00,380400.00,429000.00,372000.00,279.00,,,
A,04/01/26,09:09:00,443230323937FF171E0D-5,1181400.00,380400.00,429000.00,372000.00,279.24,,,
A,04/01/26,09:14:00,443230323937FF171E0D-5,1181400.00,380400.00,429000.00,372000.00,279.54,,,
A,04/01/26,09:19:00,443230323937FF171E0D-5,1181400.00,380400.00,429000.00,372000.00,279.84,,,
A,04/01/26,09:24:00,443230323937FF171E0D-5,1181400.00,380400.00,429000.00,372000.00,280.08,,,
A,04/01/26,09:29:00,443230323937FF171E0D-5,1181400.00,380400.00,429000.00,372000.00,280.38,,,
A,04/01/26,09:34:00,443230323937FF171E0D-5,1181400.00,380400.00,429000.00,372000.00,280.68,,,
A,04/01/26,09:39:00,443230323937FF171E0D-5,1181400.00,380400.00,429000.00,372000.00,280.92,,,
A,04/01/26,09:44:00,443230323937FF171E0D-5,1181400.00,380400.00,429000.00,372000.00,281.22,,,
A,04/01/26,09:49:00,443230323937FF171E0D-5,1181400.00,380400.00,429000.00,372000.00,281.46,,,
A,04/01/26,09:54:00,443230323937FF171E0D-5,1181400.00,380400.00,429000.00,372000.00,281.70,,,
A,04/01/26,09:59:00,443230323937FF171E0D-5,1181400.00,380400.00,429000.00,372000.00,282.06,,,
A,04/01/26,10:04:00,443230323937FF171E0D-5,1181400.00,380400.00,429000.00,372000.00,282.30,,,
A,04/01/26,10:09:00,443230323937FF171E0D-5,1181400.00,380400.00,429000.00,372000.00,282.60,,,
A,04/01/26,10:14:00,443230323937FF171E0D-5,1181400.00,380400.00,429000.00,372000.00,282.90,,,
A,04/01/26,10:19:00,443230323937FF171E0D-5,1181400.00,380400.00,429000.00,372000.00,283.14,,,
A,04/01/26,10:24:00,443230323937FF171E0D-5,1181400.00,380400.00,429000.00,372000.00,283.44,,,
A,04/01/26,10:29:00,443230323937FF171E0D-5,1181400.00,380400.00,429000.00,372000.00,283.68,,,
A,04/01/26,10:34:00,443230323937FF171E0D-5,1181400.00,380400.00,429000.00,372000.00,283.98,,,
A,04/01/26,10:39:00,443230323937FF171E0D-5,1181400.00,380400.00,429000.00,372000.00,284.28,,,
A,04/01/26,10:44:00,443230323937FF171E0D-5,1181400.00,380400.00,429000.00,372000.00,284.52,,,
A,04/01/26,10:49:00,443230323937FF171E0D-5,1181400.00,380400.00,429000.00,372000.00,284.82,,,
A,04/01/26,10:54:00,443230323937FF171E0D-5,1181400.00,380400.00,429000.00,372000.00,285.06,,,
A,04/01/26,10:59:00,443230323937FF171E0D-5,1181400.00,380400.00,429000.00,372000.00,285.42,,,
A,04/01/26,11:04:00,443230323937FF171E0D-5,1181400.00,380400.00,429000.00,372000.00,285.60,,,
A,04/01/26,11:09:00,443230323937FF171E0D-5,1181400.00,380400.00,429000.00,372000.00,285.90,,,
A,04/01/26,11:14:00,443230323937FF171E0D-5,1181400.00,380400.00,429000.00,372000.00,286.20,,,
A,04/01/26,11:19:00,443230323937FF171E0D-5,1181400.00,380400.00,429000.00,372000.00,286.44,,,
A,04/01/26,11:24:00,443230323937FF171E0D-5,1181400.00,380400.00,429000.00,372000.00,286.80,,,
A,04/01/26,11:29:00,443230323937FF171E0D-5,1181400.00,380400.00,429000.00,372000.00,286.98,,,
A,04/01/26,11:34:00,443230323937FF171E0D-5,1181400.00,380400.00,429000.00,372000.00,287.28,,,
A,04/01/26,11:39:00,443230323937FF171E0D-5,1181400.00,380400.00,429000.00,372000.00,287.58,,,
A,04/01/26,11:44:00,443230323937FF171E0D-5,1181400.00,380400.00,429000.00,372000.00,287.82,,,
A,04/01/26,11:49:00,443230323937FF171E0D-5,1181400.00,380400.00,429000.00,372000.00,288.12,,,
A,04/01/26,11:54:00,443230323937FF171E0D-5,1181400.00,380400.00,429000.00,372000.00,288.42,,,
A,04/01/26,11:59:00,443230323937FF171E0D-5,1181400.00,380400.00,429000.00,372000.00,288.66,,,
A,04/01/26,12:04:00,443230323937FF171E0D-5,1181400.00,380400.00,429000.00,372000.00,288.96,,,
A,04/01/26,12:09:00,443230323937FF171E0D-5,1181400.00,380400.00,429000.00,372000.00,289.26,,,
A,04/01/26,12:14:00,443230323937FF171E0D-5,1181400.00,380400.00,429000.00,372000.00,289.44,,,
A,04/01/26,12:19:00,443230323937FF171E0D-5,1181400.00,380400.00,429000.00,372000.00,289.80,,,
A,04/01/26,12:24:00,443230323937FF171E0D-5,1181400.00,380400.00,429000.00,372000.00,290.04,,,
A,04/01/26,12:29:00,443230323937FF171E0D-5,1181400.00,380400.00,429000.00,372000.00,290.34,,,
A,04/01/26,12:34:00,443230323937FF171E0D-5,1181400.00,380400.00,429000.00,372000.00,290.64,,,
A,04/01/26,12:39:00,443230323937FF171E0D-5,1181400.00,380400.00,429000.00,372000.00,290.82,,,
A,04/01/26,12:44:00,443230323937FF171E0D-5,1181400.00,380400.00,429000.00,372000.00,291.18,,,
A,04/01/26,12:49:00,443230323937FF171E0D-5,1181400.00,380400.00,429000.00,372000.00,291.42,,,
A,04/01/26,12:54:00,443230323937FF171E0D-5,1181400.00,380400.00,429000.00,372000.00,291.72,,,
A,04/01/26,12:59:00,443230323937FF171E0D-5,1181400.00,380400.00,429000.00,372000.00,291.96,,,
A,04/01/26,13:04:00,443230323937FF171E0D-5,1181400.00,380400.00,429000.00,372000.00,292.26,,,
A,04/01/26,13:09:00,443230323937FF171E0D-5,1181400.00,380400.00,429000.00,372000.00,292.50,,,
A,04/01/26,13:14:00,443230323937FF171E0D-5,1181400.00,380400.00,429000.00,372000.00,292.80,,,
A,04/01/26,13:19:00,443230323937FF171E0D-5,1181400.00,380400.00,429000.00,372000.00,293.16,,,
A,04/01/26,13:24:00,443230323937FF171E0D-5,1181400.00,380400.00,429000.00,372000.00,293.34,,,
A,04/01/26,13:29:00,443230323937FF171E0D-5,1181400.00,380400.00,429000.00,372000.00,293.70,,,
A,04/01/26,13:34:00,443230323937FF171E0D-5,1181400.00,380400.00,429000.00,372000.00,293.94,,,
A,04/01/26,13:39:00,443230323937FF171E0D-5,1181400.00,380400.00,429000.00,372000.00,294.18,,,
A,04/01/26,13:44:00,443230323937FF171E0D-5,1181400.00,380400.00,429000.00,372000.00,294.48,,,
A,04/01/26,13:49:00,443230323937FF171E0D-5,1181400.00,380400.00,429000.00,372000.00,294.78,,,
A,04/01/26,13:54:00,443230323937FF171E0D-5,1181400.00,380400.00,429000.00,372000.00,295.08,,,
A,04/01/26,13:59:00,443230323937FF171E0D-5,1181400.00,380400.00,429000.00,372000.00,295.32,,,
A,04/01/26,14:04:00,443230323937FF171E0D-5,1181400.00,380400.00,429000.00,372000.00,295.68,,,
A,04/01/26,14:09:00,443230323937FF171E0D-5,1181400.00,380400.00,429000.00,372000.00,295.86,,,
A,04/01/26,14:14:00,443230323937FF171E0D-5,1181400.00,380400.00,429000.00,372000.00,296.16,,,
A,04/01/26,14:19:00,443230323937FF171E0D-5,1181400.00,380400.00,429000.00,372000.00,296.46,,,
A,04/01/26,14:24:00,443230323937FF171E0D-5,1181400.00,380400.00,429000.00,372000.00,296.76,,,
A,04/01/26,14:29:00,443230323937FF171E0D-5,1181400.00,380400.00,429000.00,372000.00,297.00,,,
A,04/01/26,14:34:00,443230323937FF171E0D-5,1181400.00,380400.00,429000.00,372000.00,297.30,,,
A,04/01/26,14:39:00,443230323937FF171E0D-5,1181400.00,380400.00,429000.00,372000.00,297.60,,,
A,04/01/26,14:44:00,443230323937FF171E0D-5,1181400.00,380400.00,429000.00,372000.00,297.84,,,
A,04/01/26,14:49:00,443230323937FF171E0D-5,1181400.00,380400.00,429000.00,372000.00,298.14,,,
A,04/01/26,14:54:00,443230323937FF171E0D-5,1181400.00,380400.00,429000.00,372000.00,298.44,,,
A,04/01/26,14:59:00,443230323937FF171E0D-5,1181400.00,380400.00,429000.00,372000.00,298.62,,,
A,04/01/26,15:04:00,443230323937FF171E0D-5,1181400.00,380400.00,429000.00,372000.00,298.98,,,
A,04/01/26,15:09:00,443230323937FF171E0D-5,1181400.00,380400.00,429000.00,372000.00,299.28,,,
A,04/01/26,15:14:00,443230323937FF171E0D-5,1181400.00,380400.00,429000.00,372000.00,299.52,,,
A,04/01/26,15:19:00,443230323937FF171E0D-5,1181400.00,380400.00,429000.00,372000.00,299.82,,,
A,04/01/26,15:24:00,443230323937FF171E0D-5,1181400.00,380400.00,429000.00,372000.00,300.00,,,
A,04/01/26,15:29:00,443230323937FF171E0D-5,1181400.00,380400.00,429000.00,372000.00,300.36,,,
A,04/01/26,15:34:00,443230323937FF171E0D-5,1181400.00,380400.00,429000.00,372000.00,300.60,,,
A,04/01/26,15:39:00,443230323937FF171E0D-5,1181400.00,380400.00,429000.00,372000.00,300.96,,,
A,04/01/26,15:44:00,443230323937FF171E0D-5,1181400.00,380400.00,429000.00,372000.00,301.14,,,
A,04/01/26,15:49:00,443230323937FF171E0D-5,1181400.00,380400.00,429000.00,372000.00,301.44,,,
A,04/01/26,15:54:00,443230323937FF171E0D-5,1181400.00,380400.00,429000.00,372000.00,301.80,,,
A,04/01/26,15:59:00,443230323937FF171E0D-5,1181400.00,380400.00,429000.00,372000.00,301.98,,,
A,04/01/26,16:04:00,443230323937FF171E0D-5,1181400.00,380400.00,429000.00,372000.00,302.34,,,
A,04/01/26,16:09:00,443230323937FF171E0D-5,1181400.00,380400.00,429000.00,372000.00,302.52,,,
A,04/01/26,16:14:00,443230323937FF171E0D-5,1181400.00,380400.00,429000.00,372000.00,302.88,,,
A,04/01/26,16:19:00,443230323937FF171E0D-5,1181400.00,380400.00,429000.00,372000.00,303.12,,,
A,04/01/26,16:24:00,443230323937FF171E0D-5,1181400.00,380400.00,429000.00,372000.00,303.36,,,
A,04/01/26,16:29:00,443230323937FF171E0D-5,1181400.00,380400.00,429000.00,372000.00,303.66,,,
A,04/01/26,16:34:00,443230323937FF171E0D-5,1181400.00,380400.00,429000.00,372000.00,303.96,,,
A,04/01/26,16:39:00,443230323937FF171E0D-5,1181400.00,380400.00,429000.00,372000.00,304.26,,,
A,04/01/26,16:44:00,443230323937FF171E0D-5,1181400.00,380400.00,429000.00,372000.00,304.50,,,
A,04/01/26,16:49:00,443230323937FF171E0D-5,1181400.00,380400.00,429000.00,372000.00,304.80,,,
A,04/01/26,16:54:00,443230323937FF171E0D-5,1181400.00,380400.00,429000.00,372000.00,305.10,,,
A,04/01/26,16:59:00,443230323937FF171E0D-5,1181400.00,380400.00,429000.00,372000.00,305.34,,,
A,04/01/26,17:04:00,443230323937FF171E0D-5,1181400.00,380400.00,429000.00,372000.00,305.64,,,
A,04/01/26,17:09:00,443230323937FF171E0D-5,1181400.00,380400.00,429000.00,372000.00,305.94,,,
A,04/01/26,17:14:00,443230323937FF171E0D-5,1181400.00,380400.00,429000.00,372000.00,306.12,,,
A,04/01/26,17:19:00,443230323937FF171E0D-5,1181400.00,380400.00,429000.00,372000.00,306.48,,,
A,04/01/26,17:24:00,443230323937FF171E0D-5,1181400.00,380400.00,429000.00,372000.00,306.72,,,
A,04/01/26,17:29:00,443230323937FF171E0D-5,1181400.00,380400.00,429000.00,372000.00,307.02,,,
A,04/01/26,17:34:00,443230323937FF171E0D-5,1181400.00,380400.00,429000.00,372000.00,307.32,,,
A,04/01/26,17:39:00,443230323937FF171E0D-5,1181400.00,380400.00,429000.00,372000.00,307.50,,,
A,04/01/26,17:44:00,443230323937FF171E0D-5,1181400.00,380400.00,429000.00,372000.00,307.86,,,
A,04/01/26,17:49:00,443230323937FF171E0D-5,1181400.00,380400.00,429000.00,372000.00,308.10,,,
A,04/01/26,17:54:00,443230323937FF171E0D-5,1181400.00,380400.00,429000.00,372000.00,308.40,,,
A,04/01/26,17:59:00,443230323937FF171E0D-5,1181400.00,380400.00,429000.00,372000.00,308.64,,,
A,04/01/26,18:04:00,443230323937FF171E0D-5,1181400.00,380400.00,429000.00,372000.00,308.94,,,
A,04/01/26,18:09:00,443230323937FF171E0D-5,1181400.00,380400.00,429000.00,372000.00,309.18,,,
A,04/01/26,18:14:00,443230323937FF171E0D-5,1181400.00,380400.00,429000.00,372000.00,309.48,,,
A,04/01/26,18:19:00,443230323937FF171E0D-5,1181400.00,380400.00,429000.00,372000.00,309.84,,,
A,04/01/26,18:24:00,443230323937FF171E0D-5,1181400.00,380400.00,429000.00,372000.00,310.02,,,
A,04/01/26,18:29:00,443230323937FF171E0D-5,1181400.00,380400.00,429000.00,372000.00,310.38,,,
A,04/01/26,18:34:00,443230323937FF171E0D-5,1181400.00,380400.00,429000.00,372000.00,310.62,,,
A,04/01/26,18:39:00,443230323937FF171E0D-5,1181400.00,380400.00,429000.00,372000.00,310.86,,,
A,04/01/26,18:44:00,443230323937FF171E0D-5,1181400.00,380400.00,429000.00,372000.00,311.16,,,
A,04/01/26,18:49:00,443230323937FF171E0D-5,1181400.00,380400.00,429000.00,372000.00,311.40,,,
A,04/01/26,18:54:00,443230323937FF171E0D-5,1181400.00,380400.00,429000.00,372000.00,311.70,,,
A,04/01/26,18:59:00,443230323937FF171E0D-5,1181400.00,380400.00,429000.00,372000.00,312.00,,,
A,04/01/26,19:04:00,443230323937FF171E0D-5,1181400.00,380400.00,429000.00,372000.00,312.18,,,
A,04/01/26,19:09:00,443230323937FF171E0D-5,1181400.00,380400.00,429000.00,372000.00,312.54,,,
A,04/01/26,19:14:00,443230323937FF171E0D-5,1181400.00,380400.00,429000.00,372000.00,312.72,,,
A,04/01/26,19:19:00,443230323937FF171E0D-5,1181400.00,380400.00,429000.00,372000.00,313.08,,,
A,04/01/26,19:24:00,443230323937FF171E0D-5,1181400.00,380400.00,429000.00,372000.00,313.38,,,
A,04/01/26,19:29:00,443230323937FF171E0D-5,1181400.00,380400.00,429000.00,372000.00,313.56,,,
A,04/01/26,19:34:00,443230323937FF171E0D-5,1181400.00,380400.00,429000.00,372000.00,313.92,,,
A,04/01/26,19:39:00,443230323937FF171E0D-5,1181400.00,380400.00,429000.00,372000.00,314.10,,,
A,04/01/26,19:44:00,443230323937FF171E0D-5,1181400.00,380400.00,429000.00,372000.00,314.46,,,
A,04/01/26,19:49:00,443230323937FF171E0D-5,1181400.00,380400.00,429000.00,372000.00,314.70,,,
A,04/01/26,19:54:00,443230323937FF171E0D-5,1181400.00,380400.00,429000.00,372000.00,315.00,,,
A,04/01/26,19:59:00,443230323937FF171E0D-5,1181400.00,380400.00,429000.00,372000.00,315.24,,,
A,04/01/26,20:04:00,443230323937FF171E0D-5,1181400.00,380400.00,429000.00,372000.00,315.48,,,
A,04/01/26,20:09:00,443230323937FF171E0D-5,1181400.00,380400.00,429000.00,372000.00,315.78,,,
A,04/01/26,20:14:00,443230323937FF171E0D-5,1181400.00,380400.00,429000.00,372000.00,316.02,,,
A,04/01/26,20:19:00,443230323937FF171E0D-5,1181400.00,380400.00,429000.00,372000.00,316.32,,,
A,04/01/26,20:24:00,443230323937FF171E0D-5,1181400.00,380400.00,429000.00,372000.00,316.62,,,
A,04/01/26,20:29:00,443230323937FF171E0D-5,1181400.00,380400.00,429000.00,372000.00,316.80,,,
A,04/01/26,20:34:00,443230323937FF171E0D-5,1181400.00,380400.00,429000.00,372000.00,317.16,,,
A,04/01/26,20:39:00,443230323937FF171E0D-5,1181400.00,380400.00,429000.00,372000.00,317.34,,,
A,04/01/26,20:44:00,443230323937FF171E0D-5,1181400.00,380400.00,429000.00,372000.00,317.70,,,
A,04/01/26,20:49:00,443230323937FF171E0D-5,1181400.00,380400.00,429000.00,372000.00,318.00,,,
A,04/01/26,20:54:00,443230323937FF171E0D-5,1181400.00,380400.00,429000.00,372000.00,318.18,,,
A,04/01/26,20:59:00,443230323937FF171E0D-5,1181400.00,380400.00,429000.00,372000.00,318.54,,,
A,04/01/26,21:04:00,443230323937FF171E0D-5,1181400.00,380400.00,429000.00,372000.00,318.78,,,
A,04/01/26,21:09:00,443230323937FF171E0D-5,1181400.00,380400.00,429000.00,372000.00,319.08,,,
A,04/01/26,21:14:00,443230323937FF171E0D-5,1181400.00,380400.00,429000.00,372000.00,319.32,,,
A,04/01/26,21:19:00,443230323937FF171E0D-5,1181400.00,380400.00,429000.00,372000.00,319.62,,,
A,04/01/26,21:24:00,443230323937FF171E0D-5,1181400.00,380400.00,429000.00,372000.00,319.86,,,
A,04/01/26,21:29:00,443230323937FF171E0D-5,1181400.00,380400.00,429000.00,372000.00,320.16,,,
A,04/01/26,21:34:00,443230323937FF171E0D-5,1181400.00,380400.00,429000.00,372000.00,320.40,,,
A,04/01/26,21:39:00,443230323937FF171E0D-5,1181400.00,380400.00,429000.00,372000.00,320.70,,,
A,04/01/26,21:44:00,443230323937FF171E0D-5,1181400.00,380400.00,429000.00,372000.00,321.00,,,
A,04/01/26,21:49:00,443230323937FF171E0D-5,1181400.00,380400.00,429000.00,372000.00,321.24,,,
A,04/01/26,21:54:00,443230323937FF171E0D-5,1181400.00,380400.00,429000.00,372000.00,321.54,,,
A,04/01/26,21:59:00,443230323937FF171E0D-5,1181400.00,380400.00,429000.00,372000.00,321.78,,,
A,04/01/26,22:04:00,443230323937FF171E0D-5,1181400.00,380400.00,429000.00,372000.00,322.02,,,
A,04/01/26,22:09:00,443230323937FF171E0D-5,1181400.00,380400.00,429000.00,372000.00,322.38,,,
A,04/01/26,22:14:00,443230323937FF171E0D-5,1181400.00,380400.00,429000.00,372000.00,322.56,,,
A,04/01/26,22:19:00,443230323937FF171E0D-5,1181400.00,380400.00,429000.00,372000.00,322.92,,,
A,04/01/26,22:24:00,443230323937FF171E0D-5,1181400.00,380400.00,429000.00,372000.00,323.16,,,
A,04/01/26,22:29:00,443230323937FF171E0D-5,1181400.00,380400.00,429000.00,372000.00,323.46,,,
A,04/01/26,22:34:00,443230323937FF171E0D-5,1181400.00,380400.00,429000.00,372000.00,323.70,,,
A,04/01/26,22:39:00,443230323937FF171E0D-5,1181400.00,380400.00,429000.00,372000.00,324.00,,,
A,04/01/26,22:44:00,443230323937FF171E0D-5,1181400.00,380400.00,429000.00,372000.00,324.24,,,
A,04/01/26,22:49:00,443230323937FF171E0D-5,1181400.00,380400.00,429000.00,372000.00,324.54,,,
A,04/01/26,22:54:00,443230323937FF171E0D-5,1181400.00,380400.00,429000.00,372000.00,324.84,,,
A,04/01/26,22:59:00,443230323937FF171E0D-5,1181400.00,380400.00,429000.00,372000.00,325.08,,,
A,04/01/26,23:04:00,443230323937FF171E0D-5,1181400.00,380400.00,429000.00,372000.00,325.38,,,
A,04/01/26,23:09:00,443230323937FF171E0D-5,1181400.00,380400.00,429000.00,372000.00,325.68,,,
A,04/01/26,23:14:00,443230323937FF171E0D-5,1181400.00,380400.00,429000.00,372000.00,325.92,,,
A,04/01/26,23:19:00,443230323937FF171E0D-5,1181400.00,380400.00,429000.00,372000.00,326.22,,,
A,04/01/26,23:24:00,443230323937FF171E0D-5,1181400.00,380400.00,429000.00,372000.00,326.40,,,
A,04/01/26,23:29:00,443230323937FF171E0D-5,1181400.00,380400.00,429000.00,372000.00,326.76,,,
A,04/01/26,23:34:00,443230323937FF171E0D-5,1181400.00,380400.00,429000.00,372000.00,327.00,,,
A,04/01/26,23:39:00,443230323937FF171E0D-5,1181400.00,380400.00,429000.00,372000.00,327.24,,,
A,04/01/26,23:44:00,443230323937FF171E0D-5,1181400.00,380400.00,429000.00,372000.00,327.54,,,
A,04/01/26,23:49:00,443230323937FF171E0D-5,1181400.00,380400.00,429000.00,372000.00,327.84,,,
A,04/01/26,23:54:00,443230323937FF171E0D-5,1181400.00,380400.00,429000.00,372000.00,328.08,,,
A,04/01/26,23:59:00,443230323937FF171E0D-5,1181400.00,380400.00,429000.00,372000.00,328.32,,,
A,05/01/26,00:04:00,443230323937FF171E0D-5,1181400.00,380400.00,429000.00,372000.00,328.68,,,
A,05/01/26,00:09:00,443230323937FF171E0D-5,1181400.00,380400.00,429000.00,372000.00,328.86,,,
A,05/01/26,00:14:00,443230323937FF171E0D-5,1181400.00,380400.00,429000.00,372000.00,329.22,,,
A,05/01/26,00:19:00,443230323937FF171E0D-5,1181400.00,380400.00,429000.00,372000.00,329.46,,,
A,05/01/26,00:24:00,443230323937FF171E0D-5,1181400.00,380400.00,429000.00,372000.00,329.76,,,
A,05/01/26,00:29:00,443230323937FF171E0D-5,1181400.00,380400.00,429000.00,372000.00,330.00,,,
A,05/01/26,00:34:00,443230323937FF171E0D-5,1181400.00,380400.00,429000.00,372000.00,330.36,,,
A,05/01/26,00:39:00,443230323937FF171E0D-5,1181400.00,380400.00,429000.00,372000.00,330.54,,,
A,05/01/26,00:44:00,443230323937FF171E0D-5,1181400.00,380400.00,429000.00,372000.00,330.84,,,
A,05/01/26,00:49:00,443230323937FF171E0D-5,1181400.00,380400.00,429000.00,372000.00,331.14,,,
A,05/01/26,00:54:00,443230323937FF171E0D-5,1181400.00,380400.00,429000.00,372000.00,331.38,,,
A,05/01/26,00:59:00,443230323937FF171E0D-5,1181400.00,380400.00,429000.00,372000.00,331.68,,,
A,05/01/26,01:04:00,443230323937FF171E0D-5,1181400.00,380400.00,429000.00,372000.00,331.98,,,
A,05/01/26,01:09:00,443230323937FF171E0D-5,1181400.00,380400.00,429000.00,372000.00,332.22,,,
A,05/01/26,01:14:00,443230323937FF171E0D-5,1181400.00,380400.00,429000.00,372000.00,332.52,,,
A,05/01/26,01:19:00,443230323937FF171E0D-5,1181400.00,380400.00,429000.00,372000.00,332.76,,,
A,05/01/26,01:24:00,443230323937FF171E0D-5,1181400.00,380400.00,429000.00,372000.00,333.06,,,
A,05/01/26,01:29:00,443230323937FF171E0D-5,1181400.00,380400.00,429000.00,372000.00,333.30,,,
A,05/01/26,01:34:00,443230323937FF171E0D-5,1181400.00,380400.00,429000.00,372000.00,333.66,,,
A,05/01/26,01:39:00,443230323937FF171E0D-5,1181400.00,380400.00,429000.00,372000.00,333.84,,,
A,05/01/26,01:44:00,443230323937FF171E0D-5,1181400.00,380400.00,429000.00,372000.00,334.20,,,
A,05/01/26,01:49:00,443230323937FF171E0D-5,1181400.00,380400.00,429000.00,372000.00,334.44,,,
A,05/01/26,01:54:00,443230323937FF171E0D-5,1181400.00,380400.00,429000.00,372000.00,334.62,,,
A,05/01/26,01:59:00,443230323937FF171E0D-5,1181400.00,380400.00,429000.00,372000.00,334.98,,,
A,05/01/26,02:04:00,443230323937FF171E0D-5,1181400.00,380400.00,429000.00,372000.00,335.22,,,
A,05/01/26,02:09:00,443230323937FF171E0D-5,1181400.00,380400.00,429000.00,372000.00,335.52,,,
A,05/01/26,02:14:00,443230323937FF171E0D-5,1181400.00,380400.00,429000.00,372000.00,335.76,,,
A,05/01/26,02:19:00,443230323937FF171E0D-5,1181400.00,380400.00,429000.00,372000.00,336.12,,,
A,05/01/26,02:24:00,443230323937FF171E0D-5,1181400.00,380400.00,429000.00,372000.00,336.30,,,
A,05/01/26,02:29:00,443230323937FF171E0D-5,1181400.00,380400.00,429000.00,372000.00,336.60,,,
A,05/01/26,02:34:00,443230323937FF171E0D-5,1181400.00,380400.00,429000.00,372000.00,336.90,,,
A,05/01/26,02:39:00,443230323937FF171E0D-5,1181400.00,380400.00,429000.00,372000.00,337.14,,,
A,05/01/26,02:44:00,443230323937FF171E0D-5,1181400.00,380400.00,429000.00,372000.00,337.44,,,
A,05/01/26,02:49:00,443230323937FF171E0D-5,1181400.00,380400.00,429000.00,372000.00,337.74,,,
A,05/01/26,02:54:00,443230323937FF171E0D-5,1181400.00,380400.00,429000.00,372000.00,337.98,,,
A,05/01/26,02:59:00,443230323937FF171E0D-5,1181400.00,380400.00,429000.00,372000.00,338.28,,,
A,05/01/26,03:04:00,443230323937FF171E0D-5,1181400.00,380400.00,429000.00,372000.00,338.52,,,
A,05/01/26,03:09:00,443230323937FF171E0D-5,1181400.00,380400.00,429000.00,372000.00,338.82,,,
A,05/01/26,03:14:00,443230323937FF171E0D-5,1181400.00,380400.00,429000.00,372000.00,339.06,,,
A,05/01/26,03:19:00,443230323937FF171E0D-5,1181400.00,380400.00,429000.00,372000.00,339.42,,,
A,05/01/26,03:24:00,443230323937FF171E0D-5,1181400.00,380400.00,429000.00,372000.00,339.60,,,
A,05/01/26,03:29:00,443230323937FF171E0D-5,1181400.00,380400.00,429000.00,372000.00,339.96,,,
A,05/01/26,03:34:00,443230323937FF171E0D-5,1181400.00,380400.00,429000.00,372000.00,340.20,,,
A,05/01/26,03:39:00,443230323937FF171E0D-5,1181400.00,380400.00,429000.00,372000.00,340.44,,,
A,05/01/26,03:44:00,443230323937FF171E0D-5,1181400.00,380400.00,429000.00,372000.00,340.74,,,
A,05/01/26,03:49:00,443230323937FF171E0D-5,1181400.00,380400.00,429000.00,372000.00,341.04,,,
A,05/01/26,03:54:00,443230323937FF171E0D-5,1181400.00,380400.00,429000.00,372000.00,341.28,,,
A,05/01/26,03:59:00,443230323937FF171E0D-5,1181400.00,380400.00,429000.00,372000.00,341.58,,,
A,05/01/26,04:04:00,443230323937FF171E0D-5,1181400.00,380400.00,429000.00,372000.00,341.88,,,
A,05/01/26,04:09:00,443230323937FF171E0D-5,1181400.00,380400.00,429000.00,372000.00,342.12,,,
A,05/01/26,04:14:00,443230323937FF171E0D-5,1181400.00,380400.00,429000.00,372000.00,342.36,,,
A,05/01/26,04:19:00,443230323937FF171E0D-5,1181400.00,380400.00,429000.00,372000.00,342.72,,,
A,05/01/26,04:24:00,443230323937FF171E0D-5,1181400.00,380400.00,429000.00,372000.00,342.90,,,
A,05/01/26,04:29:00,443230323937FF171E0D-5,1181400.00,380400.00,429000.00,372000.00,343.26,,,
A,05/01/26,04:34:00,443230323937FF171E0D-5,1181400.00,380400.00,429000.00,372000.00,343.50,,,
A,05/01/26,04:39:00,443230323937FF171E0D-5,1181400.00,380400.00,429000.00,372000.00,343.80,,,
A,05/01/26,04:44:00,443230323937FF171E0D-5,1181400.00,380400.00,429000.00,372000.00,344.04,,,
A,05/01/26,04:49:00,443230323937FF171E0D-5,1181400.00,380400.00,429000.00,372000.00,344.34,,,
A,05/01/26,04:54:00,443230323937FF171E0D-5,1181400.00,380400.00,429000.00,372000.00,344.58,,,
A,05/01/26,04:59:00,443230323937FF171E0D-5,1181400.00,380400.00,429000.00,372000.00,344.88,,,
A,05/01/26,05:04:00,443230323937FF171E0D-5,1181400.00,380400.00,429000.00,372000.00,345.18,,,
A,05/01/26,05:09:00,443230323937FF171E0D-5,1181400.00,380400.00,429000.00,372000.00,345.42,,,
A,05/01/26,05:14:00,443230323937FF171E0D-5,1181400.00,380400.00,429000.00,372000.00,345.72,,,
A,05/01/26,05:19:00,443230323937FF171E0D-5,1181400.00,380400.00,429000.00,372000.00,346.02,,,
A,05/01/26,05:24:00,443230323937FF171E0D-5,1181400.00,380400.00,429000.00,372000.00,346.20,,,
A,05/01/26,05:29:00,443230323937FF171E0D-5,1181400.00,380400.00,429000.00,372000.00,346.56,,,
A,05/01/26,05:34:00,443230323937FF171E0D-5,1181400.00,380400.00,429000.00,372000.00,346.80,,,
A,05/01/26,05:39:00,443230323937FF171E0D-5,1181400.00,380400.00,429000.00,372000.00,347.10,,,
A,05/01/26,05:44:00,443230323937FF171E0D-5,1181400.00,380400.00,429000.00,372000.00,347.34,,,
A,05/01/26,05:49:00,443230323937FF171E0D-5,1181400.00,380400.00,429000.00,372000.00,347.64,,,
A,05/01/26,05:54:00,443230323937FF171E0D-5,1181400.00,380400.00,429000.00,372000.00,347.88,,,
A,05/01/26,05:59:00,443230323937FF171E0D-5,1181400.00,380400.00,429000.00,372000.00,348.18,,,
A,05/01/26,06:04:00,443230323937FF171E0D-5,1181400.00,380400.00,429000.00,372000.00,348.42,,,
A,05/01/26,06:09:00,443230323937FF171E0D-5,1181400.00,380400.00,429000.00,372000.00,348.72,,,
A,05/01/26,06:14:00,443230323937FF171E0D-5,1181400.00,380400.00,429000.00,372000.00,348.96,,,
A,05/01/26,06:19:00,443230323937FF171E0D-5,1181400.00,380400.00,429000.00,372000.00,349.26,,,
A,05/01/26,06:24:00,443230323937FF171E0D-5,1181400.00,380400.00,429000.00,372000.00,349.50,,,
A,05/01/26,06:29:00,443230323937FF171E0D-5,1181400.00,380400.00,429000.00,372000.00,349.80,,,
A,05/01/26,06:34:00,443230323937FF171E0D-5,1181400.00,380400.00,429000.00,372000.00,350.04,,,
A,05/01/26,06:39:00,443230323937FF171E0D-5,1181400.00,380400.00,429000.00,372000.00,350.40,,,
A,05/01/26,06:44:00,443230323937FF171E0D-5,1181400.00,380400.00,429000.00,372000.00,350.58,,,
A,05/01/26,06:49:00,443230323937FF171E0D-5,1181400.00,380400.00,429000.00,372000.00,350.88,,,
A,05/01/26,06:54:00,443230323937FF171E0D-5,1181400.00,380400.00,429000.00,372000.00,351.24,,,
A,05/01/26,06:59:00,443230323937FF171E0D-5,1181400.00,380400.00,429000.00,372000.00,351.42,,,
A,05/01/26,07:04:00,443230323937FF171E0D-5,1181400.00,380400.00,429000.00,372000.00,351.78,,,
A,05/01/26,07:09:00,443230323937FF171E0D-5,1181400.00,380400.00,429000.00,372000.00,352.02,,,
A,05/01/26,07:14:00,443230323937FF171E0D-5,1181400.00,380400.00,429000.00,372000.00,352.32,,,
A,05/01/26,07:19:00,443230323937FF171E0D-5,1181400.00,380400.00,429000.00,372000.00,352.56,,,
A,05/01/26,07:24:00,443230323937FF171E0D-5,1181400.00,380400.00,429000.00,372000.00,352.80,,,
A,05/01/26,07:29:00,443230323937FF171E0D-5,1181400.00,380400.00,429000.00,372000.00,353.10,,,
A,05/01/26,07:34:00,443230323937FF171E0D-5,1181400.00,380400.00,429000.00,372000.00,353.40,,,
A,05/01/26,07:39:00,443230323937FF171E0D-5,1181400.00,380400.00,429000.00,372000.00,353.64,,,
A,05/01/26,07:44:00,443230323937FF171E0D-5,1181400.00,380400.00,429000.00,372000.00,353.94,,,
A,05/01/26,07:49:00,443230323937FF171E0D-5,1181400.00,380400.00,429000.00,372000.00,354.12,,,
A,05/01/26,07:54:00,443230323937FF171E0D-5,1181400.00,380400.00,429000.00,372000.00,354.48,,,
A,05/01/26,07:59:00,443230323937FF171E0D-5,1181400.00,380400.00,429000.00,372000.00,354.72,,,
A,05/01/26,08:04:00,443230323937FF171E0D-5,1181400.00,380400.00,429000.00,372000.00,355.02,,,
A,05/01/26,08:09:00,443230323937FF171E0D-5,1181400.00,380400.00,429000.00,372000.00,355.26,,,
A,05/01/26,08:14:00,443230323937FF171E0D-5,1181400.00,380400.00,429000.00,372000.00,355.50,,,
A,05/01/26,08:19:00,443230323937FF171E0D-5,1181400.00,380400.00,429000.00,372000.00,355.80,,,
A,05/01/26,08:24:00,443230323937FF171E0D-5,1181400.00,380400.00,429000.00,372000.00,356.10,,,
A,05/01/26,08:29:00,443230323937FF171E0D-5,1181400.00,380400.00,429000.00,372000.00,356.34,,,
A,05/01/26,08:34:00,443230323937FF171E0D-5,1181400.00,380400.00,429000.00,372000.00,356.64,,,
A,05/01/26,08:39:00,443230323937FF171E0D-5,1181400.00,380400.00,429000.00,372000.00,356.82,,,
A,05/01/26,08:44:00,443230323937FF171E0D-5,1181400.00,380400.00,429000.00,372000.00,357.18,,,
A,05/01/26,08:49:00,443230323937FF171E0D-5,1181400.00,380400.00,429000.00,372000.00,357.42,,,
A,05/01/26,08:54:00,443230323937FF171E0D-5,1181400.00,380400.00,429000.00,372000.00,357.66,,,
A,05/01/26,08:59:00,443230323937FF171E0D-5,1181400.00,380400.00,429000.00,372000.00,357.96,,,
A,05/01/26,09:04:00,443230323937FF171E0D-5,1181400.00,380400.00,429000.00,372000.00,358.14,,,
A,05/01/26,09:09:00,443230323937FF171E0D-5,1181400.00,380400.00,429000.00,372000.00,358.50,,,
A,05/01/26,09:14:00,443230323937FF171E0D-5,1181400.00,380400.00,429000.00,372000.00,358.74,,,
A,05/01/26,09:19:00,443230323937FF171E0D-5,1181400.00,380400.00,429000.00,372000.00,359.04,,,
A,05/01/26,09:24:00,443230323937FF171E0D-5,1181400.00,380400.00,429000.00,372000.00,359.28,,,
A,05/01/26,09:29:00,443230323937FF171E0D-5,1181400.00,380400.00,429000.00,372000.00,359.52,,,
A,05/01/26,09:34:00,443230323937FF171E0D-5,1181400.00,380400.00,429000.00,372000.00,359.82,,,
A,05/01/26,09:39:00,443230323937FF171E0D-5,1181400.00,380400.00,429000.00,372000.00,360.12,,,
A,05/01/26,09:44:00,443230323937FF171E0D-5,1181400.00,380400.00,429000.00,372000.00,360.36,,,
A,05/01/26,09:49:00,443230323937FF171E0D-5,1181400.00,380400.00,429000.00,372000.00,360.66,,,
A,05/01/26,09:54:00,443230323937FF171E0D-5,1181400.00,380400.00,429000.00,372000.00,360.90,,,
A,05/01/26,09:59:00,443230323937FF171E0D-5,1181400.00,380400.00,429000.00,372000.00,361.20,,,
A,05/01/26,10:04:00,443230323937FF171E0D-5,1181400.00,380400.00,429000.00,372000.00,361.44,,,
A,05/01/26,10:09:00,443230323937FF171E0D-5,1181400.00,380400.00,429000.00,372000.00,361.68,,,
A,05/01/26,10:14:00,443230323937FF171E0D-5,1181400.00,380400.00,429000.00,372000.00,361.98,,,
A,05/01/26,10:19:00,443230323937FF171E0D-5,1181400.00,380400.00,429000.00,372000.00,362.22,,,
A,05/01/26,10:24:00,443230323937FF171E0D-5,1181400.00,380400.00,429000.00,372000.00,362.52,,,
A,05/01/26,10:29:00,443230323937FF171E0D-5,1181400.00,380400.00,429000.00,372000.00,362.76,,,
A,05/01/26,10:34:00,443230323937FF171E0D-5,1181400.00,380400.00,429000.00,372000.00,363.06,,,
A,05/01/26,10:39:00,443230323937FF171E0D-5,1181400.00,380400.00,429000.00,372000.00,363.30,,,
A,05/01/26,10:44:00,443230323937FF171E0D-5,1181400.00,380400.00,429000.00,372000.00,363.60,,,
A,05/01/26,10:49:00,443230323937FF171E0D-5,1181400.00,380400.00,429000.00,372000.00,363.84,,,
A,05/01/26,10:54:00,443230323937FF171E0D-5,1181400.00,380400.00,429000.00,372000.00,364.20,,,
A,05/01/26,10:59:00,443230323937FF171E0D-5,1181400.00,380400.00,429000.00,372000.00,364.38,,,
A,05/01/26,11:04:00,443230323937FF171E0D-5,1181400.00,380400.00,429000.00,372000.00,364.68,,,
A,05/01/26,11:09:00,443230323937FF171E0D-5,1181400.00,380400.00,429000.00,372000.00,364.92,,,
A,05/01/26,11:14:00,443230323937FF171E0D-5,1181400.00,380400.00,429000.00,372000.00,365.16,,,
A,05/01/26,11:19:00,443230323937FF171E0D-5,1181400.00,380400.00,429000.00,372000.00,365.52,,,
A,05/01/26,11:24:00,443230323937FF171E0D-5,1181400.00,380400.00,429000.00,372000.00,365.70,,,
A,05/01/26,11:29:00,443230323937FF171E0D-5,1181400.00,380400.00,429000.00,372000.00,366.00,,,
A,05/01/26,11:34:00,443230323937FF171E0D-5,1181400.00,380400.00,429000.00,372000.00,366.24,,,
A,05/01/26,11:39:00,443230323937FF171E0D-5,1181400.00,380400.00,429000.00,372000.00,366.54,,,
A,05/01/26,11:44:00,443230323937FF171E0D-5,1181400.00,380400.00,429000.00,372000.00,366.84,,,
A,05/01/26,11:49:00,443230323937FF171E0D-5,1181400.00,380400.00,429000.00,372000.00,367.08,,,
A,05/01/26,11:54:00,443230323937FF171E0D-5,1181400.00,380400.00,429000.00,372000.00,367.32,,,
A,05/01/26,11:59:00,443230323937FF171E0D-5,1181400.00,380400.00,429000.00,372000.00,367.62,,,
A,05/01/26,12:04:00,443230323937FF171E0D-5,1181400.00,380400.00,429000.00,372000.00,367.86,,,
A,05/01/26,12:09:00,443230323937FF171E0D-5,1181400.00,380400.00,429000.00,372000.00,368.16,,,
A,05/01/26,12:14:00,443230323937FF171E0D-5,1181400.00,380400.00,429000.00,372000.00,368.16,,,
A,05/01/26,12:19:00,443230323937FF171E0D-5,1181400.00,380400.00,429000.00,372000.00,368.16,,,
A,05/01/26,12:24:00,443230323937FF171E0D-5,1181400.00,380400.00,429000.00,372000.00,368.16,,,
A,05/01/26,12:29:00,443230323937FF171E0D-5,1181400.00,380400.00,429000.00,372000.00,368.16,,,
A,05/01/26,12:34:00,443230323937FF171E0D-5,1181400.00,380400.00,429000.00,372000.00,368.16,,,
A,05/01/26,12:39:00,443230323937FF171E0D-5,1181400.00,380400.00,429000.00,372000.00,368.16,,,
A,05/01/26,12:44:00,443230323937FF171E0D-5,1181400.00,380400.00,429000.00,372000.00,368.16,,,
A,05/01/26,12:49:00,443230323937FF171E0D-5,1181400.00,380400.00,429000.00,372000.00,368.16,,,
A,05/01/26,12:54:00,443230323937FF171E0D-5,1181400.00,380400.00,429000.00,372000.00,368.16,,,
A,05/01/26,12:59:00,443230323937FF171E0D-5,1181400.00,380400.00,429000.00,372000.00,368.16,,,
A,05/01/26,13:04:00,443230323937FF171E0D-5,1181400.00,380400.00,429000.00,372000.00,368.16,,,
A,05/01/26,13:09:00,443230323937FF171E0D-5,1181400.00,380400.00,429000.00,372000.00,368.16,,,
A,05/01/26,13:14:00,443230323937FF171E0D-5,1181400.00,380400.00,429000.00,372000.00,368.16,,,
A,05/01/26,13:19:00,443230323937FF171E0D-5,1181400.00,380400.00,429000.00,372000.00,368.16,,,
A,05/01/26,13:24:00,443230323937FF171E0D-5,1181400.00,380400.00,429000.00,372000.00,368.16,,,
A,05/01/26,13:29:00,443230323937FF171E0D-5,1181400.00,380400.00,429000.00,372000.00,368.16,,,
A,05/01/26,13:34:00,443230323937FF171E0D-5,1181400.00,380400.00,429000.00,372000.00,368.16,,,
A,05/01/26,13:39:00,443230323937FF171E0D-5,1181400.00,380400.00,429000.00,372000.00,368.16,,,
A,05/01/26,13:44:00,443230323937FF171E0D-5,1181400.00,380400.00,429000.00,372000.00,368.16,,,
A,05/01/26,13:49:00,443230323937FF171E0D-5,1181400.00,380400.00,429000.00,372000.00,368.16,,,
A,05/01/26,13:54:00,443230323937FF171E0D-5,1181400.00,380400.00,429000.00,372000.00,368.16,,,
A,05/01/26,13:59:00,443230323937FF171E0D-5,1181400.00,380400.00,429000.00,372000.00,368.16,,,
A,05/01/26,14:04:00,443230323937FF171E0D-5,1181400.00,380400.00,429000.00,372000.00,368.16,,,
A,05/01/26,14:09:00,443230323937FF171E0D-5,1181400.00,380400.00,429000.00,372000.00,368.16,,,
A,05/01/26,14:14:00,443230323937FF171E0D-5,1181400.00,380400.00,429000.00,372000.00,368.16,,,
A,05/01/26,14:19:00,443230323937FF171E0D-5,1181400.00,380400.00,429000.00,372000.00,368.16,,,
A,05/01/26,14:24:00,443230323937FF171E0D-5,1181400.00,380400.00,429000.00,372000.00,368.16,,,
A,05/01/26,14:29:00,443230323937FF171E0D-5,1181400.00,380400.00,429000.00,372000.00,368.16,,,
A,05/01/26,14:34:00,443230323937FF171E0D-5,1181400.00,380400.00,429000.00,372000.00,368.16,,,
A,05/01/26,14:39:00,443230323937FF171E0D-5,1181400.00,380400.00,429000.00,372000.00,368.16,,,
A,05/01/26,14:44:00,443230323937FF171E0D-5,1181400.00,380400.00,429000.00,372000.00,368.16,,,
A,05/01/26,14:49:00,443230323937FF171E0D-5,1181400.00,380400.00,429000.00,372000.00,368.16,,,
A,05/01/26,14:54:00,443230323937FF171E0D-5,1181400.00,380400.00,429000.00,372000.00,368.16,,,
A,05/01/26,14:59:00,443230323937FF171E0D-5,1181400.00,380400.00,429000.00,372000.00,368.16,,,
A,05/01/26,15:04:00,443230323937FF171E0D-5,1181400.00,380400.00,429000.00,372000.00,368.16,,,
A,05/01/26,15:09:00,443230323937FF171E0D-5,1181400.00,380400.00,429000.00,372000.00,368.16,,,
A,05/01/26,15:14:00,443230323937FF171E0D-5,1181400.00,380400.00,429000.00,372000.00,368.16,,,
A,05/01/26,15:19:00,443230323937FF171E0D-5,1181400.00,380400.00,429000.00,372000.00,368.16,,,
A,05/01/26,15:24:00,443230323937FF171E0D-5,1181400.00,380400.00,429000.00,372000.00,368.16,,,
A,05/01/26,15:29:00,443230323937FF171E0D-5,1181400.00,380400.00,429000.00,372000.00,368.16,,,
A,05/01/26,15:34:00,443230323937FF171E0D-5,1181400.00,380400.00,429000.00,372000.00,368.16,,,
A,05/01/26,15:39:00,443230323937FF171E0D-5,1181400.00,380400.00,429000.00,372000.00,368.16,,,
A,05/01/26,15:44:00,443230323937FF171E0D-5,1181400.00,380400.00,429000.00,372000.00,368.16,,,
A,05/01/26,15:49:00,443230323937FF171E0D-5,1181400.00,380400.00,429000.00,372000.00,368.16,,,
A,05/01/26,15:54:00,443230323937FF171E0D-5,1181400.00,380400.00,429000.00,372000.00,368.16,,,
A,05/01/26,15:59:00,443230323937FF171E0D-5,1181400.00,380400.00,429000.00,372000.00,368.16,,,
A,05/01/26,16:04:00,443230323937FF171E0D-5,1181400.00,380400.00,429000.00,372000.00,368.16,,,
A,05/01/26,16:09:00,443230323937FF171E0D-5,1181400.00,380400.00,429000.00,372000.00,368.16,,,
A,05/01/26,16:14:00,443230323937FF171E0D-5,1181400.00,380400.00,429000.00,372000.00,368.16,,,
A,05/01/26,16:19:00,443230323937FF171E0D-5,1181400.00,380400.00,429000.00,372000.00,368.16,,,
A,05/01/26,16:24:00,443230323937FF171E0D-5,1181400.00,380400.00,429000.00,372000.00,368.16,,,
A,05/01/26,16:29:00,443230323937FF171E0D-5,1181400.00,380400.00,429000.00,372000.00,368.16,,,
A,05/01/26,16:34:00,443230323937FF171E0D-5,1181400.00,380400.00,429000.00,372000.00,368.16,,,
A,05/01/26,16:39:00,443230323937FF171E0D-5,1181400.00,380400.00,429000.00,372000.00,368.16,,,
A,05/01/26,16:44:00,443230323937FF171E0D-5,1181400.00,380400.00,429000.00,372000.00,368.16,,,
A,05/01/26,16:49:00,443230323937FF171E0D-5,1181400.00,380400.00,429000.00,372000.00,368.16,,,
A,05/01/26,16:54:00,443230323937FF171E0D-5,1181400.00,380400.00,429000.00,372000.00,368.16,,,
A,05/01/26,16:59:00,443230323937FF171E0D-5,1181400.00,380400.00,429000.00,372000.00,368.16,,,
A,05/01/26,17:04:00,443230323937FF171E0D-5,1181400.00,380400.00,429000.00,372000.00,368.16,,,
A,05/01/26,17:09:00,443230323937FF171E0D-5,1181400.00,380400.00,429000.00,372000.00,368.16,,,
A,05/01/26,17:14:00,443230323937FF171E0D-5,1181400.00,380400.00,429000.00,372000.00,368.16,,,
A,05/01/26,17:19:00,443230323937FF171E0D-5,1181400.00,380400.00,429000.00,372000.00,368.16,,,
A,05/01/26,17:24:00,443230323937FF171E0D-5,1181400.00,380400.00,429000.00,372000.00,368.16,,,
A,05/01/26,17:29:00,443230323937FF171E0D-5,1181400.00,380400.00,429000.00,372000.00,368.16,,,
A,05/01/26,17:34:00,443230323937FF171E0D-5,1181400.00,380400.00,429000.00,372000.00,368.16,,,
A,05/01/26,17:39:00,443230323937FF171E0D-5,1181400.00,380400.00,429000.00,372000.00,368.16,,,
A,05/01/26,17:44:00,443230323937FF171E0D-5,1181400.00,380400.00,429000.00,372000.00,368.16,,,
A,05/01/26,17:49:00,443230323937FF171E0D-5,1181400.00,380400.00,429000.00,372000.00,368.16,,,
A,05/01/26,17:54:00,443230323937FF171E0D-5,1181400.00,380400.00,429000.00,372000.00,368.16,,,
A,05/01/26,17:59:00,443230323937FF171E0D-5,1181400.00,380400.00,429000.00,372000.00,368.16,,,
A,05/01/26,18:04:00,443230323937FF171E0D-5,1181400.00,380400.00,429000.00,372000.00,368.16,,,
A,05/01/26,18:09:00,443230323937FF171E0D-5,1181400.00,380400.00,429000.00,372000.00,368.16,,,
A,05/01/26,18:14:00,443230323937FF171E0D-5,1181400.00,380400.00,429000.00,372000.00,368.16,,,
A,05/01/26,18:19:00,443230323937FF171E0D-5,1181400.00,380400.00,429000.00,372000.00,368.16,,,
A,05/01/26,18:24:00,443230323937FF171E0D-5,1181400.00,380400.00,429000.00,372000.00,368.16,,,
A,05/01/26,18:29:00,443230323937FF171E0D-5,1181400.00,380400.00,429000.00,372000.00,368.16,,,
A,05/01/26,18:34:00,443230323937FF171E0D-5,1181400.00,380400.00,429000.00,372000.00,368.16,,,
A,05/01/26,18:39:00,443230323937FF171E0D-5,1181400.00,380400.00,429000.00,372000.00,368.16,,,
A,05/01/26,18:44:00,443230323937FF171E0D-5,1181400.00,380400.00,429000.00,372000.00,368.16,,,
A,05/01/26,18:49:00,443230323937FF171E0D-5,1181400.00,380400.00,429000.00,372000.00,368.16,,,
A,05/01/26,18:54:00,443230323937FF171E0D-5,1181400.00,380400.00,429000.00,372000.00,368.16,,,
A,05/01/26,18:59:00,443230323937FF171E0D-5,1181400.00,380400.00,429000.00,372000.00,368.16,,,
A,05/01/26,19:04:00,443230323937FF171E0D-5,1181400.00,380400.00,429000.00,372000.00,368.16,,,
A,05/01/26,19:09:00,443230323937FF171E0D-5,1181400.00,380400.00,429000.00,372000.00,368.16,,,
A,05/01/26,19:14:00,443230323937FF171E0D-5,1181400.00,380400.00,429000.00,372000.00,368.16,,,
A,05/01/26,19:19:00,443230323937FF171E0D-5,1181400.00,380400.00,429000.00,372000.00,368.16,,,
A,05/01/26,19:24:00,443230323937FF171E0D-5,1181400.00,380400.00,429000.00,372000.00,368.16,,,
A,05/01/26,19:29:00,443230323937FF171E0D-5,1181400.00,380400.00,429000.00,372000.00,368.16,,,
A,05/01/26,19:34:00,443230323937FF171E0D-5,1181400.00,380400.00,429000.00,372000.00,368.16,,,
A,05/01/26,19:39:00,443230323937FF171E0D-5,1181400.00,380400.00,429000.00,372000.00,368.16,,,
A,05/01/26,19:44:00,443230323937FF171E0D-5,1181400.00,380400.00,429000.00,372000.00,368.16,,,
A,05/01/26,19:49:00,443230323937FF171E0D-5,1181400.00,380400.00,429000.00,372000.00,368.16,,,
A,05/01/26,19:54:00,443230323937FF171E0D-5,1181400.00,380400.00,429000.00,372000.00,368.16,,,
A,05/01/26,19:59:00,443230323937FF171E0D-5,1181400.00,380400.00,429000.00,372000.00,368.16,,,
A,05/01/26,20:04:00,443230323937FF171E0D-5,1181400.00,380400.00,429000.00,372000.00,368.16,,,
A,05/01/26,20:09:00,443230323937FF171E0D-5,1181400.00,380400.00,429000.00,372000.00,368.16,,,
A,05/01/26,20:14:00,443230323937FF171E0D-5,1181400.00,380400.00,429000.00,372000.00,368.16,,,
A,05/01/26,20:19:00,443230323937FF171E0D-5,1181400.00,380400.00,429000.00,372000.00,368.16,,,
A,05/01/26,20:24:00,443230323937FF171E0D-5,1181400.00,380400.00,429000.00,372000.00,368.16,,,
A,05/01/26,20:29:00,443230323937FF171E0D-5,1181400.00,380400.00,429000.00,372000.00,368.16,,,
A,05/01/26,20:34:00,443230323937FF171E0D-5,1181400.00,380400.00,429000.00,372000.00,368.16,,,
A,05/01/26,20:39:00,443230323937FF171E0D-5,1181400.00,380400.00,429000.00,372000.00,368.16,,,
A,05/01/26,20:44:00,443230323937FF171E0D-5,1181400.00,380400.00,429000.00,372000.00,368.16,,,
A,05/01/26,20:49:00,443230323937FF171E0D-5,1181400.00,380400.00,429000.00,372000.00,368.16,,,
A,05/01/26,20:54:00,443230323937FF171E0D-5,1181400.00,380400.00,429000.00,372000.00,368.16,,,
A,05/01/26,20:59:00,443230323937FF171E0D-5,1181400.00,380400.00,429000.00,372000.00,368.16,,,
A,05/01/26,21:04:00,443230323937FF171E0D-5,1181400.00,380400.00,429000.00,372000.00,368.16,,,
A,05/01/26,21:09:00,443230323937FF171E0D-5,1181400.00,380400.00,429000.00,372000.00,368.16,,,
A,05/01/26,21:14:00,443230323937FF171E0D-5,1181400.00,380400.00,429000.00,372000.00,368.16,,,
A,05/01/26,21:19:00,443230323937FF171E0D-5,1181400.00,380400.00,429000.00,372000.00,368.16,,,
A,05/01/26,21:24:00,443230323937FF171E0D-5,1181400.00,380400.00,429000.00,372000.00,368.16,,,
A,05/01/26,21:29:00,443230323937FF171E0D-5,1181400.00,380400.00,429000.00,372000.00,368.16,,,
A,05/01/26,21:34:00,443230323937FF171E0D-5,1181400.00,380400.00,429000.00,372000.00,368.16,,,
A,05/01/26,21:39:00,443230323937FF171E0D-5,1181400.00,380400.00,429000.00,372000.00,368.16,,,
A,05/01/26,21:44:00,443230323937FF171E0D-5,1181400.00,380400.00,429000.00,372000.00,368.16,,,
A,05/01/26,21:49:00,443230323937FF171E0D-5,1181400.00,380400.00,429000.00,372000.00,368.16,,,
A,05/01/26,21:54:00,443230323937FF171E0D-5,1181400.00,380400.00,429000.00,372000.00,368.16,,,
A,05/01/26,21:59:00,443230323937FF171E0D-5,1181400.00,380400.00,429000.00,372000.00,368.16,,,
A,05/01/26,22:04:00,443230323937FF171E0D-5,1181400.00,380400.00,429000.00,372000.00,368.16,,,
A,05/01/26,22:09:00,443230323937FF171E0D-5,1181400.00,380400.00,429000.00,372000.00,368.16,,,
A,05/01/26,22:14:00,443230323937FF171E0D-5,1181400.00,380400.00,429000.00,372000.00,368.16,,,
A,05/01/26,22:19:00,443230323937FF171E0D-5,1181400.00,380400.00,429000.00,372000.00,368.16,,,
A,05/01/26,22:24:00,443230323937FF171E0D-5,1181400.00,380400.00,429000.00,372000.00,368.16,,,
A,05/01/26,22:29:00,443230323937FF171E0D-5,1181400.00,380400.00,429000.00,372000.00,368.16,,,
A,05/01/26,22:34:00,443230323937FF171E0D-5,1181400.00,380400.00,429000.00,372000.00,368.16,,,
A,05/01/26,22:39:00,443230323937FF171E0D-5,1181400.00,380400.00,429000.00,372000.00,368.16,,,
A,05/01/26,22:44:00,443230323937FF171E0D-5,1181400.00,380400.00,429000.00,372000.00,368.16,,,
A,05/01/26,22:49:00,443230323937FF171E0D-5,1181400.00,380400.00,429000.00,372000.00,368.16,,,
A,05/01/26,22:54:00,443230323937FF171E0D-5,1181400.00,380400.00,429000.00,372000.00,368.16,,,
A,05/01/26,22:59:00,443230323937FF171E0D-5,1181400.00,380400.00,429000.00,372000.00,368.16,,,
A,05/01/26,23:04:00,443230323937FF171E0D-5,1181400.00,380400.00,429000.00,372000.00,368.16,,,
A,05/01/26,23:09:00,443230323937FF171E0D-5,1181400.00,380400.00,429000.00,372000.00,368.16,,,
A,05/01/26,23:14:00,443230323937FF171E0D-5,1181400.00,380400.00,429000.00,372000.00,368.16,,,
A,05/01/26,23:19:00,443230323937FF171E0D-5,1181400.00,380400.00,429000.00,372000.00,368.16,,,
A,05/01/26,23:24:00,443230323937FF171E0D-5,1181400.00,380400.00,429000.00,372000.00,368.16,,,
A,05/01/26,23:29:00,443230323937FF171E0D-5,1181400.00,380400.00,429000.00,372000.00,368.16,,,
A,05/01/26,23:34:00,443230323937FF171E0D-5,1181400.00,380400.00,429000.00,372000.00,368.16,,,
A,05/01/26,23:39:00,443230323937FF171E0D-5,1181400.00,380400.00,429000.00,372000.00,368.16,,,
A,05/01/26,23:44:00,443230323937FF171E0D-5,1181400.00,380400.00,429000.00,372000.00,368.16,,,
A,05/01/26,23:49:00,443230323937FF171E0D-5,1181400.00,380400.00,429000.00,372000.00,368.16,,,
A,05/01/26,23:54:00,443230323937FF171E0D-5,1181400.00,380400.00,429000.00,372000.00,368.16,,,
A,05/01/26,23:59:00,443230323937FF171E0D-5,1181400.00,380400.00,429000.00,372000.00,368.16,,,
A,06/01/26,00:04:00,443230323937FF171E0D-5,1181400.00,380400.00,429000.00,372000.00,368.16,,,
A,06/01/26,00:09:00,443230323937FF171E0D-5,1181400.00,380400.00,429000.00,372000.00,368.16,,,
A,06/01/26,00:14:00,443230323937FF171E0D-5,1181400.00,380400.00,429000.00,372000.00,368.16,,,
A,06/01/26,00:19:00,443230323937FF171E0D-5,1181400.00,380400.00,429000.00,372000.00,368.16,,,
A,06/01/26,00:24:00,443230323937FF171E0D-5,1181400.00,380400.00,429000.00,372000.00,368.16,,,
A,06/01/26,00:29:00,443230323937FF171E0D-5,1181400.00,380400.00,429000.00,372000.00,368.16,,,
A,06/01/26,00:34:00,443230323937FF171E0D-5,1181400.00,380400.00,429000.00,372000.00,368.16,,,
A,06/01/26,00:39:00,443230323937FF171E0D-5,1181400.00,380400.00,429000.00,372000.00,368.16,,,
A,06/01/26,00:44:00,443230323937FF171E0D-5,1181400.00,380400.00,429000.00,372000.00,368.16,,,
A,06/01/26,00:49:00,443230323937FF171E0D-5,1181400.00,380400.00,429000.00,372000.00,368.16,,,
A,06/01/26,00:54:00,443230323937FF171E0D-5,1181400.00,380400.00,429000.00,372000.00,368.16,,,
A,06/01/26,00:59:00,443230323937FF171E0D-5,1181400.00,380400.00,429000.00,372000.00,368.16,,,
A,06/01/26,01:04:00,443230323937FF171E0D-5,1181400.00,380400.00,429000.00,372000.00,368.16,,,
A,06/01/26,01:09:00,443230323937FF171E0D-5,1181400.00,380400.00,429000.00,372000.00,368.16,,,
A,06/01/26,01:14:00,443230323937FF171E0D-5,1181400.00,380400.00,429000.00,372000.00,368.16,,,
A,06/01/26,01:19:00,443230323937FF171E0D-5,1181400.00,380400.00,429000.00,372000.00,368.16,,,
A,06/01/26,01:24:00,443230323937FF171E0D-5,1181400.00,380400.00,429000.00,372000.00,368.16,,,
A,06/01/26,01:29:00,443230323937FF171E0D-5,1181400.00,380400.00,429000.00,372000.00,368.16,,,
A,06/01/26,01:34:00,443230323937FF171E0D-5,1181400.00,380400.00,429000.00,372000.00,368.16,,,
A,06/01/26,01:39:00,443230323937FF171E0D-5,1181400.00,380400.00,429000.00,372000.00,368.16,,,
A,06/01/26,01:44:00,443230323937FF171E0D-5,1181400.00,380400.00,429000.00,372000.00,368.16,,,
A,06/01/26,01:49:00,443230323937FF171E0D-5,1181400.00,380400.00,429000.00,372000.00,368.16,,,
A,06/01/26,01:54:00,443230323937FF171E0D-5,1181400.00,380400.00,429000.00,372000.00,368.16,,,
A,06/01/26,01:59:00,443230323937FF171E0D-5,1181400.00,380400.00,429000.00,372000.00,368.16,,,
A,06/01/26,02:04:00,443230323937FF171E0D-5,1181400.00,380400.00,429000.00,372000.00,368.16,,,
A,06/01/26,02:09:00,443230323937FF171E0D-5,1181400.00,380400.00,429000.00,372000.00,368.16,,,
A,06/01/26,02:14:00,443230323937FF171E0D-5,1181400.00,380400.00,429000.00,372000.00,368.16,,,
A,06/01/26,02:19:00,443230323937FF171E0D-5,1181400.00,380400.00,429000.00,372000.00,368.16,,,
A,06/01/26,02:24:00,443230323937FF171E0D-5,1181400.00,380400.00,429000.00,372000.00,368.16,,,
A,06/01/26,02:29:00,443230323937FF171E0D-5,1181400.00,380400.00,429000.00,372000.00,368.16,,,
A,06/01/26,02:34:00,443230323937FF171E0D-5,1181400.00,380400.00,429000.00,372000.00,368.16,,,
A,06/01/26,02:39:00,443230323937FF171E0D-5,1181400.00,380400.00,429000.00,372000.00,368.16,,,
A,06/01/26,02:44:00,443230323937FF171E0D-5,1181400.00,380400.00,429000.00,372000.00,368.16,,,
A,06/01/26,02:49:00,443230323937FF171E0D-5,1181400.00,380400.00,429000.00,372000.00,368.16,,,
A,06/01/26,02:54:00,443230323937FF171E0D-5,1181400.00,380400.00,429000.00,372000.00,368.16,,,
A,06/01/26,02:59:00,443230323937FF171E0D-5,1181400.00,380400.00,429000.00,372000.00,368.16,,,
A,06/01/26,03:04:00,443230323937FF171E0D-5,1181400.00,380400.00,429000.00,372000.00,368.16,,,
A,06/01/26,03:09:00,443230323937FF171E0D-5,1181400.00,380400.00,429000.00,372000.00,368.16,,,
A,06/01/26,03:14:00,443230323937FF171E0D-5,1181400.00,380400.00,429000.00,372000.00,368.16,,,
A,06/01/26,03:19:00,443230323937FF171E0D-5,1181400.00,380400.00,429000.00,372000.00,368.16,,,
A,06/01/26,03:24:00,443230323937FF171E0D-5,1181400.00,380400.00,429000.00,372000.00,368.16,,,
A,06/01/26,03:29:00,443230323937FF171E0D-5,1181400.00,380400.00,429000.00,372000.00,368.16,,,
A,06/01/26,03:34:00,443230323937FF171E0D-5,1181400.00,380400.00,429000.00,372000.00,368.16,,,
A,06/01/26,03:39:00,443230323937FF171E0D-5,1181400.00,380400.00,429000.00,372000.00,368.16,,,
A,06/01/26,03:44:00,443230323937FF171E0D-5,1181400.00,380400.00,429000.00,372000.00,368.16,,,
A,06/01/26,03:49:00,443230323937FF171E0D-5,1181400.00,380400.00,429000.00,372000.00,368.16,,,
A,06/01/26,03:54:00,443230323937FF171E0D-5,1181400.00,380400.00,429000.00,372000.00,368.16,,,
A,06/01/26,03:59:00,443230323937FF171E0D-5,1181400.00,380400.00,429000.00,372000.00,368.16,,,
A,06/01/26,04:04:00,443230323937FF171E0D-5,1181400.00,380400.00,429000.00,372000.00,368.16,,,
A,06/01/26,04:09:00,443230323937FF171E0D-5,1181400.00,380400.00,429000.00,372000.00,368.16,,,
A,06/01/26,04:14:00,443230323937FF171E0D-5,1181400.00,380400.00,429000.00,372000.00,368.16,,,
A,06/01/26,04:19:00,443230323937FF171E0D-5,1181400.00,380400.00,429000.00,372000.00,368.16,,,
A,06/01/26,04:24:00,443230323937FF171E0D-5,1181400.00,380400.00,429000.00,372000.00,368.16,,,
A,06/01/26,04:29:00,443230323937FF171E0D-5,1181400.00,380400.00,429000.00,372000.00,368.16,,,
A,06/01/26,04:34:00,443230323937FF171E0D-5,1181400.00,380400.00,429000.00,372000.00,368.16,,,
A,06/01/26,04:39:00,443230323937FF171E0D-5,1181400.00,380400.00,429000.00,372000.00,368.16,,,
A,06/01/26,04:44:00,443230323937FF171E0D-5,1181400.00,380400.00,429000.00,372000.00,368.16,,,
A,06/01/26,04:49:00,443230323937FF171E0D-5,1181400.00,380400.00,429000.00,372000.00,368.16,,,
A,06/01/26,04:54:00,443230323937FF171E0D-5,1181400.00,380400.00,429000.00,372000.00,368.16,,,
A,06/01/26,04:59:00,443230323937FF171E0D-5,1181400.00,380400.00,429000.00,372000.00,368.16,,,
A,06/01/26,05:04:00,443230323937FF171E0D-5,1181400.00,380400.00,429000.00,372000.00,368.16,,,
A,06/01/26,05:09:00,443230323937FF171E0D-5,1181400.00,380400.00,429000.00,372000.00,368.16,,,
A,06/01/26,05:14:00,443230323937FF171E0D-5,1181400.00,380400.00,429000.00,372000.00,368.16,,,
A,06/01/26,05:19:00,443230323937FF171E0D-5,1181400.00,380400.00,429000.00,372000.00,368.16,,,
A,06/01/26,05:24:00,443230323937FF171E0D-5,1181400.00,380400.00,429000.00,372000.00,368.16,,,
A,06/01/26,05:29:00,443230323937FF171E0D-5,1181400.00,380400.00,429000.00,372000.00,368.16,,,
A,06/01/26,05:34:00,443230323937FF171E0D-5,1181400.00,380400.00,429000.00,372000.00,368.16,,,
A,06/01/26,05:39:00,443230323937FF171E0D-5,1181400.00,380400.00,429000.00,372000.00,368.16,,,
A,06/01/26,05:44:00,443230323937FF171E0D-5,1181400.00,380400.00,429000.00,372000.00,368.16,,,
A,06/01/26,05:49:00,443230323937FF171E0D-5,1181400.00,380400.00,429000.00,372000.00,368.16,,,
A,06/01/26,05:54:00,443230323937FF171E0D-5,1181400.00,380400.00,429000.00,372000.00,368.16,,,
A,06/01/26,05:59:00,443230323937FF171E0D-5,1181400.00,380400.00,429000.00,372000.00,368.16,,,
A,06/01/26,06:04:00,443230323937FF171E0D-5,1181400.00,380400.00,429000.00,372000.00,368.16,,,
A,06/01/26,06:09:00,443230323937FF171E0D-5,1181400.00,380400.00,429000.00,372000.00,368.16,,,
A,06/01/26,06:14:00,443230323937FF171E0D-5,1181400.00,380400.00,429000.00,372000.00,368.16,,,
A,06/01/26,06:19:00,443230323937FF171E0D-5,1181400.00,380400.00,429000.00,372000.00,368.16,,,
A,06/01/26,06:24:00,443230323937FF171E0D-5,1181400.00,380400.00,429000.00,372000.00,368.16,,,
A,06/01/26,06:29:00,443230323937FF171E0D-5,1181400.00,380400.00,429000.00,372000.00,368.16,,,
A,06/01/26,06:34:00,443230323937FF171E0D-5,1181400.00,380400.00,429000.00,372000.00,368.16,,,
A,06/01/26,06:39:00,443230323937FF171E0D-5,1181400.00,380400.00,429000.00,372000.00,368.16,,,
A,06/01/26,06:44:00,443230323937FF171E0D-5,1181400.00,380400.00,429000.00,372000.00,368.16,,,
A,06/01/26,06:49:00,443230323937FF171E0D-5,1181400.00,380400.00,429000.00,372000.00,368.16,,,
A,06/01/26,06:54:00,443230323937FF171E0D-5,1181400.00,380400.00,429000.00,372000.00,368.16,,,
A,06/01/26,06:59:00,443230323937FF171E0D-5,1181400.00,380400.00,429000.00,372000.00,368.16,,,
A,06/01/26,07:04:00,443230323937FF171E0D-5,1181400.00,380400.00,429000.00,372000.00,368.16,,,
A,06/01/26,07:09:00,443230323937FF171E0D-5,1181400.00,380400.00,429000.00,372000.00,368.16,,,
A,06/01/26,07:14:00,443230323937FF171E0D-5,1181400.00,380400.00,429000.00,372000.00,368.16,,,
A,06/01/26,07:19:00,443230323937FF171E0D-5,1181400.00,380400.00,429000.00,372000.00,368.16,,,
A,06/01/26,07:24:00,443230323937FF171E0D-5,1181400.00,380400.00,429000.00,372000.00,368.16,,,
A,06/01/26,07:29:00,443230323937FF171E0D-5,1181400.00,380400.00,429000.00,372000.00,368.16,,,
A,06/01/26,07:34:00,443230323937FF171E0D-5,1181400.00,380400.00,429000.00,372000.00,368.16,,,
A,06/01/26,07:39:00,443230323937FF171E0D-5,1181400.00,380400.00,429000.00,372000.00,368.16,,,
A,06/01/26,07:44:00,443230323937FF171E0D-5,1181400.00,380400.00,429000.00,372000.00,368.16,,,
A,06/01/26,07:49:00,443230323937FF171E0D-5,1181400.00,380400.00,429000.00,372000.00,368.16,,,
A,06/01/26,07:54:00,443230323937FF171E0D-5,1181400.00,380400.00,429000.00,372000.00,368.16,,,
A,06/01/26,07:59:00,443230323937FF171E0D-5,1181400.00,380400.00,429000.00,372000.00,368.16,,,
A,06/01/26,08:04:00,443230323937FF171E0D-5,1181400.00,380400.00,429000.00,372000.00,368.16,,,
A,06/01/26,08:09:00,443230323937FF171E0D-5,1181400.00,380400.00,429000.00,372000.00,368.16,,,
A,06/01/26,08:14:00,443230323937FF171E0D-5,1181400.00,380400.00,429000.00,372000.00,368.16,,,
A,06/01/26,08:19:00,443230323937FF171E0D-5,1181400.00,380400.00,429000.00,372000.00,368.16,,,
A,06/01/26,08:24:00,443230323937FF171E0D-5,1181400.00,380400.00,429000.00,372000.00,368.16,,,
A,06/01/26,08:29:00,443230323937FF171E0D-5,1181400.00,380400.00,429000.00,372000.00,368.16,,,
A,06/01/26,08:34:00,443230323937FF171E0D-5,1181400.00,380400.00,429000.00,372000.00,368.16,,,
A,06/01/26,08:39:00,443230323937FF171E0D-5,1181400.00,380400.00,429000.00,372000.00,368.16,,,
A,06/01/26,08:44:00,443230323937FF171E0D-5,1181400.00,380400.00,429000.00,372000.00,368.16,,,
A,06/01/26,08:49:00,443230323937FF171E0D-5,1181400.00,380400.00,429000.00,372000.00,368.16,,,
A,06/01/26,08:54:00,443230323937FF171E0D-5,1181400.00,380400.00,429000.00,372000.00,368.16,,,
A,06/01/26,08:59:00,443230323937FF171E0D-5,1181400.00,380400.00,429000.00,372000.00,368.16,,,
A,06/01/26,09:04:00,443230323937FF171E0D-5,1181400.00,380400.00,429000.00,372000.00,368.16,,,
A,06/01/26,09:09:00,443230323937FF171E0D-5,1181400.00,380400.00,429000.00,372000.00,368.16,,,
A,06/01/26,09:14:00,443230323937FF171E0D-5,1181400.00,380400.00,429000.00,372000.00,368.16,,,
A,06/01/26,09:19:00,443230323937FF171E0D-5,1181400.00,380400.00,429000.00,372000.00,368.16,,,
A,06/01/26,09:24:00,443230323937FF171E0D-5,1181400.00,380400.00,429000.00,372000.00,368.16,,,
A,06/01/26,09:29:00,443230323937FF171E0D-5,1181400.00,380400.00,429000.00,372000.00,368.16,,,
A,06/01/26,09:34:00,443230323937FF171E0D-5,1181400.00,380400.00,429000.00,372000.00,368.16,,,
A,06/01/26,09:39:00,443230323937FF171E0D-5,1181400.00,380400.00,429000.00,372000.00,368.16,,,
A,06/01/26,09:44:00,443230323937FF171E0D-5,1181400.00,380400.00,429000.00,372000.00,368.16,,,
A,06/01/26,09:49:00,443230323937FF171E0D-5,1181400.00,380400.00,429000.00,372000.00,368.16,,,
A,06/01/26,09:54:00,443230323937FF171E0D-5,1181400.00,380400.00,429000.00,372000.00,368.16,,,
A,06/01/26,09:59:00,443230323937FF171E0D-5,1181400.00,380400.00,429000.00,372000.00,368.16,,,
A,06/01/26,10:04:00,443230323937FF171E0D-5,1181400.00,380400.00,429000.00,372000.00,368.16,,,
A,06/01/26,10:09:00,443230323937FF171E0D-5,1181400.00,380400.00,429000.00,372000.00,368.22,,,
A,06/01/26,10:14:00,443230323937FF171E0D-5,1181400.00,380400.00,429000.00,372000.00,368.40,,,
A,06/01/26,10:19:00,443230323937FF171E0D-5,1181400.00,380400.00,429000.00,372000.00,368.76,,,
A,06/01/26,10:24:00,443230323937FF171E0D-5,1181400.00,380400.00,429000.00,372000.00,368.94,,,
A,06/01/26,10:29:00,443230323937FF171E0D-5,1181400.00,380400.00,429000.00,372000.00,369.24,,,
A,06/01/26,10:34:00,443230323937FF171E0D-5,1181400.00,380400.00,429000.00,372000.00,369.54,,,
A,06/01/26,10:39:00,443230323937FF171E0D-5,1181400.00,380400.00,429000.00,372000.00,369.78,,,
A,06/01/26,10:44:00,443230323937FF171E0D-5,1181400.00,380400.00,429000.00,372000.00,370.08,,,
A,06/01/26,10:49:00,443230323937FF171E0D-5,1181400.00,380400.00,429000.00,372000.00,370.38,,,
A,06/01/26,10:54:00,443230323937FF171E0D-5,1181400.00,380400.00,429000.00,372000.00,370.62,,,
A,06/01/26,10:59:00,443230323937FF171E0D-5,1181400.00,380400.00,429000.00,372000.00,370.92,,,
A,06/01/26,11:04:00,443230323937FF171E0D-5,1181400.00,380400.00,429000.00,372000.00,371.16,,,
A,06/01/26,11:09:00,443230323937FF171E0D-5,1181400.00,380400.00,429000.00,372000.00,371.46,,,
A,06/01/26,11:14:00,443230323937FF171E0D-5,1181400.00,380400.00,429000.00,372000.00,371.76,,,
A,06/01/26,11:19:00,443230323937FF171E0D-5,1181400.00,380400.00,429000.00,372000.00,372.00,,,
A,06/01/26,11:24:00,443230323937FF171E0D-5,1181400.00,380400.00,429000.00,372000.00,372.24,,,
A,06/01/26,11:29:00,443230323937FF171E0D-5,1181400.00,380400.00,429000.00,372000.00,372.54,,,
A,06/01/26,11:34:00,443230323937FF171E0D-5,1181400.00,380400.00,429000.00,372000.00,372.78,,,
A,06/01/26,11:39:00,443230323937FF171E0D-5,1181400.00,380400.00,429000.00,372000.00,373.14,,,
A,06/01/26,11:44:00,443230323937FF171E0D-5,1181400.00,380400.00,429000.00,372000.00,373.38,,,
A,06/01/26,11:49:00,443230323937FF171E0D-5,1181400.00,380400.00,429000.00,372000.00,373.62,,,
A,06/01/26,11:54:00,443230323937FF171E0D-5,1181400.00,380400.00,429000.00,372000.00,373.92,,,
A,06/01/26,11:59:00,443230323937FF171E0D-5,1181400.00,380400.00,429000.00,372000.00,374.16,,,
A,06/01/26,12:04:00,443230323937FF171E0D-5,1181400.00,380400.00,429000.00,372000.00,374.52,,,
A,06/01/26,12:09:00,443230323937FF171E0D-5,1181400.00,380400.00,429000.00,372000.00,374.70,,,
A,06/01/26,12:14:00,443230323937FF171E0D-5,1181400.00,380400.00,429000.00,372000.00,375.00,,,
A,06/01/26,12:19:00,443230323937FF171E0D-5,1181400.00,380400.00,429000.00,372000.00,375.24,,,
A,06/01/26,12:24:00,443230323937FF171E0D-5,1181400.00,380400.00,429000.00,372000.00,375.54,,,
A,06/01/26,12:29:00,443230323937FF171E0D-5,1181400.00,380400.00,429000.00,372000.00,375.84,,,
A,06/01/26,12:34:00,443230323937FF171E0D-5,1181400.00,380400.00,429000.00,372000.00,376.08,,,
A,06/01/26,12:39:00,443230323937FF171E0D-5,1181400.00,380400.00,429000.00,372000.00,376.44,,,
A,06/01/26,12:44:00,443230323937FF171E0D-5,1181400.00,380400.00,429000.00,372000.00,376.62,,,
A,06/01/26,12:49:00,443230323937FF171E0D-5,1184400.00,381000.00,430200.00,373200.00,376.62,,,
A,06/01/26,12:54:00,443230323937FF171E0D-5,1188000.00,382200.00,431400.00,374400.00,376.62,,,
A,06/01/26,12:59:00,443230323937FF171E0D-5,1191600.00,383400.00,432600.00,375600.00,376.62,,,
A,06/01/26,13:04:00,443230323937FF171E0D-5,1195200.00,384600.00,433800.00,376800.00,376.62,,,
A,06/01/26,13:09:00,443230323937FF171E0D-5,1198800.00,385800.00,435000.00,378000.00,376.62,,,
A,06/01/26,13:14:00,443230323937FF171E0D-5,1201800.00,387000.00,436200.00,378600.00,376.62,,,
A,06/01/26,13:19:00,443230323937FF171E0D-5,1205400.00,388200.00,437400.00,379800.00,376.62,,,
A,06/01/26,13:24:00,443230323937FF171E0D-5,1208400.00,388800.00,438600.00,381000.00,376.62,,,
A,06/01/26,13:29:00,443230323937FF171E0D-5,1212000.00,390000.00,439800.00,382200.00,376.62,,,
A,06/01/26,13:34:00,443230323937FF171E0D-5,1215600.00,391200.00,441000.00,383400.00,376.62,,,
A,06/01/26,13:39:00,443230323937FF171E0D-5,1218600.00,392400.00,442200.00,384000.00,376.62,,,
A,06/01/26,13:44:00,443230323937FF171E0D-5,1222200.00,393600.00,443400.00,385200.00,376.62,,,
A,06/01/26,13:49:00,443230323937FF171E0D-5,1225800.00,394800.00,444600.00,386400.00,376.62,,,
A,06/01/26,13:54:00,443230323937FF171E0D-5,1229400.00,396000.00,445800.00,387600.00,376.62,,,
A,06/01/26,13:59:00,443230323937FF171E0D-5,1233000.00,397200.00,447000.00,388800.00,376.62,,,
A,06/01/26,14:04:00,443230323937FF171E0D-5,1236000.00,397800.00,448200.00,390000.00,376.62,,,
A,06/01/26,14:04:00,443230323937FF171E0D-5,1237200.00,398400.00,448800.00,390000.00,376.62,,,
A,06/01/26,14:09:00,443230323937FF171E0D-5,1240800.00,399600.00,450000.00,391200.00,376.62,,,
A,06/01/26,14:14:00,443230323937FF171E0D-5,1244400.00,400800.00,451200.00,392400.00,376.62,,,
A,06/01/26,14:19:00,443230323937FF171E0D-5,1248000.00,402000.00,452400.00,393600.00,376.62,,,
A,06/01/26,14:24:00,443230323937FF171E0D-5,1251600.00,403200.00,453600.00,394800.00,376.62,,,
A,06/01/26,14:29:00,443230323937FF171E0D-5,1254600.00,403800.00,454800.00,396000.00,376.62,,,
A,06/01/26,14:34:00,443230323937FF171E0D-5,1257600.00,405000.00,456000.00,396600.00,376.62,,,
A,06/01/26,14:39:00,443230323937FF171E0D-5,1261200.00,406200.00,457200.00,397800.00,376.62,,,
A,06/01/26,14:44:00,443230323937FF171E0D-5,1264800.00,407400.00,458400.00,399000.00,376.62,,,
A,06/01/26,14:49:00,443230323937FF171E0D-5,1268400.00,408600.00,459600.00,400200.00,376.62,,,
A,06/01/26,14:54:00,443230323937FF171E0D-5,1272000.00,409800.00,460800.00,401400.00,376.62,,,
A,06/01/26,14:59:00,443230323937FF171E0D-5,1275000.00,411000.00,462000.00,402000.00,376.62,,,
A,06/01/26,15:04:00,443230323937FF171E0D-5,1278000.00,411600.00,463200.00,403200.00,376.62,,,
A,06/01/26,15:09:00,443230323937FF171E0D-5,1281600.00,412800.00,464400.00,404400.00,376.62,,,
A,06/01/26,15:14:00,443230323937FF171E0D-5,1285200.00,414000.00,465600.00,405600.00,376.62,,,
A,06/01/26,15:19:00,443230323937FF171E0D-5,1288800.00,415200.00,466800.00,406800.00,376.62,,,
A,06/01/26,15:24:00,443230323937FF171E0D-5,1292400.00,416400.00,468000.00,408000.00,376.62,,,
A,06/01/26,15:29:00,443230323937FF171E0D-5,1295400.00,417600.00,469200.00,408600.00,376.62,,,
A,06/01/26,15:34:00,443230323937FF171E0D-5,1299000.00,418800.00,470400.00,409800.00,376.62,,,
A,06/01/26,15:39:00,443230323937FF171E0D-5,1302600.00,420000.00,471600.00,411000.00,376.62,,,
A,06/01/26,15:44:00,443230323937FF171E0D-5,1305600.00,420600.00,472800.00,412200.00,376.62,,,
A,06/01/26,15:49:00,443230323937FF171E0D-5,1309200.00,421800.00,474000.00,413400.00,376.62,,,
A,06/01/26,15:54:00,443230323937FF171E0D-5,1312800.00,423000.00,475200.00,414600.00,376.62,,,
A,06/01/26,15:59:00,443230323937FF171E0D-5,1315800.00,424200.00,476400.00,415200.00,376.62,,,
A,06/01/26,16:04:00,443230323937FF171E0D-5,1319400.00,425400.00,477600.00,416400.00,376.62,,,
A,06/01/26,16:09:00,443230323937FF171E0D-5,1323000.00,426600.00,478800.00,417600.00,376.62,,,
A,06/01/26,16:14:00,443230323937FF171E0D-5,1326600.00,427800.00,480000.00,418800.00,376.62,,,
A,06/01/26,16:19:00,443230323937FF171E0D-5,1330200.00,429000.00,481200.00,420000.00,376.62,,,
A,06/01/26,16:24:00,443230323937FF171E0D-5,1332600.00,429600.00,482400.00,420600.00,376.62,,,
A,06/01/26,16:29:00,443230323937FF171E0D-5,1336200.00,430800.00,483600.00,421800.00,376.62,,,
A,06/01/26,16:34:00,443230323937FF171E0D-5,1339800.00,432000.00,484800.00,423000.00,376.62,,,
A,06/01/26,16:39:00,443230323937FF171E0D-5,1343400.00,433200.00,486000.00,424200.00,376.62,,,
A,06/01/26,16:44:00,443230323937FF171E0D-5,1347000.00,434400.00,487200.00,425400.00,376.62,,,
A,06/01/26,16:49:00,443230323937FF171E0D-5,1350000.00,435600.00,488400.00,426000.00,376.62,,,
A,06/01/26,16:54:00,443230323937FF171E0D-5,1353600.00,436800.00,489600.00,427200.00,376.62,,,
A,06/01/26,16:59:00,443230323937FF171E0D-5,1357200.00,438000.00,490800.00,428400.00,376.62,,,
A,06/01/26,17:04:00,443230323937FF171E0D-5,1360200.00,438600.00,492000.00,429600.00,376.62,,,
A,06/01/26,17:09:00,443230323937FF171E0D-5,1363800.00,439800.00,493200.00,430800.00,376.62,,,
A,06/01/26,17:14:00,443230323937FF171E0D-5,1367400.00,441000.00,494400.00,432000.00,376.62,,,
A,06/01/26,17:19:00,443230323937FF171E0D-5,1370400.00,442200.00,495600.00,432600.00,376.62,,,
A,06/01/26,17:24:00,443230323937FF171E0D-5,1374000.00,443400.00,496800.00,433800.00,376.62,,,
A,06/01/26,17:29:00,443230323937FF171E0D-5,1377600.00,444600.00,498000.00,435000.00,376.62,,,
A,06/01/26,17:34:00,443230323937FF171E0D-5,1381200.00,445800.00,499200.00,436200.00,376.62,,,
A,06/01/26,17:39:00,443230323937FF171E0D-5,1384200.00,446400.00,500400.00,437400.00,376.62,,,
A,06/01/26,17:44:00,443230323937FF171E0D-5,1387200.00,447600.00,501600.00,438000.00,376.62,,,
A,06/01/26,17:49:00,443230323937FF171E0D-5,1390800.00,448800.00,502800.00,439200.00,376.62,,,
A,06/01/26,17:54:00,443230323937FF171E0D-5,1394400.00,450000.00,504000.00,440400.00,376.62,,,
A,06/01/26,17:59:00,443230323937FF171E0D-5,1398000.00,451200.00,505200.00,441600.00,376.62,,,
A,06/01/26,18:04:00,443230323937FF171E0D-5,1401600.00,452400.00,506400.00,442800.00,376.62,,,
A,06/01/26,18:09:00,443230323937FF171E0D-5,1404600.00,453600.00,507600.00,443400.00,376.62,,,
A,06/01/26,18:14:00,443230323937FF171E0D-5,1408200.00,454800.00,508800.00,444600.00,376.62,,,
A,06/01/26,18:19:00,443230323937FF171E0D-5,1411200.00,455400.00,510000.00,445800.00,376.62,,,
A,06/01/26,18:24:00,443230323937FF171E0D-5,1414800.00,456600.00,511200.00,447000.00,376.62,,,
A,06/01/26,18:29:00,443230323937FF171E0D-5,1418400.00,457800.00,512400.00,448200.00,376.62,,,
A,06/01/26,18:34:00,443230323937FF171E0D-5,1421400.00,459000.00,513600.00,448800.00,376.62,,,
A,06/01/26,18:39:00,443230323937FF171E0D-5,1425000.00,460200.00,514800.00,450000.00,376.62,,,
A,06/01/26,18:44:00,443230323937FF171E0D-5,1428600.00,461400.00,516000.00,451200.00,376.62,,,
A,06/01/26,18:49:00,443230323937FF171E0D-5,1432200.00,462600.00,517200.00,452400.00,376.62,,,
A,06/01/26,18:54:00,443230323937FF171E0D-5,1435800.00,463800.00,518400.00,453600.00,376.62,,,
A,06/01/26,18:59:00,443230323937FF171E0D-5,1438800.00,464400.00,519600.00,454800.00,376.62,,,
A,06/01/26,19:04:00,443230323937FF171E0D-5,1441800.00,465600.00,520800.00,455400.00,376.62,,,
A,06/01/26,19:09:00,443230323937FF171E0D-5,1445400.00,466800.00,522000.00,456600.00,376.62,,,
A,06/01/26,19:14:00,443230323937FF171E0D-5,1449000.00,468000.00,523200.00,457800.00,376.62,,,
A,06/01/26,19:19:00,443230323937FF171E0D-5,1452600.00,469200.00,524400.00,459000.00,376.62,,,
A,06/01/26,19:24:00,443230323937FF171E0D-5,1456200.00,470400.00,525600.00,460200.00,376.62,,,
A,06/01/26,19:29:00,443230323937FF171E0D-5,1459800.00,471600.00,526800.00,461400.00,376.62,,,
A,06/01/26,19:34:00,443230323937FF171E0D-5,1462800.00,472800.00,528000.00,462000.00,376.62,,,
A,06/01/26,19:39:00,443230323937FF171E0D-5,1465800.00,473400.00,529200.00,463200.00,376.62,,,
A,06/01/26,19:44:00,443230323937FF171E0D-5,1468800.00,474600.00,529800.00,464400.00,376.62,,,
A,06/01/26,19:49:00,443230323937FF171E0D-5,1472400.00,475800.00,531000.00,465600.00,376.62,,,
A,06/01/26,19:54:00,443230323937FF171E0D-5,1476000.00,477000.00,532200.00,466800.00,376.62,,,
A,06/01/26,19:59:00,443230323937FF171E0D-5,1479000.00,478200.00,533400.00,467400.00,376.62,,,
A,06/01/26,20:04:00,443230323937FF171E0D-5,1482600.00,479400.00,534600.00,468600.00,376.62,,,
A,06/01/26,20:09:00,443230323937FF171E0D-5,1486200.00,480600.00,535800.00,469800.00,376.62,,,
A,06/01/26,20:14:00,443230323937FF171E0D-5,1489800.00,481800.00,537000.00,471000.00,376.62,,,
A,06/01/26,20:19:00,443230323937FF171E0D-5,1493400.00,483000.00,538200.00,472200.00,376.62,,,
A,06/01/26,20:24:00,443230323937FF171E0D-5,1496400.00,483600.00,539400.00,473400.00,376.62,,,
A,06/01/26,20:29:00,443230323937FF171E0D-5,1499400.00,484800.00,540600.00,474000.00,376.62,,,
A,06/01/26,20:34:00,443230323937FF171E0D-5,1503000.00,486000.00,541800.00,475200.00,376.62,,,
A,06/01/26,20:39:00,443230323937FF171E0D-5,1506600.00,487200.00,543000.00,476400.00,376.62,,,
A,06/01/26,20:44:00,443230323937FF171E0D-5,1510200.00,488400.00,544200.00,477600.00,376.62,,,
A,06/01/26,20:49:00,443230323937FF171E0D-5,1513800.00,489600.00,545400.00,478800.00,376.62,,,
A,06/01/26,20:54:00,443230323937FF171E0D-5,1517400.00,490800.00,546600.00,480000.00,376.62,,,
A,06/01/26,20:59:00,443230323937FF171E0D-5,1520400.00,492000.00,547800.00,480600.00,376.62,,,
A,06/01/26,21:04:00,443230323937FF171E0D-5,1524000.00,493200.00,549000.00,481800.00,376.62,,,
A,06/01/26,21:09:00,443230323937FF171E0D-5,1527000.00,493800.00,550200.00,483000.00,376.62,,,
A,06/01/26,21:14:00,443230323937FF171E0D-5,1530600.00,495000.00,551400.00,484200.00,376.62,,,
A,06/01/26,21:19:00,443230323937FF171E0D-5,1534200.00,496200.00,552600.00,485400.00,376.62,,,
A,06/01/26,21:24:00,443230323937FF171E0D-5,1537200.00,497400.00,553800.00,486000.00,376.62,,,
A,06/01/26,21:29:00,443230323937FF171E0D-5,1540800.00,498600.00,555000.00,487200.00,376.62,,,
A,06/01/26,21:34:00,443230323937FF171E0D-5,1544400.00,499800.00,556200.00,488400.00,376.62,,,
A,06/01/26,21:39:00,443230323937FF171E0D-5,1548000.00,501000.00,557400.00,489600.00,376.62,,,
A,06/01/26,21:44:00,443230323937FF171E0D-5,1551000.00,501600.00,558600.00,490800.00,376.62,,,
A,06/01/26,21:49:00,443230323937FF171E0D-5,1554600.00,502800.00,559800.00,492000.00,376.62,,,
A,06/01/26,21:54:00,443230323937FF171E0D-5,1557600.00,504000.00,561000.00,492600.00,376.62,,,
A,06/01/26,21:59:00,443230323937FF171E0D-5,1561200.00,505200.00,562200.00,493800.00,376.62,,,
A,06/01/26,22:04:00,443230323937FF171E0D-5,1564800.00,506400.00,563400.00,495000.00,376.62,,,
A,06/01/26,22:09:00,443230323937FF171E0D-5,1568400.00,507600.00,564600.00,496200.00,376.62,,,
A,06/01/26,22:14:00,443230323937FF171E0D-5,1572000.00,508800.00,565800.00,497400.00,376.62,,,
A,06/01/26,22:19:00,443230323937FF171E0D-5,1575600.00,510000.00,567000.00,498600.00,376.62,,,
A,06/01/26,22:24:00,443230323937FF171E0D-5,1578000.00,510600.00,568200.00,499200.00,376.62,,,
A,06/01/26,22:29:00,443230323937FF171E0D-5,1581600.00,511800.00,569400.00,500400.00,376.62,,,
A,06/01/26,22:34:00,443230323937FF171E0D-5,1585200.00,513000.00,570600.00,501600.00,376.62,,,
A,06/01/26,22:39:00,443230323937FF171E0D-5,1588800.00,514200.00,571800.00,502800.00,376.62,,,
A,06/01/26,22:44:00,443230323937FF171E0D-5,1592400.00,515400.00,573000.00,504000.00,376.62,,,
A,06/01/26,22:49:00,443230323937FF171E0D-5,1596000.00,516600.00,574200.00,505200.00,376.62,,,
A,06/01/26,22:54:00,443230323937FF171E0D-5,1599600.00,517800.00,575400.00,506400.00,376.62,,,
A,06/01/26,22:59:00,443230323937FF171E0D-5,1602000.00,518400.00,576600.00,507000.00,376.62,,,
A,06/01/26,23:04:00,443230323937FF171E0D-5,1605600.00,519600.00,577800.00,508200.00,376.62,,,
A,06/01/26,23:09:00,443230323937FF171E0D-5,1609200.00,520800.00,579000.00,509400.00,376.62,,,
A,06/01/26,23:14:00,443230323937FF171E0D-5,1612800.00,522000.00,580200.00,510600.00,376.62,,,
A,06/01/26,23:19:00,443230323937FF171E0D-5,1616400.00,523200.00,581400.00,511800.00,376.62,,,
A,06/01/26,23:24:00,443230323937FF171E0D-5,1620000.00,524400.00,582600.00,513000.00,376.62,,,
A,06/01/26,23:29:00,443230323937FF171E0D-5,1623600.00,525600.00,583800.00,514200.00,376.62,,,
A,06/01/26,23:34:00,443230323937FF171E0D-5,1626000.00,526200.00,585000.00,514800.00,376.62,,,
A,06/01/26,23:39:00,443230323937FF171E0D-5,1629600.00,527400.00,586200.00,516000.00,376.62,,,
A,06/01/26,23:44:00,443230323937FF171E0D-5,1633200.00,528600.00,587400.00,517200.00,376.62,,,
A,06/01/26,23:49:00,443230323937FF171E0D-5,1636800.00,529800.00,588600.00,518400.00,376.62,,,
A,06/01/26,23:54:00,443230323937FF171E0D-5,1640400.00,531000.00,589800.00,519600.00,376.62,,,
A,06/01/26,23:59:00,443230323937FF171E0D-5,1644000.00,532200.00,591000.00,520800.00,376.62,,,
A,07/01/26,00:04:00,443230323937FF171E0D-5,1646400.00,532800.00,592200.00,521400.00,376.62,,,
A,07/01/26,00:09:00,443230323937FF171E0D-5,1650000.00,534000.00,593400.00,522600.00,376.62,,,
A,07/01/26,00:14:00,443230323937FF171E0D-5,1653600.00,535200.00,594600.00,523800.00,376.62,,,
A,07/01/26,00:19:00,443230323937FF171E0D-5,1657200.00,536400.00,595800.00,525000.00,376.62,,,
A,07/01/26,00:24:00,443230323937FF171E0D-5,1660800.00,537600.00,597000.00,526200.00,376.62,,,
A,07/01/26,00:29:00,443230323937FF171E0D-5,1664400.00,538800.00,598200.00,527400.00,376.62,,,
A,07/01/26,00:34:00,443230323937FF171E0D-5,1667400.00,540000.00,599400.00,528000.00,376.62,,,
A,07/01/26,00:39:00,443230323937FF171E0D-5,1670400.00,540600.00,600600.00,529200.00,376.62,,,
A,07/01/26,00:44:00,443230323937FF171E0D-5,1674000.00,541800.00,601800.00,530400.00,376.62,,,
A,07/01/26,00:49:00,443230323937FF171E0D-5,1677600.00,543000.00,603000.00,531600.00,376.62,,,
A,07/01/26,00:54:00,443230323937FF171E0D-5,1681200.00,544200.00,604200.00,532800.00,376.62,,,
A,07/01/26,00:59:00,443230323937FF171E0D-5,1684800.00,545400.00,605400.00,534000.00,376.62,,,
A,07/01/26,01:04:00,443230323937FF171E0D-5,1688400.00,546600.00,606600.00,535200.00,376.62,,,
A,07/01/26,01:09:00,443230323937FF171E0D-5,1690800.00,547200.00,607800.00,535800.00,376.62,,,
A,07/01/26,01:14:00,443230323937FF171E0D-5,1694400.00,548400.00,609000.00,537000.00,376.62,,,
A,07/01/26,01:19:00,443230323937FF171E0D-5,1698000.00,549600.00,610200.00,538200.00,376.62,,,
A,07/01/26,01:24:00,443230323937FF171E0D-5,1701600.00,550800.00,611400.00,539400.00,376.62,,,
A,07/01/26,01:29:00,443230323937FF171E0D-5,1705200.00,552000.00,612600.00,540600.00,376.62,,,
A,07/01/26,01:34:00,443230323937FF171E0D-5,1708800.00,553200.00,613800.00,541800.00,376.62,,,
A,07/01/26,01:39:00,443230323937FF171E0D-5,1711200.00,553800.00,615000.00,542400.00,376.62,,,
A,07/01/26,01:44:00,443230323937FF171E0D-5,1714800.00,555000.00,616200.00,543600.00,376.62,,,
A,07/01/26,01:49:00,443230323937FF171E0D-5,1718400.00,556200.00,617400.00,544800.00,376.62,,,
A,07/01/26,01:54:00,443230323937FF171E0D-5,1722000.00,557400.00,618600.00,546000.00,376.62,,,
A,07/01/26,01:59:00,443230323937FF171E0D-5,1725600.00,558600.00,619800.00,547200.00,376.62,,,
A,07/01/26,02:04:00,443230323937FF171E0D-5,1728600.00,559200.00,621000.00,548400.00,376.62,,,
A,07/01/26,02:09:00,443230323937FF171E0D-5,1732200.00,560400.00,622200.00,549600.00,376.62,,,
A,07/01/26,02:14:00,443230323937FF171E0D-5,1735200.00,561600.00,623400.00,550200.00,376.62,,,
A,07/01/26,02:19:00,443230323937FF171E0D-5,1738800.00,562800.00,624600.00,551400.00,376.62,,,
A,07/01/26,02:24:00,443230323937FF171E0D-5,1742400.00,564000.00,625800.00,552600.00,376.62,,,
A,07/01/26,02:29:00,443230323937FF171E0D-5,1746000.00,565200.00,627000.00,553800.00,376.62,,,
A,07/01/26,02:34:00,443230323937FF171E0D-5,1749000.00,565800.00,628200.00,555000.00,376.62,,,
A,07/01/26,02:39:00,443230323937FF171E0D-5,1752600.00,567000.00,629400.00,556200.00,376.62,,,
A,07/01/26,02:44:00,443230323937FF171E0D-5,1756200.00,568200.00,630600.00,557400.00,376.62,,,
A,07/01/26,02:49:00,443230323937FF171E0D-5,1759200.00,569400.00,631800.00,558000.00,376.62,,,
A,07/01/26,02:54:00,443230323937FF171E0D-5,1762800.00,570600.00,633000.00,559200.00,376.62,,,
A,07/01/26,02:59:00,443230323937FF171E0D-5,1765800.00,571200.00,634200.00,560400.00,376.62,,,
A,07/01/26,03:04:00,443230323937FF171E0D-5,1769400.00,572400.00,635400.00,561600.00,376.62,,,
A,07/01/26,03:09:00,443230323937FF171E0D-5,1773000.00,573600.00,636600.00,562800.00,376.62,,,
A,07/01/26,03:14:00,443230323937FF171E0D-5,1776600.00,574800.00,637800.00,564000.00,376.62,,,
A,07/01/26,03:19:00,443230323937FF171E0D-5,1780200.00,576000.00,639000.00,565200.00,376.62,,,
A,07/01/26,03:24:00,443230323937FF171E0D-5,1783200.00,577200.00,640200.00,565800.00,376.62,,,
A,07/01/26,03:29:00,443230323937FF171E0D-5,1786200.00,577800.00,641400.00,567000.00,376.62,,,
A,07/01/26,03:34:00,443230323937FF171E0D-5,1789800.00,579000.00,642600.00,568200.00,376.62,,,
A,07/01/26,03:39:00,443230323937FF171E0D-5,1793400.00,580200.00,643800.00,569400.00,376.62,,,
A,07/01/26,03:44:00,443230323937FF171E0D-5,1797000.00,581400.00,645000.00,570600.00,376.62,,,
A,07/01/26,03:49:00,443230323937FF171E0D-5,1800600.00,582600.00,646200.00,571800.00,376.62,,,
A,07/01/26,03:54:00,443230323937FF171E0D-5,1803600.00,583800.00,647400.00,572400.00,376.62,,,
A,07/01/26,03:59:00,443230323937FF171E0D-5,1806600.00,584400.00,648600.00,573600.00,376.62,,,
A,07/01/26,04:04:00,443230323937FF171E0D-5,1810200.00,585600.00,649800.00,574800.00,376.62,,,
A,07/01/26,04:09:00,443230323937FF171E0D-5,1813800.00,586800.00,651000.00,576000.00,376.62,,,
A,07/01/26,04:14:00,443230323937FF171E0D-5,1817400.00,588000.00,652200.00,577200.00,376.62,,,
A,07/01/26,04:19:00,443230323937FF171E0D-5,1821000.00,589200.00,653400.00,578400.00,376.62,,,
A,07/01/26,04:24:00,443230323937FF171E0D-5,1824000.00,590400.00,654600.00,579000.00,376.62,,,
A,07/01/26,04:29:00,443230323937FF171E0D-5,1827000.00,591000.00,655800.00,580200.00,376.62,,,
A,07/01/26,04:34:00,443230323937FF171E0D-5,1830600.00,592200.00,657000.00,581400.00,376.62,,,
A,07/01/26,04:39:00,443230323937FF171E0D-5,1834200.00,593400.00,658200.00,582600.00,376.62,,,
A,07/01/26,04:44:00,443230323937FF171E0D-5,1837800.00,594600.00,659400.00,583800.00,376.62,,,
A,07/01/26,04:49:00,443230323937FF171E0D-5,1841400.00,595800.00,660600.00,585000.00,376.62,,,
A,07/01/26,04:54:00,443230323937FF171E0D-5,1844400.00,596400.00,661800.00,586200.00,376.62,,,
A,07/01/26,04:59:00,443230323937FF171E0D-5,1847400.00,597600.00,663000.00,586800.00,376.62,,,
A,07/01/26,05:04:00,443230323937FF171E0D-5,1851000.00,598800.00,664200.00,588000.00,376.62,,,
A,07/01/26,05:09:00,443230323937FF171E0D-5,1854600.00,600000.00,665400.00,589200.00,376.62,,,
A,07/01/26,05:14:00,443230323937FF171E0D-5,1858200.00,601200.00,666600.00,590400.00,376.62,,,
A,07/01/26,05:19:00,443230323937FF171E0D-5,1861800.00,602400.00,667800.00,591600.00,376.62,,,
A,07/01/26,05:24:00,443230323937FF171E0D-5,1864800.00,603000.00,669000.00,592800.00,376.62,,,
A,07/01/26,05:29:00,443230323937FF171E0D-5,1867800.00,604200.00,670200.00,593400.00,376.62,,,
A,07/01/26,05:34:00,443230323937FF171E0D-5,1871400.00,605400.00,671400.00,594600.00,376.62,,,
A,07/01/26,05:39:00,443230323937FF171E0D-5,1875000.00,606600.00,672600.00,595800.00,376.62,,,
A,07/01/26,05:44:00,443230323937FF171E0D-5,1878600.00,607800.00,673800.00,597000.00,376.62,,,
A,07/01/26,05:49:00,443230323937FF171E0D-5,1882200.00,609000.00,675000.00,598200.00,376.62,,,
A,07/01/26,05:54:00,443230323937FF171E0D-5,1885800.00,610200.00,676200.00,599400.00,376.62,,,
A,07/01/26,05:59:00,443230323937FF171E0D-5,1888200.00,610800.00,677400.00,600000.00,376.62,,,
A,07/01/26,06:04:00,443230323937FF171E0D-5,1891800.00,612000.00,678600.00,601200.00,376.62,,,
A,07/01/26,06:09:00,443230323937FF171E0D-5,1895400.00,613200.00,679800.00,602400.00,376.62,,,
A,07/01/26,06:14:00,443230323937FF171E0D-5,1899000.00,614400.00,681000.00,603600.00,376.62,,,
A,07/01/26,06:19:00,443230323937FF171E0D-5,1902600.00,615600.00,682200.00,604800.00,376.62,,,
A,07/01/26,06:24:00,443230323937FF171E0D-5,1905600.00,616800.00,683400.00,605400.00,376.62,,,
A,07/01/26,06:29:00,443230323937FF171E0D-5,1909200.00,618000.00,684600.00,606600.00,376.62,,,
A,07/01/26,06:34:00,443230323937FF171E0D-5,1912200.00,618600.00,685800.00,607800.00,376.62,,,
A,07/01/26,06:39:00,443230323937FF171E0D-5,1915800.00,619800.00,687000.00,609000.00,376.62,,,
A,07/01/26,06:44:00,443230323937FF171E0D-5,1919400.00,621000.00,688200.00,610200.00,376.62,,,
A,07/01/26,06:49:00,443230323937FF171E0D-5,1922400.00,622200.00,689400.00,610800.00,376.62,,,
A,07/01/26,06:54:00,443230323937FF171E0D-5,1926000.00,623400.00,690600.00,612000.00,376.62,,,
A,07/01/26,06:59:00,443230323937FF171E0D-5,1930200.00,624600.00,692400.00,613200.00,376.62,,,
A,07/01/26,07:04:00,443230323937FF171E0D-5,1933800.00,625800.00,693600.00,614400.00,376.62,,,
A,07/01/26,07:09:00,443230323937FF171E0D-5,1937400.00,627000.00,694800.00,615600.00,376.62,,,
A,07/01/26,07:14:00,443230323937FF171E0D-5,1939800.00,627600.00,696000.00,616200.00,376.62,,,
A,07/01/26,07:19:00,443230323937FF171E0D-5,1943400.00,628800.00,697200.00,617400.00,376.62,,,
A,07/01/26,07:24:00,443230323937FF171E0D-5,1947000.00,630000.00,698400.00,618600.00,376.62,,,
A,07/01/26,07:29:00,443230323937FF171E0D-5,1950600.00,631200.00,699600.00,619800.00,376.62,,,
A,07/01/26,07:34:00,443230323937FF171E0D-5,1954200.00,632400.00,700800.00,621000.00,376.62,,,
A,07/01/26,07:39:00,443230323937FF171E0D-5,1957200.00,633600.00,702000.00,621600.00,376.62,,,
A,07/01/26,07:44:00,443230323937FF171E0D-5,1960800.00,634800.00,703200.00,622800.00,376.62,,,
A,07/01/26,07:49:00,443230323937FF171E0D-5,1964400.00,636000.00,704400.00,624000.00,376.62,,,
A,07/01/26,07:54:00,443230323937FF171E0D-5,1967400.00,636600.00,705600.00,625200.00,376.62,,,
A,07/01/26,07:59:00,443230323937FF171E0D-5,1971000.00,637800.00,706800.00,626400.00,376.62,,,
A,07/01/26,08:04:00,443230323937FF171E0D-5,1974000.00,639000.00,708000.00,627000.00,376.62,,,
A,07/01/26,08:09:00,443230323937FF171E0D-5,1977600.00,640200.00,709200.00,628200.00,376.62,,,
A,07/01/26,08:14:00,443230323937FF171E0D-5,1981200.00,641400.00,710400.00,629400.00,376.62,,,
A,07/01/26,08:19:00,443230323937FF171E0D-5,1984800.00,642600.00,711600.00,630600.00,376.62,,,
A,07/01/26,08:24:00,443230323937FF171E0D-5,1988400.00,643800.00,712800.00,631800.00,376.62,,,
A,07/01/26,08:29:00,443230323937FF171E0D-5,1991400.00,644400.00,714000.00,633000.00,376.62,,,
A,07/01/26,08:34:00,443230323937FF171E0D-5,1994400.00,645600.00,715200.00,633600.00,376.62,,,
A,07/01/26,08:39:00,443230323937FF171E0D-5,1998000.00,646800.00,716400.00,634800.00,376.62,,,
A,07/01/26,08:44:00,443230323937FF171E0D-5,2001600.00,648000.00,717600.00,636000.00,376.62,,,
A,07/01/26,08:49:00,443230323937FF171E0D-5,2005200.00,649200.00,718800.00,637200.00,376.62,,,
A,07/01/26,08:54:00,443230323937FF171E0D-5,2008800.00,650400.00,720000.00,638400.00,376.62,,,
A,07/01/26,08:59:00,443230323937FF171E0D-5,2012400.00,651600.00,721200.00,639600.00,376.62,,,
A,07/01/26,09:04:00,443230323937FF171E0D-5,2014800.00,652200.00,722400.00,640200.00,376.62,,,
A,07/01/26,09:09:00,443230323937FF171E0D-5,2018400.00,653400.00,723600.00,641400.00,376.62,,,
A,07/01/26,09:14:00,443230323937FF171E0D-5,2022000.00,654600.00,724800.00,642600.00,376.62,,,
A,07/01/26,09:19:00,443230323937FF171E0D-5,2025600.00,655800.00,726000.00,643800.00,376.62,,,
A,07/01/26,09:24:00,443230323937FF171E0D-5,2029200.00,657000.00,727200.00,645000.00,376.62,,,
A,07/01/26,09:29:00,443230323937FF171E0D-5,2032800.00,658200.00,728400.00,646200.00,376.62,,,
A,07/01/26,09:34:00,443230323937FF171E0D-5,2035800.00,659400.00,729600.00,646800.00,376.62,,,
A,07/01/26,09:39:00,443230323937FF171E0D-5,2038800.00,660000.00,730800.00,648000.00,376.62,,,
A,07/01/26,09:44:00,443230323937FF171E0D-5,2042400.00,661200.00,732000.00,649200.00,376.62,,,
A,07/01/26,09:49:00,443230323937FF171E0D-5,2046000.00,662400.00,733200.00,650400.00,376.62,,,
A,07/01/26,09:54:00,443230323937FF171E0D-5,2049600.00,663600.00,734400.00,651600.00,376.62,,,
A,07/01/26,09:59:00,443230323937FF171E0D-5,2053200.00,664800.00,735600.00,652800.00,376.62,,,
A,07/01/26,10:04:00,443230323937FF171E0D-5,2056200.00,666000.00,736800.00,653400.00,376.62,,,
A,07/01/26,10:09:00,443230323937FF171E0D-5,2059800.00,667200.00,738000.00,654600.00,376.62,,,
A,07/01/26,10:14:00,443230323937FF171E0D-5,2062800.00,667800.00,739200.00,655800.00,376.62,,,
A,07/01/26,10:19:00,443230323937FF171E0D-5,2066400.00,669000.00,740400.00,657000.00,376.62,,,
A,07/01/26,10:24:00,443230323937FF171E0D-5,2070000.00,670200.00,741600.00,658200.00,376.62,,,
A,07/01/26,10:29:00,443230323937FF171E0D-5,2073600.00,671400.00,742800.00,659400.00,376.62,,,
A,07/01/26,10:34:00,443230323937FF171E0D-5,2076600.00,672600.00,744000.00,660000.00,376.62,,,
A,07/01/26,10:39:00,443230323937FF171E0D-5,2080200.00,673800.00,745200.00,661200.00,376.62,,,
A,07/01/26,10:44:00,443230323937FF171E0D-5,2083200.00,674400.00,746400.00,662400.00,376.62,,,
A,07/01/26,10:49:00,443230323937FF171E0D-5,2086800.00,675600.00,747600.00,663600.00,376.62,,,
A,07/01/26,10:54:00,443230323937FF171E0D-5,2090400.00,676800.00,748800.00,664800.00,376.62,,,
A,07/01/26,10:59:00,443230323937FF171E0D-5,2094000.00,678000.00,750000.00,666000.00,376.62,,,
A,07/01/26,11:04:00,443230323937FF171E0D-5,2097000.00,679200.00,751200.00,666600.00,376.62,,,
A,07/01/26,11:09:00,443230323937FF171E0D-5,2100600.00,680400.00,752400.00,667800.00,376.62,,,
A,07/01/26,11:14:00,443230323937FF171E0D-5,2104200.00,681600.00,753600.00,669000.00,376.62,,,
A,07/01/26,11:19:00,443230323937FF171E0D-5,2107200.00,682200.00,754800.00,670200.00,376.62,,,
A,07/01/26,11:24:00,443230323937FF171E0D-5,2110800.00,683400.00,756000.00,671400.00,376.62,,,
A,07/01/26,11:29:00,443230323937FF171E0D-5,2114400.00,684600.00,757200.00,672600.00,376.62,,,
A,07/01/26,11:34:00,443230323937FF171E0D-5,2117400.00,685800.00,758400.00,673200.00,376.62,,,
A,07/01/26,11:39:00,443230323937FF171E0D-5,2121000.00,687000.00,759600.00,674400.00,376.62,,,
A,07/01/26,11:44:00,443230323937FF171E0D-5,2124600.00,688200.00,760800.00,675600.00,376.62,,,
A,07/01/26,11:49:00,443230323937FF171E0D-5,2128200.00,689400.00,762000.00,676800.00,376.62,,,
A,07/01/26,11:54:00,443230323937FF171E0D-5,2131200.00,690000.00,763200.00,678000.00,376.62,,,
A,07/01/26,11:59:00,443230323937FF171E0D-5,2134800.00,691200.00,764400.00,679200.00,376.62,,,
A,07/01/26,12:04:00,443230323937FF171E0D-5,2137800.00,692400.00,765600.00,679800.00,376.62,,,
A,07/01/26,12:09:00,443230323937FF171E0D-5,2141400.00,693600.00,766800.00,681000.00,376.62,,,
A,07/01/26,12:14:00,443230323937FF171E0D-5,2145000.00,694800.00,768000.00,682200.00,376.62,,,
A,07/01/26,12:19:00,443230323937FF171E0D-5,2148600.00,696000.00,769200.00,683400.00,376.62,,,
A,07/01/26,12:24:00,443230323937FF171E0D-5,2152200.00,697200.00,770400.00,684600.00,376.62,,,
A,07/01/26,12:29:00,443230323937FF171E0D-5,2155200.00,697800.00,771600.00,685800.00,376.62,,,
A,07/01/26,12:34:00,443230323937FF171E0D-5,2158200.00,699000.00,772800.00,686400.00,376.62,,,
A,07/01/26,12:39:00,443230323937FF171E0D-5,2161800.00,700200.00,774000.00,687600.00,376.62,,,
A,07/01/26,12:44:00,443230323937FF171E0D-5,2165400.00,701400.00,775200.00,688800.00,376.62,,,
A,07/01/26,12:49:00,443230323937FF171E0D-5,2169000.00,702600.00,776400.00,690000.00,376.62,,,
A,07/01/26,12:54:00,443230323937FF171E0D-5,2172600.00,703800.00,777600.00,691200.00,376.62,,,
A,07/01/26,12:59:00,443230323937FF171E0D-5,2176200.00,705000.00,778800.00,692400.00,376.62,,,
A,07/01/26,13:04:00,443230323937FF171E0D-5,2178600.00,705600.00,780000.00,693000.00,376.62,,,
A,07/01/26,13:09:00,443230323937FF171E0D-5,2182200.00,706800.00,781200.00,694200.00,376.62,,,
A,07/01/26,13:14:00,443230323937FF171E0D-5,2185800.00,708000.00,782400.00,695400.00,376.62,,,
A,07/01/26,13:19:00,443230323937FF171E0D-5,2189400.00,709200.00,783600.00,696600.00,376.62,,,
A,07/01/26,13:24:00,443230323937FF171E0D-5,2193000.00,710400.00,784800.00,697800.00,376.62,,,
A,07/01/26,13:29:00,443230323937FF171E0D-5,2196600.00,711600.00,786000.00,699000.00,376.62,,,
A,07/01/26,13:34:00,443230323937FF171E0D-5,2199000.00,712200.00,787200.00,699600.00,376.62,,,
A,07/01/26,13:39:00,443230323937FF171E0D-5,2202600.00,713400.00,788400.00,700800.00,376.62,,,
A,07/01/26,13:44:00,443230323937FF171E0D-5,2206200.00,714600.00,789600.00,702000.00,376.62,,,
A,07/01/26,13:49:00,443230323937FF171E0D-5,2209800.00,715800.00,790800.00,703200.00,376.62,,,
A,07/01/26,13:54:00,443230323937FF171E0D-5,2213400.00,717000.00,792000.00,704400.00,376.62,,,
A,07/01/26,13:59:00,443230323937FF171E0D-5,2217000.00,718200.00,793200.00,705600.00,376.62,,,
A,07/01/26,14:04:00,443230323937FF171E0D-5,2219400.00,718800.00,794400.00,706200.00,376.62,,,
A,07/01/26,14:09:00,443230323937FF171E0D-5,2223000.00,720000.00,795600.00,707400.00,376.62,,,
A,07/01/26,14:14:00,443230323937FF171E0D-5,2226600.00,721200.00,796800.00,708600.00,376.62,,,
A,07/01/26,14:19:00,443230323937FF171E0D-5,2230200.00,722400.00,798000.00,709800.00,376.62,,,
A,07/01/26,14:24:00,443230323937FF171E0D-5,2233800.00,723600.00,799200.00,711000.00,376.62,,,
A,07/01/26,14:29:00,443230323937FF171E0D-5,2237400.00,724800.00,800400.00,712200.00,376.62,,,
A,07/01/26,14:34:00,443230323937FF171E0D-5,2240400.00,726000.00,801600.00,712800.00,376.62,,,
A,07/01/26,14:39:00,443230323937FF171E0D-5,2243400.00,726600.00,802800.00,714000.00,376.62,,,
A,07/01/26,14:44:00,443230323937FF171E0D-5,2247000.00,727800.00,804000.00,715200.00,376.62,,,
A,07/01/26,14:49:00,443230323937FF171E0D-5,2250600.00,729000.00,805200.00,716400.00,376.62,,,
A,07/01/26,14:54:00,443230323937FF171E0D-5,2254200.00,730200.00,806400.00,717600.00,376.62,,,
A,07/01/26,14:59:00,443230323937FF171E0D-5,2257800.00,731400.00,807600.00,718800.00,376.62,,,
A,07/01/26,15:04:00,443230323937FF171E0D-5,2260800.00,732600.00,808200.00,720000.00,376.62,,,
A,07/01/26,15:09:00,443230323937FF171E0D-5,2263200.00,733200.00,809400.00,720600.00,376.62,,,
A,07/01/26,15:14:00,443230323937FF171E0D-5,2266800.00,734400.00,810600.00,721800.00,376.62,,,
A,07/01/26,15:19:00,443230323937FF171E0D-5,2270400.00,735600.00,811800.00,723000.00,376.62,,,
A,07/01/26,15:24:00,443230323937FF171E0D-5,2274000.00,736800.00,813000.00,724200.00,376.62,,,
A,07/01/26,15:29:00,443230323937FF171E0D-5,2277600.00,738000.00,814200.00,725400.00,376.62,,,
A,07/01/26,15:34:00,443230323937FF171E0D-5,2281200.00,739200.00,815400.00,726600.00,376.62,,,
A,07/01/26,15:39:00,443230323937FF171E0D-5,2284200.00,740400.00,816600.00,727200.00,376.62,,,
A,07/01/26,15:44:00,443230323937FF171E0D-5,2287200.00,741000.00,817800.00,728400.00,376.62,,,
A,07/01/26,15:49:00,443230323937FF171E0D-5,2290800.00,742200.00,819000.00,729600.00,376.62,,,
A,07/01/26,15:54:00,443230323937FF171E0D-5,2294400.00,743400.00,820200.00,730800.00,376.62,,,
A,07/01/26,15:59:00,443230323937FF171E0D-5,2298000.00,744600.00,821400.00,732000.00,376.62,,,
A,07/01/26,16:04:00,443230323937FF171E0D-5,2301600.00,745800.00,822600.00,733200.00,376.62,,,
A,07/01/26,16:09:00,443230323937FF171E0D-5,2304600.00,747000.00,823800.00,733800.00,376.62,,,
A,07/01/26,16:14:00,443230323937FF171E0D-5,2307600.00,747600.00,825000.00,735000.00,376.62,,,
A,07/01/26,16:19:00,443230323937FF171E0D-5,2311200.00,748800.00,826200.00,736200.00,376.62,,,
A,07/01/26,16:24:00,443230323937FF171E0D-5,2314800.00,750000.00,827400.00,737400.00,376.62,,,
A,07/01/26,16:29:00,443230323937FF171E0D-5,2318400.00,751200.00,828600.00,738600.00,376.62,,,
A,07/01/26,16:34:00,443230323937FF171E0D-5,2322000.00,752400.00,829800.00,739800.00,376.62,,,
A,07/01/26,16:39:00,443230323937FF171E0D-5,2325000.00,753600.00,831000.00,740400.00,376.62,,,
A,07/01/26,16:44:00,443230323937FF171E0D-5,2328600.00,754800.00,832200.00,741600.00,376.62,,,
A,07/01/26,16:49:00,443230323937FF171E0D-5,2331600.00,755400.00,833400.00,742800.00,376.62,,,
A,07/01/26,16:54:00,443230323937FF171E0D-5,2335200.00,756600.00,834600.00,744000.00,376.62,,,
A,07/01/26,16:59:00,443230323937FF171E0D-5,2338800.00,757800.00,835800.00,745200.00,376.62,,,
A,07/01/26,17:04:00,443230323937FF171E0D-5,2342400.00,759000.00,837000.00,746400.00,376.62,,,
A,07/01/26,17:09:00,443230323937FF171E0D-5,2346000.00,760200.00,838200.00,747600.00,376.62,,,
A,07/01/26,17:14:00,443230323937FF171E0D-5,2349000.00,761400.00,839400.00,748200.00,376.62,,,
A,07/01/26,17:19:00,443230323937FF171E0D-5,2352600.00,762600.00,840600.00,749400.00,376.62,,,
A,07/01/26,17:24:00,443230323937FF171E0D-5,2355600.00,763200.00,841800.00,750600.00,376.62,,,
A,07/01/26,17:29:00,443230323937FF171E0D-5,2359200.00,764400.00,843000.00,751800.00,376.62,,,
A,07/01/26,17:34:00,443230323937FF171E0D-5,2362800.00,765600.00,844200.00,753000.00,376.62,,,
A,07/01/26,17:39:00,443230323937FF171E0D-5,2366400.00,766800.00,845400.00,754200.00,376.62,,,
A,07/01/26,17:44:00,443230323937FF171E0D-5,2369400.00,768000.00,846600.00,754800.00,376.62,,,
A,07/01/26,17:49:00,443230323937FF171E0D-5,2373000.00,769200.00,847800.00,756000.00,376.62,,,
A,07/01/26,17:54:00,443230323937FF171E0D-5,2376600.00,770400.00,849000.00,757200.00,376.62,,,
A,07/01/26,17:59:00,443230323937FF171E0D-5,2379600.00,771000.00,850200.00,758400.00,376.62,,,
A,07/01/26,18:04:00,443230323937FF171E0D-5,2383200.00,772200.00,851400.00,759600.00,376.62,,,
A,07/01/26,18:09:00,443230323937FF171E0D-5,2386800.00,773400.00,852600.00,760800.00,376.62,,,
A,07/01/26,18:14:00,443230323937FF171E0D-5,2389800.00,774600.00,853800.00,761400.00,376.62,,,
A,07/01/26,18:19:00,443230323937FF171E0D-5,2393400.00,775800.00,855000.00,762600.00,376.62,,,
A,07/01/26,18:24:00,443230323937FF171E0D-5,2397000.00,777000.00,856200.00,763800.00,376.62,,,
A,07/01/26,18:29:00,443230323937FF171E0D-5,2400600.00,778200.00,857400.00,765000.00,376.62,,,
A,07/01/26,18:34:00,443230323937FF171E0D-5,2403600.00,778800.00,858600.00,766200.00,376.62,,,
A,07/01/26,18:39:00,443230323937FF171E0D-5,2406600.00,780000.00,859800.00,766800.00,376.62,,,
A,07/01/26,18:44:00,443230323937FF171E0D-5,2410200.00,781200.00,861000.00,768000.00,376.62,,,
A,07/01/26,18:49:00,443230323937FF171E0D-5,2413800.00,782400.00,862200.00,769200.00,376.62,,,
A,07/01/26,18:54:00,443230323937FF171E0D-5,2417400.00,783600.00,863400.00,770400.00,376.62,,,
A,07/01/26,18:59:00,443230323937FF171E0D-5,2421000.00,784800.00,864600.00,771600.00,376.62,,,
A,07/01/26,19:04:00,443230323937FF171E0D-5,2424600.00,786000.00,865800.00,772800.00,376.62,,,
A,07/01/26,19:09:00,443230323937FF171E0D-5,2427600.00,787200.00,867000.00,773400.00,376.62,,,
A,07/01/26,19:14:00,443230323937FF171E0D-5,2430600.00,787800.00,868200.00,774600.00,376.62,,,
A,07/01/26,19:19:00,443230323937FF171E0D-5,2434200.00,789000.00,869400.00,775800.00,376.62,,,
A,07/01/26,19:24:00,443230323937FF171E0D-5,2437800.00,790200.00,870600.00,777000.00,376.62,,,
A,07/01/26,19:29:00,443230323937FF171E0D-5,2441400.00,791400.00,871800.00,778200.00,376.62,,,
A,07/01/26,19:34:00,443230323937FF171E0D-5,2445000.00,792600.00,873000.00,779400.00,376.62,,,
A,07/01/26,19:39:00,443230323937FF171E0D-5,2448600.00,793800.00,874200.00,780600.00,376.62,,,
A,07/01/26,19:44:00,443230323937FF171E0D-5,2451600.00,795000.00,875400.00,781200.00,376.62,,,
A,07/01/26,19:49:00,443230323937FF171E0D-5,2455200.00,796200.00,876600.00,782400.00,376.62,,,
A,07/01/26,19:54:00,443230323937FF171E0D-5,2458200.00,796800.00,877800.00,783600.00,376.62,,,
A,07/01/26,19:59:00,443230323937FF171E0D-5,2461800.00,798000.00,879000.00,784800.00,376.62,,,
A,07/01/26,20:04:00,443230323937FF171E0D-5,2465400.00,799200.00,880200.00,786000.00,376.62,,,
A,07/01/26,20:09:00,443230323937FF171E0D-5,2469000.00,800400.00,881400.00,787200.00,376.62,,,
A,07/01/26,20:14:00,443230323937FF171E0D-5,2472000.00,801600.00,882600.00,787800.00,376.62,,,
A,07/01/26,20:19:00,443230323937FF171E0D-5,2475600.00,802800.00,883800.00,789000.00,376.62,,,
A,07/01/26,20:24:00,443230323937FF171E0D-5,2479200.00,804000.00,885000.00,790200.00,376.62,,,
A,07/01/26,20:29:00,443230323937FF171E0D-5,2482200.00,804600.00,886200.00,791400.00,376.62,,,
A,07/01/26,20:34:00,443230323937FF171E0D-5,2485800.00,805800.00,887400.00,792600.00,376.62,,,
A,07/01/26,20:39:00,443230323937FF171E0D-5,2489400.00,807000.00,888600.00,793800.00,376.62,,,
A,07/01/26,20:44:00,443230323937FF171E0D-5,2493000.00,808200.00,889800.00,795000.00,376.62,,,
A,07/01/26,20:49:00,443230323937FF171E0D-5,2496000.00,809400.00,891000.00,795600.00,376.62,,,
A,07/01/26,20:54:00,443230323937FF171E0D-5,2499600.00,810600.00,892200.00,796800.00,376.62,,,
A,07/01/26,20:59:00,443230323937FF171E0D-5,2503200.00,811800.00,893400.00,798000.00,376.62,,,
A,07/01/26,21:04:00,443230323937FF171E0D-5,2506800.00,813000.00,894600.00,799200.00,376.62,,,
A,07/01/26,21:09:00,443230323937FF171E0D-5,2509800.00,813600.00,895800.00,800400.00,376.62,,,
A,07/01/26,21:14:00,443230323937FF171E0D-5,2513400.00,814800.00,897000.00,801600.00,376.62,,,
A,07/01/26,21:19:00,443230323937FF171E0D-5,2516400.00,816000.00,898200.00,802200.00,376.62,,,
A,07/01/26,21:24:00,443230323937FF171E0D-5,2520000.00,817200.00,899400.00,803400.00,376.62,,,
A,07/01/26,21:29:00,443230323937FF171E0D-5,2523000.00,818400.00,900000.00,804600.00,376.62,,,
A,07/01/26,21:34:00,443230323937FF171E0D-5,2526600.00,819600.00,901200.00,805800.00,376.62,,,
A,07/01/26,21:39:00,443230323937FF171E0D-5,2530200.00,820800.00,902400.00,807000.00,376.62,,,
A,07/01/26,21:44:00,443230323937FF171E0D-5,2533200.00,821400.00,903600.00,808200.00,376.62,,,
A,07/01/26,21:49:00,443230323937FF171E0D-5,2536800.00,822600.00,904800.00,809400.00,376.62,,,
A,07/01/26,21:54:00,443230323937FF171E0D-5,2539800.00,823800.00,906000.00,810000.00,376.62,,,
A,07/01/26,21:59:00,443230323937FF171E0D-5,2543400.00,825000.00,907200.00,811200.00,376.62,,,
A,07/01/26,22:04:00,443230323937FF171E0D-5,2547000.00,826200.00,908400.00,812400.00,376.62,,,
A,07/01/26,22:09:00,443230323937FF171E0D-5,2550600.00,827400.00,909600.00,813600.00,376.62,,,
A,07/01/26,22:14:00,443230323937FF171E0D-5,2553600.00,828000.00,910800.00,814800.00,376.62,,,
A,07/01/26,22:19:00,443230323937FF171E0D-5,2557200.00,829200.00,912000.00,816000.00,376.62,,,
A,07/01/26,22:24:00,443230323937FF171E0D-5,2560800.00,830400.00,913200.00,817200.00,376.62,,,
A,07/01/26,22:29:00,443230323937FF171E0D-5,2563800.00,831600.00,914400.00,817800.00,376.62,,,
A,07/01/26,22:34:00,443230323937FF171E0D-5,2567400.00,832800.00,915600.00,819000.00,376.62,,,
A,07/01/26,22:39:00,443230323937FF171E0D-5,2571000.00,834000.00,916800.00,820200.00,376.62,,,
A,07/01/26,22:44:00,443230323937FF171E0D-5,2574000.00,834600.00,918000.00,821400.00,376.62,,,
A,07/01/26,22:49:00,443230323937FF171E0D-5,2577600.00,835800.00,919200.00,822600.00,376.62,,,
A,07/01/26,22:54:00,443230323937FF171E0D-5,2581200.00,837000.00,920400.00,823800.00,376.62,,,
A,07/01/26,22:59:00,443230323937FF171E0D-5,2584800.00,838200.00,921600.00,825000.00,376.62,,,
A,07/01/26,23:04:00,443230323937FF171E0D-5,2588400.00,839400.00,922800.00,826200.00,376.62,,,
A,07/01/26,23:09:00,443230323937FF171E0D-5,2590800.00,840000.00,924000.00,826800.00,376.62,,,
A,07/01/26,23:14:00,443230323937FF171E0D-5,2594400.00,841200.00,925200.00,828000.00,376.62,,,
A,07/01/26,23:19:00,443230323937FF171E0D-5,2598000.00,842400.00,926400.00,829200.00,376.62,,,
A,07/01/26,23:24:00,443230323937FF171E0D-5,2601600.00,843600.00,927600.00,830400.00,376.62,,,
A,07/01/26,23:29:00,443230323937FF171E0D-5,2605200.00,844800.00,928800.00,831600.00,376.62,,,
A,07/01/26,23:34:00,443230323937FF171E0D-5,2608800.00,846000.00,930000.00,832800.00,376.62,,,
A,07/01/26,23:39:00,443230323937FF171E0D-5,2611800.00,846600.00,931200.00,834000.00,376.62,,,
A,07/01/26,23:44:00,443230323937FF171E0D-5,2615400.00,847800.00,932400.00,835200.00,376.62,,,
A,07/01/26,23:49:00,443230323937FF171E0D-5,2618400.00,849000.00,933600.00,835800.00,376.62,,,
A,07/01/26,23:54:00,443230323937FF171E0D-5,2622000.00,850200.00,934800.00,837000.00,376.62,,,
A,07/01/26,23:59:00,443230323937FF171E0D-5,2625600.00,851400.00,936000.00,838200.00,376.62,,,
A,08/01/26,00:04:00,443230323937FF171E0D-5,2629200.00,852600.00,937200.00,839400.00,376.62,,,
A,08/01/26,00:09:00,443230323937FF171E0D-5,2632200.00,853200.00,938400.00,840600.00,376.62,,,
A,08/01/26,00:14:00,443230323937FF171E0D-5,2635800.00,854400.00,939600.00,841800.00,376.62,,,
A,08/01/26,00:19:00,443230323937FF171E0D-5,2639400.00,855600.00,940800.00,843000.00,376.62,,,
A,08/01/26,00:24:00,443230323937FF171E0D-5,2642400.00,856800.00,942000.00,843600.00,376.62,,,
A,08/01/26,00:29:00,443230323937FF171E0D-5,2646000.00,858000.00,943200.00,844800.00,376.62,,,
A,08/01/26,00:34:00,443230323937FF171E0D-5,2649000.00,858600.00,944400.00,846000.00,376.62,,,
A,08/01/26,00:39:00,443230323937FF171E0D-5,2652600.00,859800.00,945600.00,847200.00,376.62,,,
A,08/01/26,00:44:00,443230323937FF171E0D-5,2656200.00,861000.00,946800.00,848400.00,376.62,,,
A,08/01/26,00:49:00,443230323937FF171E0D-5,2659800.00,862200.00,948000.00,849600.00,376.62,,,
A,08/01/26,00:54:00,443230323937FF171E0D-5,2663400.00,863400.00,949200.00,850800.00,376.62,,,
A,08/01/26,00:59:00,443230323937FF171E0D-5,2665800.00,864000.00,950400.00,851400.00,376.62,,,
A,08/01/26,01:04:00,443230323937FF171E0D-5,2669400.00,865200.00,951600.00,852600.00,376.62,,,
A,08/01/26,01:09:00,443230323937FF171E0D-5,2673000.00,866400.00,952800.00,853800.00,376.62,,,
A,08/01/26,01:14:00,443230323937FF171E0D-5,2676600.00,867600.00,954000.00,855000.00,376.62,,,
A,08/01/26,01:19:00,443230323937FF171E0D-5,2680200.00,868800.00,955200.00,856200.00,376.62,,,
A,08/01/26,01:24:00,443230323937FF171E0D-5,2683200.00,869400.00,956400.00,857400.00,376.62,,,
A,08/01/26,01:29:00,443230323937FF171E0D-5,2686800.00,870600.00,957600.00,858600.00,376.62,,,
A,08/01/26,01:34:00,443230323937FF171E0D-5,2690400.00,871800.00,958800.00,859800.00,376.62,,,
A,08/01/26,01:39:00,443230323937FF171E0D-5,2693400.00,873000.00,960000.00,860400.00,376.62,,,
A,08/01/26,01:44:00,443230323937FF171E0D-5,2697000.00,874200.00,961200.00,861600.00,376.62,,,
A,08/01/26,01:49:00,443230323937FF171E0D-5,2700600.00,875400.00,962400.00,862800.00,376.62,,,
A,08/01/26,01:54:00,443230323937FF171E0D-5,2703600.00,876000.00,963600.00,864000.00,376.62,,,
A,08/01/26,01:59:00,443230323937FF171E0D-5,2707200.00,877200.00,964800.00,865200.00,376.62,,,
A,08/01/26,02:04:00,443230323937FF171E0D-5,2710800.00,878400.00,966000.00,866400.00,376.62,,,
A,08/01/26,02:09:00,443230323937FF171E0D-5,2715000.00,879600.00,967800.00,867600.00,376.62,,,
A,08/01/26,02:14:00,443230323937FF171E0D-5,2718600.00,880800.00,969000.00,868800.00,376.62,,,
A,08/01/26,02:19:00,443230323937FF171E0D-5,2721000.00,881400.00,970200.00,869400.00,376.62,,,
A,08/01/26,02:24:00,443230323937FF171E0D-5,2724600.00,882600.00,971400.00,870600.00,376.62,,,
A,08/01/26,02:29:00,443230323937FF171E0D-5,2728200.00,883800.00,972600.00,871800.00,376.62,,,
A,08/01/26,02:34:00,443230323937FF171E0D-5,2731800.00,885000.00,973800.00,873000.00,376.62,,,
A,08/01/26,02:39:00,443230323937FF171E0D-5,2735400.00,886200.00,975000.00,874200.00,376.62,,,
A,08/01/26,02:44:00,443230323937FF171E0D-5,2738400.00,886800.00,976200.00,875400.00,376.62,,,
A,08/01/26,02:49:00,443230323937FF171E0D-5,2742000.00,888000.00,977400.00,876600.00,376.62,,,
A,08/01/26,02:54:00,443230323937FF171E0D-5,2745000.00,889200.00,978600.00,877200.00,376.62,,,
A,08/01/26,02:59:00,443230323937FF171E0D-5,2748600.00,890400.00,979800.00,878400.00,376.62,,,
A,08/01/26,03:04:00,443230323937FF171E0D-5,2752200.00,891600.00,981000.00,879600.00,376.62,,,
A,08/01/26,03:09:00,443230323937FF171E0D-5,2755800.00,892800.00,982200.00,880800.00,376.62,,,
A,08/01/26,03:14:00,443230323937FF171E0D-5,2758800.00,893400.00,983400.00,882000.00,376.62,,,
A,08/01/26,03:19:00,443230323937FF171E0D-5,2762400.00,894600.00,984600.00,883200.00,376.62,,,
A,08/01/26,03:24:00,443230323937FF171E0D-5,2766000.00,895800.00,985800.00,884400.00,376.62,,,
A,08/01/26,03:29:00,443230323937FF171E0D-5,2769000.00,897000.00,987000.00,885000.00,376.62,,,
A,08/01/26,03:34:00,443230323937FF171E0D-5,2772600.00,898200.00,988200.00,886200.00,376.62,,,
A,08/01/26,03:39:00,443230323937FF171E0D-5,2775600.00,898800.00,989400.00,887400.00,376.62,,,
A,08/01/26,03:44:00,443230323937FF171E0D-5,2779200.00,900000.00,990600.00,888600.00,376.62,,,
A,08/01/26,03:49:00,443230323937FF171E0D-5,2782800.00,901200.00,991800.00,889800.00,376.62,,,
A,08/01/26,03:54:00,443230323937FF171E0D-5,2786400.00,902400.00,993000.00,891000.00,376.62,,,
A,08/01/26,03:59:00,443230323937FF171E0D-5,2790000.00,903600.00,994200.00,892200.00,376.62,,,
A,08/01/26,04:04:00,443230323937FF171E0D-5,2793000.00,904800.00,995400.00,892800.00,376.62,,,
A,08/01/26,04:09:00,443230323937FF171E0D-5,2796000.00,905400.00,996600.00,894000.00,376.62,,,
A,08/01/26,04:14:00,443230323937FF171E0D-5,2799600.00,906600.00,997800.00,895200.00,376.62,,,
A,08/01/26,04:19:00,443230323937FF171E0D-5,2803200.00,907800.00,999000.00,896400.00,376.62,,,
A,08/01/26,04:24:00,443230323937FF171E0D-5,2806800.00,909000.00,1000200.00,897600.00,376.62,,,
A,08/01/26,04:29:00,443230323937FF171E0D-5,2810400.00,910200.00,1001400.00,898800.00,376.62,,,
A,08/01/26,04:34:00,443230323937FF171E0D-5,2813400.00,910800.00,1002600.00,900000.00,376.62,,,
A,08/01/26,04:39:00,443230323937FF171E0D-5,2816400.00,912000.00,1003800.00,900600.00,376.62,,,
A,08/01/26,04:44:00,443230323937FF171E0D-5,2820000.00,913200.00,1005000.00,901800.00,376.62,,,
A,08/01/26,04:49:00,443230323937FF171E0D-5,2823600.00,914400.00,1006200.00,903000.00,376.62,,,
A,08/01/26,04:54:00,443230323937FF171E0D-5,2827200.00,915600.00,1007400.00,904200.00,376.62,,,
A,08/01/26,04:59:00,443230323937FF171E0D-5,2830800.00,916800.00,1008600.00,905400.00,376.62,,,
A,08/01/26,05:04:00,443230323937FF171E0D-5,2833800.00,917400.00,1009800.00,906600.00,376.62,,,
A,08/01/26,05:09:00,443230323937FF171E0D-5,2837400.00,918600.00,1011000.00,907800.00,376.62,,,
A,08/01/26,05:14:00,443230323937FF171E0D-5,2840400.00,919800.00,1012200.00,908400.00,376.62,,,
A,08/01/26,05:19:00,443230323937FF171E0D-5,2844000.00,921000.00,1013400.00,909600.00,376.62,,,
A,08/01/26,05:24:00,443230323937FF171E0D-5,2847600.00,922200.00,1014600.00,910800.00,376.62,,,
A,08/01/26,05:29:00,443230323937FF171E0D-5,2850600.00,922800.00,1015800.00,912000.00,376.62,,,
A,08/01/26,05:34:00,443230323937FF171E0D-5,2854200.00,924000.00,1017000.00,913200.00,376.62,,,
A,08/01/26,05:39:00,443230323937FF171E0D-5,2857800.00,925200.00,1018200.00,914400.00,376.62,,,
A,08/01/26,05:44:00,443230323937FF171E0D-5,2861400.00,926400.00,1019400.00,915600.00,376.62,,,
A,08/01/26,05:49:00,443230323937FF171E0D-5,2864400.00,927600.00,1020600.00,916200.00,376.62,,,
A,08/01/26,05:54:00,443230323937FF171E0D-5,2868000.00,928800.00,1021800.00,917400.00,376.62,,,
A,08/01/26,05:59:00,443230323937FF171E0D-5,2871000.00,929400.00,1023000.00,918600.00,376.62,,,
A,08/01/26,06:04:00,443230323937FF171E0D-5,2874600.00,930600.00,1024200.00,919800.00,376.62,,,
A,08/01/26,06:09:00,443230323937FF171E0D-5,2878200.00,931800.00,1025400.00,921000.00,376.62,,,
A,08/01/26,06:14:00,443230323937FF171E0D-5,2881800.00,933000.00,1026600.00,922200.00,376.62,,,
A,08/01/26,06:19:00,443230323937FF171E0D-5,2884800.00,934200.00,1027800.00,922800.00,376.62,,,
A,08/01/26,06:24:00,443230323937FF171E0D-5,2887800.00,934800.00,1029000.00,924000.00,376.62,,,
A,08/01/26,06:29:00,443230323937FF171E0D-5,2891400.00,936000.00,1030200.00,925200.00,376.62,,,
A,08/01/26,06:34:00,443230323937FF171E0D-5,2895000.00,937200.00,1031400.00,926400.00,376.62,,,
A,08/01/26,06:39:00,443230323937FF171E0D-5,2898600.00,938400.00,1032600.00,927600.00,376.62,,,
A,08/01/26,06:44:00,443230323937FF171E0D-5,2902200.00,939600.00,1033800.00,928800.00,376.62,,,
A,08/01/26,06:49:00,443230323937FF171E0D-5,2905200.00,940800.00,1035000.00,929400.00,376.62,,,
A,08/01/26,06:54:00,443230323937FF171E0D-5,2908800.00,942000.00,1036200.00,930600.00,376.62,,,
A,08/01/26,06:59:00,443230323937FF171E0D-5,2911800.00,942600.00,1037400.00,931800.00,376.62,,,
A,08/01/26,07:04:00,443230323937FF171E0D-5,2915400.00,943800.00,1038600.00,933000.00,376.62,,,
A,08/01/26,07:09:00,443230323937FF171E0D-5,2919000.00,945000.00,1039800.00,934200.00,376.62,,,
A,08/01/26,07:14:00,443230323937FF171E0D-5,2922600.00,946200.00,1041000.00,935400.00,376.62,,,
A,08/01/26,07:19:00,443230323937FF171E0D-5,2925600.00,947400.00,1042200.00,936000.00,376.62,,,
A,08/01/26,07:24:00,443230323937FF171E0D-5,2929200.00,948600.00,1043400.00,937200.00,376.62,,,
A,08/01/26,07:29:00,443230323937FF171E0D-5,2932800.00,949800.00,1044600.00,938400.00,376.62,,,
A,08/01/26,07:34:00,443230323937FF171E0D-5,2935800.00,950400.00,1045800.00,939600.00,376.62,,,
A,08/01/26,07:39:00,443230323937FF171E0D-5,2939400.00,951600.00,1047000.00,940800.00,376.62,,,
A,08/01/26,07:44:00,443230323937FF171E0D-5,2943000.00,952800.00,1048200.00,942000.00,376.62,,,
A,08/01/26,07:49:00,443230323937FF171E0D-5,2946000.00,954000.00,1049400.00,942600.00,376.62,,,
A,08/01/26,07:54:00,443230323937FF171E0D-5,2949600.00,955200.00,1050600.00,943800.00,376.62,,,
A,08/01/26,07:59:00,443230323937FF171E0D-5,2953200.00,956400.00,1051800.00,945000.00,376.62,,,
A,08/01/26,08:04:00,443230323937FF171E0D-5,2956200.00,957000.00,1053000.00,946200.00,376.62,,,
A,08/01/26,08:09:00,443230323937FF171E0D-5,2959800.00,958200.00,1054200.00,947400.00,376.62,,,
A,08/01/26,08:14:00,443230323937FF171E0D-5,2963400.00,959400.00,1055400.00,948600.00,376.62,,,
A,08/01/26,08:19:00,443230323937FF171E0D-5,2966400.00,960600.00,1056600.00,949200.00,376.62,,,
A,08/01/26,08:24:00,443230323937FF171E0D-5,2970000.00,961800.00,1057800.00,950400.00,376.62,,,
A,08/01/26,08:29:00,443230323937FF171E0D-5,2973600.00,963000.00,1059000.00,951600.00,376.62,,,
A,08/01/26,08:34:00,443230323937FF171E0D-5,2976600.00,963600.00,1060200.00,952800.00,376.62,,,
A,08/01/26,08:39:00,443230323937FF171E0D-5,2980200.00,964800.00,1061400.00,954000.00,376.62,,,
A,08/01/26,08:44:00,443230323937FF171E0D-5,2983800.00,966000.00,1062600.00,955200.00,376.62,,,
A,08/01/26,08:49:00,443230323937FF171E0D-5,2987400.00,967200.00,1063800.00,956400.00,376.62,,,
A,08/01/26,08:54:00,443230323937FF171E0D-5,2990400.00,968400.00,1065000.00,957000.00,376.62,,,
A,08/01/26,08:59:00,443230323937FF171E0D-5,2994000.00,969600.00,1066200.00,958200.00,376.62,,,
A,08/01/26,09:04:00,443230323937FF171E0D-5,2997600.00,970800.00,1067400.00,959400.00,376.62,,,
A,08/01/26,09:09:00,443230323937FF171E0D-5,3000600.00,971400.00,1068600.00,960600.00,376.62,,,
A,08/01/26,09:14:00,443230323937FF171E0D-5,3004200.00,972600.00,1069800.00,961800.00,376.62,,,
A,08/01/26,09:19:00,443230323937FF171E0D-5,3007800.00,973800.00,1071000.00,963000.00,376.62,,,
A,08/01/26,09:24:00,443230323937FF171E0D-5,3010800.00,975000.00,1072200.00,963600.00,376.62,,,
A,08/01/26,09:29:00,443230323937FF171E0D-5,3014400.00,976200.00,1073400.00,964800.00,376.62,,,
A,08/01/26,09:34:00,443230323937FF171E0D-5,3018000.00,977400.00,1074600.00,966000.00,376.62,,,
A,08/01/26,09:39:00,443230323937FF171E0D-5,3021000.00,978000.00,1075800.00,967200.00,376.62,,,
A,08/01/26,09:44:00,443230323937FF171E0D-5,3024600.00,979200.00,1077000.00,968400.00,376.62,,,
A,08/01/26,09:49:00,443230323937FF171E0D-5,3028200.00,980400.00,1078200.00,969600.00,376.62,,,
A,08/01/26,09:54:00,443230323937FF171E0D-5,3031800.00,981600.00,1079400.00,970800.00,376.62,,,
A,08/01/26,09:59:00,443230323937FF171E0D-5,3034800.00,982800.00,1080600.00,971400.00,376.62,,,
A,08/01/26,10:04:00,443230323937FF171E0D-5,3038400.00,984000.00,1081800.00,972600.00,376.62,,,
A,08/01/26,10:09:00,443230323937FF171E0D-5,3042000.00,985200.00,1083000.00,973800.00,376.62,,,
A,08/01/26,10:14:00,443230323937FF171E0D-5,3045000.00,985800.00,1084200.00,975000.00,376.62,,,
A,08/01/26,10:19:00,443230323937FF171E0D-5,3048600.00,987000.00,1085400.00,976200.00,376.62,,,
A,08/01/26,10:24:00,443230323937FF171E0D-5,3052200.00,988200.00,1086600.00,977400.00,376.62,,,
A,08/01/26,10:29:00,443230323937FF171E0D-5,3055800.00,989400.00,1087800.00,978600.00,376.62,,,
A,08/01/26,10:34:00,443230323937FF171E0D-5,3059400.00,990600.00,1089000.00,979800.00,376.62,,,
A,08/01/26,10:39:00,443230323937FF171E0D-5,3062400.00,991800.00,1090200.00,980400.00,376.62,,,
A,08/01/26,10:44:00,443230323937FF171E0D-5,3065400.00,992400.00,1091400.00,981600.00,376.62,,,
A,08/01/26,10:49:00,443230323937FF171E0D-5,3069000.00,993600.00,1092600.00,982800.00,376.62,,,
A,08/01/26,10:54:00,443230323937FF171E0D-5,3072600.00,994800.00,1093800.00,984000.00,376.62,,,
A,08/01/26,10:59:00,443230323937FF171E0D-5,3076200.00,996000.00,1095000.00,985200.00,376.62,,,
A,08/01/26,11:04:00,443230323937FF171E0D-5,3079800.00,997200.00,1096200.00,986400.00,376.62,,,
A,08/01/26,11:09:00,443230323937FF171E0D-5,3083400.00,998400.00,1097400.00,987600.00,376.62,,,
A,08/01/26,11:14:00,443230323937FF171E0D-5,3085800.00,999000.00,1098600.00,988200.00,376.62,,,
A,08/01/26,11:19:00,443230323937FF171E0D-5,3089400.00,1000200.00,1099800.00,989400.00,376.62,,,
A,08/01/26,11:24:00,443230323937FF171E0D-5,3093000.00,1001400.00,1101000.00,990600.00,376.62,,,
A,08/01/26,11:29:00,443230323937FF171E0D-5,3096600.00,1002600.00,1102200.00,991800.00,376.62,,,
A,08/01/26,11:34:00,443230323937FF171E0D-5,3100200.00,1003800.00,1103400.00,993000.00,376.62,,,
A,08/01/26,11:39:00,443230323937FF171E0D-5,3103800.00,1005000.00,1104600.00,994200.00,376.62,,,
A,08/01/26,11:44:00,443230323937FF171E0D-5,3107400.00,1006200.00,1105800.00,995400.00,376.62,,,
A,08/01/26,11:49:00,443230323937FF171E0D-5,3109800.00,1006800.00,1107000.00,996000.00,376.62,,,
A,08/01/26,11:54:00,443230323937FF171E0D-5,3113400.00,1008000.00,1108200.00,997200.00,376.62,,,
A,08/01/26,11:59:00,443230323937FF171E0D-5,3117000.00,1009200.00,1109400.00,998400.00,376.62,,,
A,08/01/26,12:04:00,443230323937FF171E0D-5,3120600.00,1010400.00,1110600.00,999600.00,376.62,,,
A,08/01/26,12:09:00,443230323937FF171E0D-5,3124200.00,1011600.00,1111800.00,1000800.00,376.62,,,
A,08/01/26,12:14:00,443230323937FF171E0D-5,3127800.00,1012800.00,1113000.00,1002000.00,376.62,,,
A,08/01/26,12:19:00,443230323937FF171E0D-5,3130800.00,1013400.00,1114200.00,1003200.00,376.62,,,
A,08/01/26,12:24:00,443230323937FF171E0D-5,3133800.00,1014600.00,1115400.00,1003800.00,376.62,,,
A,08/01/26,12:29:00,443230323937FF171E0D-5,3137400.00,1015800.00,1116600.00,1005000.00,376.62,,,
A,08/01/26,12:34:00,443230323937FF171E0D-5,3141000.00,1017000.00,1117800.00,1006200.00,376.62,,,
A,08/01/26,12:39:00,443230323937FF171E0D-5,3144600.00,1018200.00,1119000.00,1007400.00,376.62,,,
A,08/01/26,12:44:00,443230323937FF171E0D-5,3148200.00,1019400.00,1120200.00,1008600.00,376.62,,,
A,08/01/26,12:49:00,443230323937FF171E0D-5,3151200.00,1020000.00,1121400.00,1009800.00,376.62,,,
A,08/01/26,12:54:00,443230323937FF171E0D-5,3154800.00,1021200.00,1122600.00,1011000.00,376.62,,,
A,08/01/26,12:59:00,443230323937FF171E0D-5,3157800.00,1022400.00,1123800.00,1011600.00,376.62,,,
A,08/01/26,13:04:00,443230323937FF171E0D-5,3161400.00,1023600.00,1125000.00,1012800.00,376.62,,,
A,08/01/26,13:09:00,443230323937FF171E0D-5,3165000.00,1024800.00,1126200.00,1014000.00,376.62,,,
A,08/01/26,13:14:00,443230323937FF171E0D-5,3168600.00,1026000.00,1127400.00,1015200.00,376.62,,,
A,08/01/26,13:19:00,443230323937FF171E0D-5,3171600.00,1026600.00,1128600.00,1016400.00,376.62,,,
A,08/01/26,13:24:00,443230323937FF171E0D-5,3175200.00,1027800.00,1129800.00,1017600.00,376.62,,,
A,08/01/26,13:29:00,443230323937FF171E0D-5,3178200.00,1029000.00,1131000.00,1018200.00,376.62,,,
A,08/01/26,13:34:00,443230323937FF171E0D-5,3181800.00,1030200.00,1132200.00,1019400.00,376.62,,,
A,08/01/26,13:39:00,443230323937FF171E0D-5,3185400.00,1031400.00,1133400.00,1020600.00,376.62,,,
A,08/01/26,13:44:00,443230323937FF171E0D-5,3189000.00,1032600.00,1134600.00,1021800.00,376.62,,,
A,08/01/26,13:49:00,443230323937FF171E0D-5,3192600.00,1033800.00,1135800.00,1023000.00,376.62,,,
A,08/01/26,13:54:00,443230323937FF171E0D-5,3195600.00,1034400.00,1137000.00,1024200.00,376.62,,,
A,08/01/26,13:59:00,443230323937FF171E0D-5,3199200.00,1035600.00,1138200.00,1025400.00,376.62,,,
A,08/01/26,14:04:00,443230323937FF171E0D-5,3202200.00,1036800.00,1139400.00,1026000.00,376.62,,,
A,08/01/26,14:09:00,443230323937FF171E0D-5,3205800.00,1038000.00,1140600.00,1027200.00,376.62,,,
A,08/01/26,14:14:00,443230323937FF171E0D-5,3209400.00,1039200.00,1141800.00,1028400.00,376.62,,,
A,08/01/26,14:19:00,443230323937FF171E0D-5,3213000.00,1040400.00,1143000.00,1029600.00,376.62,,,
A,08/01/26,14:24:00,443230323937FF171E0D-5,3216000.00,1041000.00,1144200.00,1030800.00,376.62,,,
A,08/01/26,14:29:00,443230323937FF171E0D-5,3219600.00,1042200.00,1145400.00,1032000.00,376.62,,,
A,08/01/26,14:34:00,443230323937FF171E0D-5,3223200.00,1043400.00,1146600.00,1033200.00,376.62,,,
A,08/01/26,14:39:00,443230323937FF171E0D-5,3225600.00,1044600.00,1147200.00,1033800.00,376.62,,,
A,08/01/26,14:44:00,443230323937FF171E0D-5,3229200.00,1045800.00,1148400.00,1035000.00,376.62,,,
A,08/01/26,14:49:00,443230323937FF171E0D-5,3232800.00,1047000.00,1149600.00,1036200.00,376.62,,,
A,08/01/26,14:54:00,443230323937FF171E0D-5,3235800.00,1047600.00,1150800.00,1037400.00,376.62,,,
A,08/01/26,14:59:00,443230323937FF171E0D-5,3239400.00,1048800.00,1152000.00,1038600.00,376.62,,,
A,08/01/26,15:04:00,443230323937FF171E0D-5,3243000.00,1050000.00,1153200.00,1039800.00,376.62,,,
A,08/01/26,15:09:00,443230323937FF171E0D-5,3246600.00,1051200.00,1154400.00,1041000.00,376.62,,,
A,08/01/26,15:14:00,443230323937FF171E0D-5,3249600.00,1052400.00,1155600.00,1041600.00,376.62,,,
A,08/01/26,15:19:00,443230323937FF171E0D-5,3253200.00,1053600.00,1156800.00,1042800.00,376.62,,,
A,08/01/26,15:24:00,443230323937FF171E0D-5,3256800.00,1054800.00,1158000.00,1044000.00,376.62,,,
A,08/01/26,15:29:00,443230323937FF171E0D-5,3259800.00,1055400.00,1159200.00,1045200.00,376.62,,,
A,08/01/26,15:34:00,443230323937FF171E0D-5,3263400.00,1056600.00,1160400.00,1046400.00,376.62,,,
A,08/01/26,15:39:00,443230323937FF171E0D-5,3267000.00,1057800.00,1161600.00,1047600.00,376.62,,,
A,08/01/26,15:44:00,443230323937FF171E0D-5,3270000.00,1059000.00,1162800.00,1048200.00,376.62,,,
A,08/01/26,15:49:00,443230323937FF171E0D-5,3273600.00,1060200.00,1164000.00,1049400.00,376.62,,,
A,08/01/26,15:54:00,443230323937FF171E0D-5,3277200.00,1061400.00,1165200.00,1050600.00,376.62,,,
A,08/01/26,15:59:00,443230323937FF171E0D-5,3280200.00,1062000.00,1166400.00,1051800.00,376.62,,,
A,08/01/26,16:04:00,443230323937FF171E0D-5,3283800.00,1063200.00,1167600.00,1053000.00,376.62,,,
A,08/01/26,16:09:00,443230323937FF171E0D-5,3287400.00,1064400.00,1168800.00,1054200.00,376.62,,,
A,08/01/26,16:14:00,443230323937FF171E0D-5,3291000.00,1065600.00,1170000.00,1055400.00,376.62,,,
A,08/01/26,16:19:00,443230323937FF171E0D-5,3294000.00,1066800.00,1171200.00,1056000.00,376.62,,,
A,08/01/26,16:24:00,443230323937FF171E0D-5,3297600.00,1068000.00,1172400.00,1057200.00,376.62,,,
A,08/01/26,16:29:00,443230323937FF171E0D-5,3301200.00,1069200.00,1173600.00,1058400.00,376.62,,,
A,08/01/26,16:34:00,443230323937FF171E0D-5,3304200.00,1069800.00,1174800.00,1059600.00,376.62,,,
A,08/01/26,16:39:00,443230323937FF171E0D-5,3307800.00,1071000.00,1176000.00,1060800.00,376.62,,,
A,08/01/26,16:44:00,443230323937FF171E0D-5,3311400.00,1072200.00,1177200.00,1062000.00,376.62,,,
A,08/01/26,16:49:00,443230323937FF171E0D-5,3315000.00,1073400.00,1178400.00,1063200.00,376.62,,,
A,08/01/26,16:54:00,443230323937FF171E0D-5,3318000.00,1074600.00,1179600.00,1063800.00,376.62,,,
A,08/01/26,16:59:00,443230323937FF171E0D-5,3321600.00,1075800.00,1180800.00,1065000.00,376.62,,,
A,08/01/26,17:04:00,443230323937FF171E0D-5,3324600.00,1076400.00,1182000.00,1066200.00,376.62,,,
A,08/01/26,17:09:00,443230323937FF171E0D-5,3328200.00,1077600.00,1183200.00,1067400.00,376.62,,,
A,08/01/26,17:14:00,443230323937FF171E0D-5,3331800.00,1078800.00,1184400.00,1068600.00,376.62,,,
A,08/01/26,17:19:00,443230323937FF171E0D-5,3335400.00,1080000.00,1185600.00,1069800.00,376.62,,,
A,08/01/26,17:24:00,443230323937FF171E0D-5,3338400.00,1081200.00,1186800.00,1070400.00,376.62,,,
A,08/01/26,17:29:00,443230323937FF171E0D-5,3342000.00,1082400.00,1188000.00,1071600.00,376.62,,,
A,08/01/26,17:34:00,443230323937FF171E0D-5,3345600.00,1083600.00,1189200.00,1072800.00,376.62,,,
A,08/01/26,17:39:00,443230323937FF171E0D-5,3348600.00,1084200.00,1190400.00,1074000.00,376.62,,,
A,08/01/26,17:44:00,443230323937FF171E0D-5,3352200.00,1085400.00,1191600.00,1075200.00,376.62,,,
A,08/01/26,17:49:00,443230323937FF171E0D-5,3355800.00,1086600.00,1192800.00,1076400.00,376.62,,,
A,08/01/26,17:54:00,443230323937FF171E0D-5,3358800.00,1087800.00,1194000.00,1077000.00,376.62,,,
A,08/01/26,17:59:00,443230323937FF171E0D-5,3362400.00,1089000.00,1195200.00,1078200.00,376.62,,,
A,08/01/26,18:04:00,443230323937FF171E0D-5,3366000.00,1090200.00,1196400.00,1079400.00,376.62,,,
A,08/01/26,18:09:00,443230323937FF171E0D-5,3369000.00,1090800.00,1197600.00,1080600.00,376.62,,,
A,08/01/26,18:14:00,443230323937FF171E0D-5,3372600.00,1092000.00,1198800.00,1081800.00,376.62,,,
A,08/01/26,18:19:00,443230323937FF171E0D-5,3376200.00,1093200.00,1200000.00,1083000.00,376.62,,,
A,08/01/26,18:24:00,443230323937FF171E0D-5,3379200.00,1094400.00,1201200.00,1083600.00,376.62,,,
A,08/01/26,18:29:00,443230323937FF171E0D-5,3382800.00,1095600.00,1202400.00,1084800.00,376.62,,,
A,08/01/26,18:34:00,443230323937FF171E0D-5,3386400.00,1096800.00,1203600.00,1086000.00,376.62,,,
A,08/01/26,18:39:00,443230323937FF171E0D-5,3390000.00,1098000.00,1204800.00,1087200.00,376.62,,,
A,08/01/26,18:44:00,443230323937FF171E0D-5,3393600.00,1099200.00,1206000.00,1088400.00,376.62,,,
A,08/01/26,18:49:00,443230323937FF171E0D-5,3396600.00,1099800.00,1207200.00,1089600.00,376.62,,,
A,08/01/26,18:54:00,443230323937FF171E0D-5,3399600.00,1101000.00,1208400.00,1090200.00,376.62,,,
A,08/01/26,18:59:00,443230323937FF171E0D-5,3403200.00,1102200.00,1209600.00,1091400.00,376.62,,,
A,08/01/26,19:04:00,443230323937FF171E0D-5,3406800.00,1103400.00,1210800.00,1092600.00,376.62,,,
A,08/01/26,19:09:00,443230323937FF171E0D-5,3410400.00,1104600.00,1212000.00,1093800.00,376.62,,,
A,08/01/26,19:14:00,443230323937FF171E0D-5,3414000.00,1105800.00,1213200.00,1095000.00,376.62,,,
A,08/01/26,19:19:00,443230323937FF171E0D-5,3417600.00,1107000.00,1214400.00,1096200.00,376.62,,,
A,08/01/26,19:24:00,443230323937FF171E0D-5,3421200.00,1108200.00,1215600.00,1097400.00,376.62,,,
A,08/01/26,19:29:00,443230323937FF171E0D-5,3423600.00,1108800.00,1216800.00,1098000.00,376.62,,,
A,08/01/26,19:34:00,443230323937FF171E0D-5,3427200.00,1110000.00,1218000.00,1099200.00,376.62,,,
A,08/01/26,19:39:00,443230323937FF171E0D-5,3430800.00,1111200.00,1219200.00,1100400.00,376.62,,,
A,08/01/26,19:44:00,443230323937FF171E0D-5,3434400.00,1112400.00,1220400.00,1101600.00,376.62,,,
A,08/01/26,19:49:00,443230323937FF171E0D-5,3438000.00,1113600.00,1221600.00,1102800.00,376.62,,,
A,08/01/26,19:54:00,443230323937FF171E0D-5,3441600.00,1114800.00,1222800.00,1104000.00,376.62,,,
A,08/01/26,19:59:00,443230323937FF171E0D-5,3445200.00,1116000.00,1224000.00,1105200.00,376.62,,,
A,08/01/26,20:04:00,443230323937FF171E0D-5,3448200.00,1117200.00,1225200.00,1105800.00,376.62,,,
A,08/01/26,20:09:00,443230323937FF171E0D-5,3451200.00,1117800.00,1226400.00,1107000.00,376.62,,,
A,08/01/26,20:14:00,443230323937FF171E0D-5,3454800.00,1119000.00,1227600.00,1108200.00,376.62,,,
A,08/01/26,20:19:00,443230323937FF171E0D-5,3458400.00,1120200.00,1228800.00,1109400.00,376.62,,,
A,08/01/26,20:24:00,443230323937FF171E0D-5,3462000.00,1121400.00,1230000.00,1110600.00,376.62,,,
A,08/01/26,20:29:00,443230323937FF171E0D-5,3465000.00,1122600.00,1230600.00,1111800.00,376.62,,,
A,08/01/26,20:34:00,443230323937FF171E0D-5,3468000.00,1123800.00,1231800.00,1112400.00,376.62,,,
A,08/01/26,20:39:00,443230323937FF171E0D-5,3471600.00,1125000.00,1233000.00,1113600.00,376.62,,,
A,08/01/26,20:44:00,443230323937FF171E0D-5,3475200.00,1126200.00,1234200.00,1114800.00,376.62,,,
A,08/01/26,20:49:00,443230323937FF171E0D-5,3478200.00,1126800.00,1235400.00,1116000.00,376.62,,,
A,08/01/26,20:54:00,443230323937FF171E0D-5,3481800.00,1128000.00,1236600.00,1117200.00,376.62,,,
A,08/01/26,20:59:00,443230323937FF171E0D-5,3485400.00,1129200.00,1237800.00,1118400.00,376.62,,,
A,08/01/26,21:04:00,443230323937FF171E0D-5,3488400.00,1130400.00,1239000.00,1119000.00,376.62,,,
A,08/01/26,21:09:00,443230323937FF171E0D-5,3492000.00,1131600.00,1240200.00,1120200.00,376.62,,,
A,08/01/26,21:14:00,443230323937FF171E0D-5,3495600.00,1132800.00,1241400.00,1121400.00,376.62,,,
A,08/01/26,21:19:00,443230323937FF171E0D-5,3499200.00,1134000.00,1242600.00,1122600.00,376.62,,,
A,08/01/26,21:24:00,443230323937FF171E0D-5,3502800.00,1135200.00,1243800.00,1123800.00,376.62,,,
A,08/01/26,21:29:00,443230323937FF171E0D-5,3505800.00,1135800.00,1245000.00,1125000.00,376.62,,,
A,08/01/26,21:34:00,443230323937FF171E0D-5,3509400.00,1137000.00,1246200.00,1126200.00,376.62,,,
A,08/01/26,21:39:00,443230323937FF171E0D-5,3512400.00,1138200.00,1247400.00,1126800.00,376.62,,,
A,08/01/26,21:44:00,443230323937FF171E0D-5,3516000.00,1139400.00,1248600.00,1128000.00,376.62,,,
A,08/01/26,21:49:00,443230323937FF171E0D-5,3519600.00,1140600.00,1249800.00,1129200.00,376.62,,,
A,08/01/26,21:54:00,443230323937FF171E0D-5,3523200.00,1141800.00,1251000.00,1130400.00,376.62,,,
A,08/01/26,21:59:00,443230323937FF171E0D-5,3526800.00,1143000.00,1252200.00,1131600.00,376.62,,,
A,08/01/26,22:04:00,443230323937FF171E0D-5,3529800.00,1143600.00,1253400.00,1132800.00,376.62,,,
A,08/01/26,22:09:00,443230323937FF171E0D-5,3529800.00,1143600.00,1253400.00,1132800.00,376.62,,,
A,08/01/26,22:14:00,443230323937FF171E0D-5,3529800.00,1143600.00,1253400.00,1132800.00,376.62,,,
A,08/01/26,22:19:00,443230323937FF171E0D-5,3529800.00,1143600.00,1253400.00,1132800.00,376.62,,,
A,08/01/26,22:24:00,443230323937FF171E0D-5,3529800.00,1143600.00,1253400.00,1132800.00,376.62,,,
A,08/01/26,22:29:00,443230323937FF171E0D-5,3529800.00,1143600.00,1253400.00,1132800.00,376.62,,,
A,08/01/26,22:34:00,443230323937FF171E0D-5,3529800.00,1143600.00,1253400.00,1132800.00,376.62,,,
A,08/01/26,22:39:00,443230323937FF171E0D-5,3529800.00,1143600.00,1253400.00,1132800.00,376.62,,,
A,08/01/26,22:44:00,443230323937FF171E0D-5,3529800.00,1143600.00,1253400.00,1132800.00,376.62,,,
A,08/01/26,22:49:00,443230323937FF171E0D-5,3529800.00,1143600.00,1253400.00,1132800.00,376.62,,,
A,08/01/26,22:54:00,443230323937FF171E0D-5,3529800.00,1143600.00,1253400.00,1132800.00,376.62,,,
A,08/01/26,22:59:00,443230323937FF171E0D-5,3529800.00,1143600.00,1253400.00,1132800.00,376.62,,,
A,08/01/26,23:04:00,443230323937FF171E0D-5,3529800.00,1143600.00,1253400.00,1132800.00,376.62,,,
A,08/01/26,23:09:00,443230323937FF171E0D-5,3529800.00,1143600.00,1253400.00,1132800.00,376.62,,,
A,08/01/26,23:14:00,443230323937FF171E0D-5,3529800.00,1143600.00,1253400.00,1132800.00,376.62,,,
A,08/01/26,23:19:00,443230323937FF171E0D-5,3529800.00,1143600.00,1253400.00,1132800.00,376.62,,,
A,08/01/26,23:24:00,443230323937FF171E0D-5,3529800.00,1143600.00,1253400.00,1132800.00,376.62,,,
A,08/01/26,23:29:00,443230323937FF171E0D-5,3529800.00,1143600.00,1253400.00,1132800.00,376.62,,,
A,08/01/26,23:34:00,443230323937FF171E0D-5,3529800.00,1143600.00,1253400.00,1132800.00,376.62,,,
A,08/01/26,23:39:00,443230323937FF171E0D-5,3529800.00,1143600.00,1253400.00,1132800.00,376.62,,,
A,08/01/26,23:44:00,443230323937FF171E0D-5,3529800.00,1143600.00,1253400.00,1132800.00,376.62,,,
A,08/01/26,23:49:00,443230323937FF171E0D-5,3529800.00,1143600.00,1253400.00,1132800.00,376.62,,,
A,08/01/26,23:54:00,443230323937FF171E0D-5,3529800.00,1143600.00,1253400.00,1132800.00,376.62,,,
A,08/01/26,23:59:00,443230323937FF171E0D-5,3529800.00,1143600.00,1253400.00,1132800.00,376.62,,,
A,09/01/26,00:04:00,443230323937FF171E0D-5,3529800.00,1143600.00,1253400.00,1132800.00,376.62,,,
A,09/01/26,00:09:00,443230323937FF171E0D-5,3529800.00,1143600.00,1253400.00,1132800.00,376.62,,,
A,09/01/26,00:14:00,443230323937FF171E0D-5,3529800.00,1143600.00,1253400.00,1132800.00,376.62,,,
A,09/01/26,00:19:00,443230323937FF171E0D-5,3529800.00,1143600.00,1253400.00,1132800.00,376.62,,,
A,09/01/26,00:24:00,443230323937FF171E0D-5,3529800.00,1143600.00,1253400.00,1132800.00,376.62,,,
A,09/01/26,00:29:00,443230323937FF171E0D-5,3529800.00,1143600.00,1253400.00,1132800.00,376.62,,,
A,09/01/26,00:34:00,443230323937FF171E0D-5,3529800.00,1143600.00,1253400.00,1132800.00,376.62,,,
A,09/01/26,00:39:00,443230323937FF171E0D-5,3529800.00,1143600.00,1253400.00,1132800.00,376.62,,,
A,09/01/26,00:44:00,443230323937FF171E0D-5,3529800.00,1143600.00,1253400.00,1132800.00,376.62,,,
A,09/01/26,00:49:00,443230323937FF171E0D-5,3529800.00,1143600.00,1253400.00,1132800.00,376.62,,,
A,09/01/26,00:54:00,443230323937FF171E0D-5,3529800.00,1143600.00,1253400.00,1132800.00,376.62,,,
A,09/01/26,00:59:00,443230323937FF171E0D-5,3529800.00,1143600.00,1253400.00,1132800.00,376.62,,,
A,09/01/26,01:04:00,443230323937FF171E0D-5,3529800.00,1143600.00,1253400.00,1132800.00,376.62,,,
A,09/01/26,01:09:00,443230323937FF171E0D-5,3529800.00,1143600.00,1253400.00,1132800.00,376.62,,,
A,09/01/26,01:14:00,443230323937FF171E0D-5,3529800.00,1143600.00,1253400.00,1132800.00,376.62,,,
A,09/01/26,01:19:00,443230323937FF171E0D-5,3529800.00,1143600.00,1253400.00,1132800.00,376.62,,,
A,09/01/26,01:24:00,443230323937FF171E0D-5,3529800.00,1143600.00,1253400.00,1132800.00,376.62,,,
A,09/01/26,01:29:00,443230323937FF171E0D-5,3529800.00,1143600.00,1253400.00,1132800.00,376.62,,,
A,09/01/26,01:34:00,443230323937FF171E0D-5,3529800.00,1143600.00,1253400.00,1132800.00,376.62,,,
A,09/01/26,01:39:00,443230323937FF171E0D-5,3529800.00,1143600.00,1253400.00,1132800.00,376.62,,,
A,09/01/26,01:44:00,443230323937FF171E0D-5,3529800.00,1143600.00,1253400.00,1132800.00,376.62,,,
A,09/01/26,01:49:00,443230323937FF171E0D-5,3529800.00,1143600.00,1253400.00,1132800.00,376.62,,,
A,09/01/26,01:54:00,443230323937FF171E0D-5,3529800.00,1143600.00,1253400.00,1132800.00,376.62,,,
A,09/01/26,01:59:00,443230323937FF171E0D-5,3529800.00,1143600.00,1253400.00,1132800.00,376.62,,,
A,09/01/26,02:04:00,443230323937FF171E0D-5,3529800.00,1143600.00,1253400.00,1132800.00,376.62,,,
A,09/01/26,02:09:00,443230323937FF171E0D-5,3529800.00,1143600.00,1253400.00,1132800.00,376.62,,,
A,09/01/26,02:14:00,443230323937FF171E0D-5,3529800.00,1143600.00,1253400.00,1132800.00,376.62,,,
A,09/01/26,02:19:00,443230323937FF171E0D-5,3529800.00,1143600.00,1253400.00,1132800.00,376.62,,,
A,09/01/26,02:24:00,443230323937FF171E0D-5,3529800.00,1143600.00,1253400.00,1132800.00,376.62,,,
A,09/01/26,02:29:00,443230323937FF171E0D-5,3529800.00,1143600.00,1253400.00,1132800.00,376.62,,,
A,09/01/26,02:34:00,443230323937FF171E0D-5,3529800.00,1143600.00,1253400.00,1132800.00,376.62,,,
A,09/01/26,02:39:00,443230323937FF171E0D-5,3529800.00,1143600.00,1253400.00,1132800.00,376.62,,,
A,09/01/26,02:44:00,443230323937FF171E0D-5,3529800.00,1143600.00,1253400.00,1132800.00,376.62,,,
A,09/01/26,02:49:00,443230323937FF171E0D-5,3529800.00,1143600.00,1253400.00,1132800.00,376.62,,,
A,09/01/26,02:54:00,443230323937FF171E0D-5,3529800.00,1143600.00,1253400.00,1132800.00,376.62,,,
A,09/01/26,02:59:00,443230323937FF171E0D-5,3529800.00,1143600.00,1253400.00,1132800.00,376.62,,,
A,09/01/26,03:04:00,443230323937FF171E0D-5,3529800.00,1143600.00,1253400.00,1132800.00,376.62,,,
A,09/01/26,03:09:00,443230323937FF171E0D-5,3529800.00,1143600.00,1253400.00,1132800.00,376.62,,,
A,09/01/26,03:14:00,443230323937FF171E0D-5,3529800.00,1143600.00,1253400.00,1132800.00,376.62,,,
A,09/01/26,03:19:00,443230323937FF171E0D-5,3529800.00,1143600.00,1253400.00,1132800.00,376.62,,,
A,09/01/26,03:24:00,443230323937FF171E0D-5,3529800.00,1143600.00,1253400.00,1132800.00,376.62,,,
A,09/01/26,03:29:00,443230323937FF171E0D-5,3529800.00,1143600.00,1253400.00,1132800.00,376.62,,,
A,09/01/26,03:34:00,443230323937FF171E0D-5,3529800.00,1143600.00,1253400.00,1132800.00,376.62,,,
A,09/01/26,03:39:00,443230323937FF171E0D-5,3529800.00,1143600.00,1253400.00,1132800.00,376.62,,,
A,09/01/26,03:44:00,443230323937FF171E0D-5,3529800.00,1143600.00,1253400.00,1132800.00,376.62,,,
A,09/01/26,03:49:00,443230323937FF171E0D-5,3529800.00,1143600.00,1253400.00,1132800.00,376.62,,,
A,09/01/26,03:54:00,443230323937FF171E0D-5,3529800.00,1143600.00,1253400.00,1132800.00,376.62,,,
A,09/01/26,03:59:00,443230323937FF171E0D-5,3529800.00,1143600.00,1253400.00,1132800.00,376.62,,,
A,09/01/26,04:04:00,443230323937FF171E0D-5,3529800.00,1143600.00,1253400.00,1132800.00,376.62,,,
A,09/01/26,04:09:00,443230323937FF171E0D-5,3529800.00,1143600.00,1253400.00,1132800.00,376.62,,,
A,09/01/26,04:14:00,443230323937FF171E0D-5,3529800.00,1143600.00,1253400.00,1132800.00,376.62,,,
A,09/01/26,04:19:00,443230323937FF171E0D-5,3529800.00,1143600.00,1253400.00,1132800.00,376.62,,,
A,09/01/26,04:24:00,443230323937FF171E0D-5,3529800.00,1143600.00,1253400.00,1132800.00,376.62,,,
A,09/01/26,04:29:00,443230323937FF171E0D-5,3529800.00,1143600.00,1253400.00,1132800.00,376.62,,,
A,09/01/26,04:34:00,443230323937FF171E0D-5,3529800.00,1143600.00,1253400.00,1132800.00,376.62,,,
A,09/01/26,04:39:00,443230323937FF171E0D-5,3529800.00,1143600.00,1253400.00,1132800.00,376.62,,,
A,09/01/26,04:44:00,443230323937FF171E0D-5,3529800.00,1143600.00,1253400.00,1132800.00,376.62,,,
A,09/01/26,04:49:00,443230323937FF171E0D-5,3529800.00,1143600.00,1253400.00,1132800.00,376.62,,,
A,09/01/26,04:54:00,443230323937FF171E0D-5,3529800.00,1143600.00,1253400.00,1132800.00,376.62,,,
A,09/01/26,04:59:00,443230323937FF171E0D-5,3529800.00,1143600.00,1253400.00,1132800.00,376.62,,,
A,09/01/26,05:04:00,443230323937FF171E0D-5,3529800.00,1143600.00,1253400.00,1132800.00,376.62,,,
A,09/01/26,05:09:00,443230323937FF171E0D-5,3529800.00,1143600.00,1253400.00,1132800.00,376.62,,,
A,09/01/26,05:14:00,443230323937FF171E0D-5,3529800.00,1143600.00,1253400.00,1132800.00,376.62,,,
A,09/01/26,05:19:00,443230323937FF171E0D-5,3529800.00,1143600.00,1253400.00,1132800.00,376.62,,,
A,09/01/26,05:24:00,443230323937FF171E0D-5,3529800.00,1143600.00,1253400.00,1132800.00,376.62,,,
A,09/01/26,05:29:00,443230323937FF171E0D-5,3529800.00,1143600.00,1253400.00,1132800.00,376.62,,,
A,09/01/26,05:34:00,443230323937FF171E0D-5,3529800.00,1143600.00,1253400.00,1132800.00,376.62,,,
A,09/01/26,05:39:00,443230323937FF171E0D-5,3529800.00,1143600.00,1253400.00,1132800.00,376.62,,,
A,09/01/26,05:44:00,443230323937FF171E0D-5,3529800.00,1143600.00,1253400.00,1132800.00,376.62,,,
A,09/01/26,05:49:00,443230323937FF171E0D-5,3529800.00,1143600.00,1253400.00,1132800.00,376.62,,,
A,09/01/26,05:54:00,443230323937FF171E0D-5,3529800.00,1143600.00,1253400.00,1132800.00,376.62,,,
A,09/01/26,05:59:00,443230323937FF171E0D-5,3529800.00,1143600.00,1253400.00,1132800.00,376.62,,,
A,09/01/26,06:04:00,443230323937FF171E0D-5,3529800.00,1143600.00,1253400.00,1132800.00,376.62,,,
A,09/01/26,06:09:00,443230323937FF171E0D-5,3529800.00,1143600.00,1253400.00,1132800.00,376.62,,,
A,09/01/26,06:14:00,443230323937FF171E0D-5,3529800.00,1143600.00,1253400.00,1132800.00,376.62,,,
A,09/01/26,06:19:00,443230323937FF171E0D-5,3529800.00,1143600.00,1253400.00,1132800.00,376.62,,,
A,09/01/26,06:24:00,443230323937FF171E0D-5,3529800.00,1143600.00,1253400.00,1132800.00,376.62,,,
A,09/01/26,06:29:00,443230323937FF171E0D-5,3529800.00,1143600.00,1253400.00,1132800.00,376.62,,,
A,09/01/26,06:34:00,443230323937FF171E0D-5,3529800.00,1143600.00,1253400.00,1132800.00,376.62,,,
A,09/01/26,06:39:00,443230323937FF171E0D-5,3529800.00,1143600.00,1253400.00,1132800.00,376.62,,,
A,09/01/26,06:44:00,443230323937FF171E0D-5,3529800.00,1143600.00,1253400.00,1132800.00,376.62,,,
A,09/01/26,06:49:00,443230323937FF171E0D-5,3529800.00,1143600.00,1253400.00,1132800.00,376.62,,,
A,09/01/26,06:54:00,443230323937FF171E0D-5,3529800.00,1143600.00,1253400.00,1132800.00,376.62,,,
A,09/01/26,06:59:00,443230323937FF171E0D-5,3529800.00,1143600.00,1253400.00,1132800.00,376.62,,,
A,09/01/26,07:04:00,443230323937FF171E0D-5,3529800.00,1143600.00,1253400.00,1132800.00,376.62,,,
A,09/01/26,07:09:00,443230323937FF171E0D-5,3529800.00,1143600.00,1253400.00,1132800.00,376.62,,,
A,09/01/26,07:14:00,443230323937FF171E0D-5,3529800.00,1143600.00,1253400.00,1132800.00,376.62,,,
A,09/01/26,07:19:00,443230323937FF171E0D-5,3529800.00,1143600.00,1253400.00,1132800.00,376.62,,,
A,09/01/26,07:24:00,443230323937FF171E0D-5,3529800.00,1143600.00,1253400.00,1132800.00,376.62,,,
A,09/01/26,07:29:00,443230323937FF171E0D-5,3529800.00,1143600.00,1253400.00,1132800.00,376.62,,,
A,09/01/26,07:34:00,443230323937FF171E0D-5,3529800.00,1143600.00,1253400.00,1132800.00,376.62,,,
A,09/01/26,07:39:00,443230323937FF171E0D-5,3529800.00,1143600.00,1253400.00,1132800.00,376.62,,,
A,09/01/26,07:44:00,443230323937FF171E0D-5,3529800.00,1143600.00,1253400.00,1132800.00,376.62,,,
A,09/01/26,07:49:00,443230323937FF171E0D-5,3529800.00,1143600.00,1253400.00,1132800.00,376.62,,,
A,09/01/26,07:54:00,443230323937FF171E0D-5,3529800.00,1143600.00,1253400.00,1132800.00,376.62,,,
A,09/01/26,07:59:00,443230323937FF171E0D-5,3529800.00,1143600.00,1253400.00,1132800.00,376.62,,,
A,09/01/26,08:04:00,443230323937FF171E0D-5,3530400.00,1144200.00,1253400.00,1132800.00,376.62,,,
A,09/01/26,08:09:00,443230323937FF171E0D-5,3533400.00,1144800.00,1254600.00,1134000.00,376.62,,,
A,09/01/26,08:14:00,443230323937FF171E0D-5,3536400.00,1146000.00,1255800.00,1134600.00,376.62,,,
A,09/01/26,08:19:00,443230323937FF171E0D-5,3540000.00,1147200.00,1257000.00,1135800.00,376.62,,,
A,09/01/26,08:24:00,443230323937FF171E0D-5,3542400.00,1147800.00,1257600.00,1137000.00,376.62,,,
A,09/01/26,08:29:00,443230323937FF171E0D-5,3545400.00,1149000.00,1258800.00,1137600.00,376.62,,,
A,09/01/26,08:34:00,443230323937FF171E0D-5,3548400.00,1149600.00,1260000.00,1138800.00,376.62,,,
A,09/01/26,08:39:00,443230323937FF171E0D-5,3551400.00,1150800.00,1261200.00,1139400.00,376.62,,,
A,09/01/26,08:44:00,443230323937FF171E0D-5,3554400.00,1152000.00,1261800.00,1140600.00,376.62,,,
A,09/01/26,08:49:00,443230323937FF171E0D-5,3556800.00,1152600.00,1263000.00,1141200.00,376.62,,,
A,09/01/26,08:54:00,443230323937FF171E0D-5,3560400.00,1153800.00,1264200.00,1142400.00,376.62,,,
A,09/01/26,08:59:00,443230323937FF171E0D-5,3563400.00,1154400.00,1265400.00,1143600.00,376.62,,,
A,09/01/26,09:04:00,443230323937FF171E0D-5,3565800.00,1155600.00,1266000.00,1144200.00,376.62,,,
A,09/01/26,09:09:00,443230323937FF171E0D-5,3569400.00,1156800.00,1267200.00,1145400.00,376.62,,,
A,09/01/26,09:14:00,443230323937FF171E0D-5,3571800.00,1157400.00,1268400.00,1146000.00,376.62,,,
A,09/01/26,09:19:00,443230323937FF171E0D-5,3574800.00,1158600.00,1269000.00,1147200.00,376.62,,,
A,09/01/26,09:24:00,443230323937FF171E0D-5,3578400.00,1159800.00,1270200.00,1148400.00,376.62,,,
A,09/01/26,09:29:00,443230323937FF171E0D-5,3580800.00,1160400.00,1271400.00,1149000.00,376.62,,,
A,09/01/26,09:34:00,443230323937FF171E0D-5,3584400.00,1161600.00,1272600.00,1150200.00,376.62,,,
A,09/01/26,09:39:00,443230323937FF171E0D-5,3586200.00,1162200.00,1273200.00,1150800.00,376.62,,,
A,09/01/26,09:44:00,443230323937FF171E0D-5,3589800.00,1163400.00,1274400.00,1152000.00,376.62,,,
A,09/01/26,09:49:00,443230323937FF171E0D-5,3593400.00,1164600.00,1275600.00,1153200.00,376.62,,,
A,09/01/26,09:54:00,443230323937FF171E0D-5,3595800.00,1165200.00,1276800.00,1153800.00,376.62,,,
A,09/01/26,09:59:00,443230323937FF171E0D-5,3598800.00,1166400.00,1277400.00,1155000.00,376.62,,,
A,09/01/26,10:04:00,443230323937FF171E0D-5,3601200.00,1167000.00,1278600.00,1155600.00,376.62,,,
A,09/01/26,10:09:00,443230323937FF171E0D-5,3604800.00,1168200.00,1279800.00,1156800.00,376.62,,,
A,09/01/26,10:14:00,443230323937FF171E0D-5,3607800.00,1169400.00,1281000.00,1157400.00,376.62,,,
A,09/01/26,10:19:00,443230323937FF171E0D-5,3610200.00,1170000.00,1281600.00,1158600.00,376.62,,,
A,09/01/26,10:24:00,443230323937FF171E0D-5,3613800.00,1171200.00,1282800.00,1159800.00,376.62,,,
A,09/01/26,10:29:00,443230323937FF171E0D-5,3616200.00,1171800.00,1284000.00,1160400.00,376.62,,,
A,09/01/26,10:34:00,443230323937FF171E0D-5,3619800.00,1173000.00,1285200.00,1161600.00,376.62,,,
A,09/01/26,10:39:00,443230323937FF171E0D-5,3622200.00,1174200.00,1285800.00,1162200.00,376.62,,,
A,09/01/26,10:44:00,443230323937FF171E0D-5,3625200.00,1174800.00,1287000.00,1163400.00,376.62,,,
A,09/01/26,10:49:00,443230323937FF171E0D-5,3628800.00,1176000.00,1288200.00,1164600.00,376.62,,,
A,09/01/26,10:54:00,443230323937FF171E0D-5,3630600.00,1176600.00,1288800.00,1165200.00,376.62,,,
A,09/01/26,10:59:00,443230323937FF171E0D-5,3634200.00,1177800.00,1290000.00,1166400.00,376.62,,,
A,09/01/26,11:04:00,443230323937FF171E0D-5,3637200.00,1179000.00,1291200.00,1167000.00,376.62,,,
A,09/01/26,11:09:00,443230323937FF171E0D-5,3640200.00,1179600.00,1292400.00,1168200.00,376.62,,,
A,09/01/26,11:14:00,443230323937FF171E0D-5,3643200.00,1180800.00,1293000.00,1169400.00,376.62,,,
A,09/01/26,11:19:00,443230323937FF171E0D-5,3645600.00,1181400.00,1294200.00,1170000.00,376.62,,,
A,09/01/26,11:24:00,443230323937FF171E0D-5,3649200.00,1182600.00,1295400.00,1171200.00,376.62,,,
A,09/01/26,11:29:00,443230323937FF171E0D-5,3652200.00,1183800.00,1296600.00,1171800.00,376.62,,,
A,09/01/26,11:34:00,443230323937FF171E0D-5,3654600.00,1184400.00,1297200.00,1173000.00,376.62,,,
A,09/01/26,11:39:00,443230323937FF171E0D-5,3658200.00,1185600.00,1298400.00,1174200.00,376.62,,,
A,09/01/26,11:44:00,443230323937FF171E0D-5,3660600.00,1186200.00,1299600.00,1174800.00,376.62,,,
A,09/01/26,11:49:00,443230323937FF171E0D-5,3664200.00,1187400.00,1300800.00,1176000.00,376.62,,,
A,09/01/26,11:54:00,443230323937FF171E0D-5,3666600.00,1188600.00,1301400.00,1176600.00,376.62,,,
A,09/01/26,11:59:00,443230323937FF171E0D-5,3669600.00,1189200.00,1302600.00,1177800.00,376.62,,,
A,09/01/26,12:04:00,443230323937FF171E0D-5,3673200.00,1190400.00,1303800.00,1179000.00,376.62,,,
A,09/01/26,12:09:00,443230323937FF171E0D-5,3675600.00,1191000.00,1305000.00,1179600.00,376.62,,,
A,09/01/26,12:14:00,443230323937FF171E0D-5,3678600.00,1192200.00,1305600.00,1180800.00,376.62,,,
A,09/01/26,12:19:00,443230323937FF171E0D-5,3681600.00,1193400.00,1306800.00,1181400.00,376.62,,,
A,09/01/26,12:24:00,443230323937FF171E0D-5,3684600.00,1194000.00,1308000.00,1182600.00,376.62,,,
A,09/01/26,12:29:00,443230323937FF171E0D-5,3687000.00,1195200.00,1308600.00,1183200.00,376.62,,,
A,09/01/26,12:34:00,443230323937FF171E0D-5,3690600.00,1196400.00,1309800.00,1184400.00,376.62,,,
A,09/01/26,12:39:00,443230323937FF171E0D-5,3693600.00,1197000.00,1311000.00,1185600.00,376.62,,,
A,09/01/26,12:44:00,443230323937FF171E0D-5,3696600.00,1198200.00,1312200.00,1186200.00,376.62,,,
A,09/01/26,12:49:00,443230323937FF171E0D-5,3699000.00,1198800.00,1312800.00,1187400.00,376.62,,,
A,09/01/26,12:54:00,443230323937FF171E0D-5,3702000.00,1200000.00,1314000.00,1188000.00,376.62,,,
A,09/01/26,12:59:00,443230323937FF171E0D-5,3705600.00,1201200.00,1315200.00,1189200.00,376.62,,,
A,09/01/26,13:04:00,443230323937FF171E0D-5,3708000.00,1201800.00,1316400.00,1189800.00,376.62,,,
A,09/01/26,13:09:00,443230323937FF171E0D-5,3711000.00,1203000.00,1317000.00,1191000.00,376.62,,,
A,09/01/26,13:14:00,443230323937FF171E0D-5,3714600.00,1204200.00,1318200.00,1192200.00,376.62,,,
A,09/01/26,13:19:00,443230323937FF171E0D-5,3717000.00,1204800.00,1319400.00,1192800.00,376.62,,,
A,09/01/26,13:24:00,443230323937FF171E0D-5,3720600.00,1206000.00,1320600.00,1194000.00,376.62,,,
A,09/01/26,13:29:00,443230323937FF171E0D-5,3722400.00,1206600.00,1321200.00,1194600.00,376.62,,,
A,09/01/26,13:34:00,443230323937FF171E0D-5,3726000.00,1207800.00,1322400.00,1195800.00,376.62,,,
A,09/01/26,13:39:00,443230323937FF171E0D-5,3729000.00,1209000.00,1323600.00,1196400.00,376.62,,,
A,09/01/26,13:44:00,443230323937FF171E0D-5,3732000.00,1209600.00,1324800.00,1197600.00,376.62,,,
A,09/01/26,13:49:00,443230323937FF171E0D-5,3735000.00,1210800.00,1325400.00,1198800.00,376.62,,,
A,09/01/26,13:54:00,443230323937FF171E0D-5,3738000.00,1212000.00,1326600.00,1199400.00,376.62,,,
A,09/01/26,13:59:00,443230323937FF171E0D-5,3741000.00,1212600.00,1327800.00,1200600.00,376.62,,,
A,09/01/26,14:04:00,443230323937FF171E0D-5,3743400.00,1213800.00,1328400.00,1201200.00,376.62,,,
A,09/01/26,14:09:00,443230323937FF171E0D-5,3746400.00,1214400.00,1329600.00,1202400.00,376.62,,,
A,09/01/26,14:14:00,443230323937FF171E0D-5,3749400.00,1215600.00,1330800.00,1203000.00,376.62,,,
A,09/01/26,14:19:00,443230323937FF171E0D-5,3753000.00,1216800.00,1332000.00,1204200.00,376.62,,,
A,09/01/26,14:24:00,443230323937FF171E0D-5,3755400.00,1217400.00,1332600.00,1205400.00,376.62,,,
A,09/01/26,14:29:00,443230323937FF171E0D-5,3758400.00,1218600.00,1333800.00,1206000.00,376.62,,,
A,09/01/26,14:34:00,443230323937FF171E0D-5,3762000.00,1219800.00,1335000.00,1207200.00,376.62,,,
A,09/01/26,14:39:00,443230323937FF171E0D-5,3764400.00,1220400.00,1336200.00,1207800.00,376.62,,,
A,09/01/26,14:44:00,443230323937FF171E0D-5,3767400.00,1221600.00,1336800.00,1209000.00,376.62,,,
A,09/01/26,14:49:00,443230323937FF171E0D-5,3769800.00,1222200.00,1338000.00,1209600.00,376.62,,,
A,09/01/26,14:54:00,443230323937FF171E0D-5,3773400.00,1223400.00,1339200.00,1210800.00,376.62,,,
A,09/01/26,14:59:00,443230323937FF171E0D-5,3776400.00,1224600.00,1340400.00,1211400.00,376.62,,,
A,09/01/26,15:04:00,443230323937FF171E0D-5,3778800.00,1225200.00,1341000.00,1212600.00,376.62,,,
A,09/01/26,15:09:00,443230323937FF171E0D-5,3782400.00,1226400.00,1342200.00,1213800.00,376.62,,,
A,09/01/26,15:14:00,443230323937FF171E0D-5,3785400.00,1227600.00,1343400.00,1214400.00,376.62,,,
A,09/01/26,15:19:00,443230323937FF171E0D-5,3788400.00,1228200.00,1344600.00,1215600.00,376.62,,,
A,09/01/26,15:24:00,443230323937FF171E0D-5,3790800.00,1229400.00,1345200.00,1216200.00,376.62,,,
A,09/01/26,15:29:00,443230323937FF171E0D-5,3793800.00,1230000.00,1346400.00,1217400.00,376.62,,,
A,09/01/26,15:34:00,443230323937FF171E0D-5,3796800.00,1231200.00,1347600.00,1218000.00,376.62,,,
A,09/01/26,15:39:00,443230323937FF171E0D-5,3799800.00,1232400.00,1348200.00,1219200.00,376.62,,,
A,09/01/26,15:44:00,443230323937FF171E0D-5,3802800.00,1233000.00,1349400.00,1220400.00,376.62,,,
A,09/01/26,15:49:00,443230323937FF171E0D-5,3805800.00,1234200.00,1350600.00,1221000.00,376.62,,,
A,09/01/26,15:54:00,443230323937FF171E0D-5,3809400.00,1235400.00,1351800.00,1222200.00,376.62,,,
A,09/01/26,15:59:00,443230323937FF171E0D-5,3811200.00,1236000.00,1352400.00,1222800.00,376.62,,,
A,09/01/26,16:04:00,443230323937FF171E0D-5,3814800.00,1237200.00,1353600.00,1224000.00,376.62,,,
A,09/01/26,16:09:00,443230323937FF171E0D-5,3817800.00,1238400.00,1354800.00,1224600.00,376.62,,,
A,09/01/26,16:14:00,443230323937FF171E0D-5,3820800.00,1239000.00,1356000.00,1225800.00,376.62,,,
A,09/01/26,16:19:00,443230323937FF171E0D-5,3823200.00,1240200.00,1356600.00,1226400.00,376.62,,,
A,09/01/26,16:24:00,443230323937FF171E0D-5,3826200.00,1240800.00,1357800.00,1227600.00,376.62,,,
A,09/01/26,16:29:00,443230323937FF171E0D-5,3829200.00,1242000.00,1359000.00,1228200.00,376.62,,,
A,09/01/26,16:34:00,443230323937FF171E0D-5,3832800.00,1243200.00,1360200.00,1229400.00,376.62,,,
A,09/01/26,16:39:00,443230323937FF171E0D-5,3835200.00,1243800.00,1360800.00,1230600.00,376.62,,,
A,09/01/26,16:44:00,443230323937FF171E0D-5,3838200.00,1245000.00,1362000.00,1231200.00,376.62,,,
A,09/01/26,16:49:00,443230323937FF171E0D-5,3841800.00,1246200.00,1363200.00,1232400.00,376.62,,,
A,09/01/26,16:54:00,443230323937FF171E0D-5,3844200.00,1246800.00,1364400.00,1233000.00,376.62,,,
A,09/01/26,16:59:00,443230323937FF171E0D-5,3847200.00,1248000.00,1365000.00,1234200.00,376.62,,,
A,09/01/26,17:04:00,443230323937FF171E0D-5,3850200.00,1249200.00,1366200.00,1234800.00,376.62,,,
A,09/01/26,17:09:00,443230323937FF171E0D-5,3853200.00,1249800.00,1367400.00,1236000.00,376.62,,,
A,09/01/26,17:14:00,443230323937FF171E0D-5,3856200.00,1251000.00,1368600.00,1236600.00,376.62,,,
A,09/01/26,17:19:00,443230323937FF171E0D-5,3858600.00,1251600.00,1369200.00,1237800.00,376.62,,,
A,09/01/26,17:24:00,443230323937FF171E0D-5,3861600.00,1252800.00,1370400.00,1238400.00,376.62,,,
A,09/01/26,17:29:00,443230323937FF171E0D-5,3865200.00,1254000.00,1371600.00,1239600.00,376.62,,,
A,09/01/26,17:34:00,443230323937FF171E0D-5,3867600.00,1254600.00,1372800.00,1240200.00,376.62,,,
A,09/01/26,17:39:00,443230323937FF171E0D-5,3870600.00,1255800.00,1373400.00,1241400.00,376.62,,,
A,09/01/26,17:44:00,443230323937FF171E0D-5,3874200.00,1257000.00,1374600.00,1242600.00,376.62,,,
A,09/01/26,17:49:00,443230323937FF171E0D-5,3876600.00,1257600.00,1375800.00,1243200.00,376.62,,,
A,09/01/26,17:54:00,443230323937FF171E0D-5,3880200.00,1258800.00,1377000.00,1244400.00,376.62,,,
A,09/01/26,17:59:00,443230323937FF171E0D-5,3882000.00,1259400.00,1377600.00,1245000.00,376.62,,,
A,09/01/26,18:04:00,443230323937FF171E0D-5,3885600.00,1260600.00,1378800.00,1246200.00,376.62,,,
A,09/01/26,18:09:00,443230323937FF171E0D-5,3888600.00,1261800.00,1380000.00,1246800.00,376.62,,,
A,09/01/26,18:14:00,443230323937FF171E0D-5,3891600.00,1262400.00,1381200.00,1248000.00,376.62,,,
A,09/01/26,18:19:00,443230323937FF171E0D-5,3894000.00,1263600.00,1381800.00,1248600.00,376.62,,,
A,09/01/26,18:24:00,443230323937FF171E0D-5,3897600.00,1264800.00,1383000.00,1249800.00,376.62,,,
A,09/01/26,18:29:00,443230323937FF171E0D-5,3900000.00,1265400.00,1384200.00,1250400.00,376.62,,,
A,09/01/26,18:34:00,443230323937FF171E0D-5,3903600.00,1266600.00,1385400.00,1251600.00,376.62,,,
A,09/01/26,18:39:00,443230323937FF171E0D-5,3906600.00,1267800.00,1386000.00,1252800.00,376.62,,,
A,09/01/26,18:44:00,443230323937FF171E0D-5,3909000.00,1268400.00,1387200.00,1253400.00,376.62,,,
A,09/01/26,18:49:00,443230323937FF171E0D-5,3912600.00,1269600.00,1388400.00,1254600.00,376.62,,,
A,09/01/26,18:54:00,443230323937FF171E0D-5,3914400.00,1270200.00,1389000.00,1255200.00,376.62,,,
A,09/01/26,18:59:00,443230323937FF171E0D-5,3918000.00,1271400.00,1390200.00,1256400.00,376.62,,,
A,09/01/26,19:04:00,443230323937FF171E0D-5,3921000.00,1272600.00,1391400.00,1257000.00,376.62,,,
A,09/01/26,19:09:00,443230323937FF171E0D-5,3924000.00,1273200.00,1392600.00,1258200.00,376.62,,,
A,09/01/26,19:14:00,443230323937FF171E0D-5,3927000.00,1274400.00,1393200.00,1259400.00,376.62,,,
A,09/01/26,19:19:00,443230323937FF171E0D-5,3930000.00,1275600.00,1394400.00,1260000.00,376.62,,,
A,09/01/26,19:24:00,443230323937FF171E0D-5,3933000.00,1276200.00,1395600.00,1261200.00,376.62,,,
A,09/01/26,19:29:00,443230323937FF171E0D-5,3935400.00,1277400.00,1396200.00,1261800.00,376.62,,,
A,09/01/26,19:34:00,443230323937FF171E0D-5,3938400.00,1278000.00,1397400.00,1263000.00,376.62,,,
A,09/01/26,19:39:00,443230323937FF171E0D-5,3942000.00,1279200.00,1398600.00,1264200.00,376.62,,,
A,09/01/26,19:44:00,443230323937FF171E0D-5,3944400.00,1280400.00,1399200.00,1264800.00,376.62,,,
A,09/01/26,19:49:00,443230323937FF171E0D-5,3947400.00,1281000.00,1400400.00,1266000.00,376.62,,,
A,09/01/26,19:54:00,443230323937FF171E0D-5,3950400.00,1282200.00,1401600.00,1266600.00,376.62,,,
A,09/01/26,19:59:00,443230323937FF171E0D-5,3954000.00,1283400.00,1402800.00,1267800.00,376.62,,,
A,09/01/26,20:04:00,443230323937FF171E0D-5,3955800.00,1284000.00,1403400.00,1268400.00,376.62,,,
A,09/01/26,20:09:00,443230323937FF171E0D-5,3959400.00,1285200.00,1404600.00,1269600.00,376.62,,,
A,09/01/26,20:14:00,443230323937FF171E0D-5,3963000.00,1286400.00,1405800.00,1270800.00,376.62,,,
A,09/01/26,20:19:00,443230323937FF171E0D-5,3964800.00,1287000.00,1406400.00,1271400.00,376.62,,,
A,09/01/26,20:24:00,443230323937FF171E0D-5,3968400.00,1288200.00,1407600.00,1272600.00,376.62,,,
A,09/01/26,20:29:00,443230323937FF171E0D-5,3970800.00,1288800.00,1408800.00,1273200.00,376.62,,,
A,09/01/26,20:34:00,443230323937FF171E0D-5,3974400.00,1290000.00,1410000.00,1274400.00,376.62,,,
A,09/01/26,20:39:00,443230323937FF171E0D-5,3976800.00,1291200.00,1410600.00,1275000.00,376.62,,,
A,09/01/26,20:44:00,443230323937FF171E0D-5,3979800.00,1291800.00,1411800.00,1276200.00,376.62,,,
A,09/01/26,20:49:00,443230323937FF171E0D-5,3983400.00,1293000.00,1413000.00,1277400.00,376.62,,,
A,09/01/26,20:54:00,443230323937FF171E0D-5,3985800.00,1294200.00,1413600.00,1278000.00,376.62,,,
A,09/01/26,20:59:00,443230323937FF171E0D-5,3988800.00,1294800.00,1414800.00,1279200.00,376.62,,,
A,09/01/26,21:04:00,443230323937FF171E0D-5,3991800.00,1296000.00,1416000.00,1279800.00,376.62,,,
A,09/01/26,21:09:00,443230323937FF171E0D-5,3995400.00,1297200.00,1417200.00,1281000.00,376.62,,,
A,09/01/26,21:14:00,443230323937FF171E0D-5,3997200.00,1297800.00,1417800.00,1281600.00,376.62,,,
A,09/01/26,21:19:00,443230323937FF171E0D-5,4000800.00,1299000.00,1419000.00,1282800.00,376.62,,,
A,09/01/26,21:24:00,443230323937FF171E0D-5,4003800.00,1299600.00,1420200.00,1284000.00,376.62,,,
A,09/01/26,21:29:00,443230323937FF171E0D-5,4006200.00,1300800.00,1420800.00,1284600.00,376.62,,,
A,09/01/26,21:34:00,443230323937FF171E0D-5,4009800.00,1302000.00,1422000.00,1285800.00,376.62,,,
A,09/01/26,21:39:00,443230323937FF171E0D-5,4012200.00,1302600.00,1423200.00,1286400.00,376.62,,,
A,09/01/26,21:44:00,443230323937FF171E0D-5,4015800.00,1303800.00,1424400.00,1287600.00,376.62,,,
A,09/01/26,21:49:00,443230323937FF171E0D-5,4018200.00,1305000.00,1425000.00,1288200.00,376.62,,,
A,09/01/26,21:54:00,443230323937FF171E0D-5,4021200.00,1305600.00,1426200.00,1289400.00,376.62,,,
A,09/01/26,21:59:00,443230323937FF171E0D-5,4024800.00,1306800.00,1427400.00,1290600.00,376.62,,,
A,09/01/26,22:04:00,443230323937FF171E0D-5,4026600.00,1307400.00,1428000.00,1291200.00,376.62,,,
A,09/01/26,22:09:00,443230323937FF171E0D-5,4030200.00,1308600.00,1429200.00,1292400.00,376.62,,,
A,09/01/26,22:14:00,443230323937FF171E0D-5,4033200.00,1309800.00,1430400.00,1293000.00,376.62,,,
A,09/01/26,22:19:00,443230323937FF171E0D-5,4036200.00,1310400.00,1431600.00,1294200.00,376.62,,,
A,09/01/26,22:24:00,443230323937FF171E0D-5,4039200.00,1311600.00,1432200.00,1295400.00,376.62,,,
A,09/01/26,22:29:00,443230323937FF171E0D-5,4041600.00,1312200.00,1433400.00,1296000.00,376.62,,,
A,09/01/26,22:34:00,443230323937FF171E0D-5,4045200.00,1313400.00,1434600.00,1297200.00,376.62,,,
A,09/01/26,22:39:00,443230323937FF171E0D-5,4047600.00,1314600.00,1435200.00,1297800.00,376.62,,,
A,09/01/26,22:44:00,443230323937FF171E0D-5,4050600.00,1315200.00,1436400.00,1299000.00,376.62,,,
A,09/01/26,22:49:00,443230323937FF171E0D-5,4054200.00,1316400.00,1437600.00,1300200.00,376.62,,,
A,09/01/26,22:54:00,443230323937FF171E0D-5,4057200.00,1317600.00,1438800.00,1300800.00,376.62,,,
A,09/01/26,22:59:00,443230323937FF171E0D-5,4059600.00,1318200.00,1439400.00,1302000.00,376.62,,,
A,09/01/26,23:04:00,443230323937FF171E0D-5,4062600.00,1319400.00,1440600.00,1302600.00,376.62,,,
A,09/01/26,23:09:00,443230323937FF171E0D-5,4065600.00,1320000.00,1441800.00,1303800.00,376.62,,,
A,09/01/26,23:14:00,443230323937FF171E0D-5,4069200.00,1321200.00,1443000.00,1305000.00,376.62,,,
A,09/01/26,23:19:00,443230323937FF171E0D-5,4071600.00,1322400.00,1443600.00,1305600.00,376.62,,,
A,09/01/26,23:24:00,443230323937FF171E0D-5,4074600.00,1323000.00,1444800.00,1306800.00,376.62,,,
A,09/01/26,23:29:00,443230323937FF171E0D-5,4077600.00,1324200.00,1446000.00,1307400.00,376.62,,,
A,09/01/26,23:34:00,443230323937FF171E0D-5,4080000.00,1324800.00,1446600.00,1308600.00,376.62,,,
A,09/01/26,23:39:00,443230323937FF171E0D-5,4083000.00,1326000.00,1447800.00,1309200.00,376.62,,,
A,09/01/26,23:44:00,443230323937FF171E0D-5,4086600.00,1327200.00,1449000.00,1310400.00,376.62,,,
A,09/01/26,23:49:00,443230323937FF171E0D-5,4089600.00,1327800.00,1450200.00,1311600.00,376.62,,,
A,09/01/26,23:54:00,443230323937FF171E0D-5,4092000.00,1329000.00,1450800.00,1312200.00,376.62,,,
A,09/01/26,23:59:00,443230323937FF171E0D-5,4095000.00,1329600.00,1452000.00,1313400.00,376.62,,,
A,10/01/26,00:04:00,443230323937FF171E0D-5,4098000.00,1330800.00,1453200.00,1314000.00,376.62,,,
A,10/01/26,00:09:00,443230323937FF171E0D-5,4101600.00,1332000.00,1454400.00,1315200.00,376.62,,,
A,10/01/26,00:14:00,443230323937FF171E0D-5,4104000.00,1332600.00,1455000.00,1316400.00,376.62,,,
A,10/01/26,00:19:00,443230323937FF171E0D-5,4107000.00,1333800.00,1456200.00,1317000.00,376.62,,,
A,10/01/26,00:24:00,443230323937FF171E0D-5,4110000.00,1334400.00,1457400.00,1318200.00,376.62,,,
A,10/01/26,00:29:00,443230323937FF171E0D-5,4113000.00,1335600.00,1458600.00,1318800.00,376.62,,,
A,10/01/26,00:34:00,443230323937FF171E0D-5,4116000.00,1336800.00,1459200.00,1320000.00,376.62,,,
A,10/01/26,00:39:00,443230323937FF171E0D-5,4119000.00,1337400.00,1460400.00,1321200.00,376.62,,,
A,10/01/26,00:44:00,443230323937FF171E0D-5,4122000.00,1338600.00,1461600.00,1321800.00,376.62,,,
A,10/01/26,00:49:00,443230323937FF171E0D-5,4125000.00,1339200.00,1462800.00,1323000.00,376.62,,,
A,10/01/26,00:54:00,443230323937FF171E0D-5,4127400.00,1340400.00,1463400.00,1323600.00,376.62,,,
A,10/01/26,00:59:00,443230323937FF171E0D-5,4131000.00,1341600.00,1464600.00,1324800.00,376.62,,,
A,10/01/26,01:04:00,443230323937FF171E0D-5,4133400.00,1342200.00,1465800.00,1325400.00,376.62,,,
A,10/01/26,01:09:00,443230323937FF171E0D-5,4136400.00,1343400.00,1466400.00,1326600.00,376.62,,,
A,10/01/26,01:14:00,443230323937FF171E0D-5,4139400.00,1344000.00,1467600.00,1327800.00,376.62,,,
A,10/01/26,01:19:00,443230323937FF171E0D-5,4142400.00,1345200.00,1468800.00,1328400.00,376.62,,,
A,10/01/26,01:24:00,443230323937FF171E0D-5,4146000.00,1346400.00,1470000.00,1329600.00,376.62,,,
A,10/01/26,01:29:00,443230323937FF171E0D-5,4147800.00,1347000.00,1470600.00,1330200.00,376.62,,,
A,10/01/26,01:34:00,443230323937FF171E0D-5,4151400.00,1348200.00,1471800.00,1331400.00,376.62,,,
A,10/01/26,01:39:00,443230323937FF171E0D-5,4154400.00,1348800.00,1473000.00,1332600.00,376.62,,,
A,10/01/26,01:44:00,443230323937FF171E0D-5,4157400.00,1350000.00,1474200.00,1333200.00,376.62,,,
A,10/01/26,01:49:00,443230323937FF171E0D-5,4160400.00,1351200.00,1474800.00,1334400.00,376.62,,,
A,10/01/26,01:54:00,443230323937FF171E0D-5,4162800.00,1351800.00,1476000.00,1335000.00,376.62,,,
A,10/01/26,01:59:00,443230323937FF171E0D-5,4166400.00,1353000.00,1477200.00,1336200.00,376.62,,,
A,10/01/26,02:04:00,443230323937FF171E0D-5,4168800.00,1353600.00,1478400.00,1336800.00,376.62,,,
A,10/01/26,02:09:00,443230323937FF171E0D-5,4171800.00,1354800.00,1479000.00,1338000.00,376.62,,,
A,10/01/26,02:14:00,443230323937FF171E0D-5,4174800.00,1355400.00,1480200.00,1339200.00,376.62,,,
A,10/01/26,02:19:00,443230323937FF171E0D-5,4177800.00,1356600.00,1481400.00,1339800.00,376.62,,,
A,10/01/26,02:24:00,443230323937FF171E0D-5,4181400.00,1357800.00,1482600.00,1341000.00,376.62,,,
A,10/01/26,02:29:00,443230323937FF171E0D-5,4183200.00,1358400.00,1483200.00,1341600.00,376.62,,,
A,10/01/26,02:34:00,443230323937FF171E0D-5,4186800.00,1359600.00,1484400.00,1342800.00,376.62,,,
A,10/01/26,02:39:00,443230323937FF171E0D-5,4189800.00,1360200.00,1485600.00,1344000.00,376.62,,,
A,10/01/26,02:44:00,443230323937FF171E0D-5,4192800.00,1361400.00,1486800.00,1344600.00,376.62,,,
A,10/01/26,02:49:00,443230323937FF171E0D-5,4195800.00,1362600.00,1487400.00,1345800.00,376.62,,,
A,10/01/26,02:54:00,443230323937FF171E0D-5,4198200.00,1363200.00,1488600.00,1346400.00,376.62,,,
A,10/01/26,02:59:00,443230323937FF171E0D-5,4201800.00,1364400.00,1489800.00,1347600.00,376.62,,,
A,10/01/26,03:04:00,443230323937FF171E0D-5,4204200.00,1365000.00,1490400.00,1348800.00,376.62,,,
A,10/01/26,03:09:00,443230323937FF171E0D-5,4207200.00,1366200.00,1491600.00,1349400.00,376.62,,,
A,10/01/26,03:14:00,443230323937FF171E0D-5,4210800.00,1367400.00,1492800.00,1350600.00,376.62,,,
A,10/01/26,03:19:00,443230323937FF171E0D-5,4213200.00,1368000.00,1494000.00,1351200.00,376.62,,,
A,10/01/26,03:24:00,443230323937FF171E0D-5,4216200.00,1369200.00,1494600.00,1352400.00,376.62,,,
A,10/01/26,03:29:00,443230323937FF171E0D-5,4218600.00,1369800.00,1495800.00,1353000.00,376.62,,,
A,10/01/26,03:34:00,443230323937FF171E0D-5,4222200.00,1371000.00,1497000.00,1354200.00,376.62,,,
A,10/01/26,03:39:00,443230323937FF171E0D-5,4225800.00,1372200.00,1498200.00,1355400.00,376.62,,,
A,10/01/26,03:44:00,443230323937FF171E0D-5,4227600.00,1372800.00,1498800.00,1356000.00,376.62,,,
A,10/01/26,03:49:00,443230323937FF171E0D-5,4231200.00,1374000.00,1500000.00,1357200.00,376.62,,,
A,10/01/26,03:54:00,443230323937FF171E0D-5,4233600.00,1374600.00,1501200.00,1357800.00,376.62,,,
A,10/01/26,03:59:00,443230323937FF171E0D-5,4237200.00,1375800.00,1502400.00,1359000.00,376.62,,,
A,10/01/26,04:04:00,443230323937FF171E0D-5,4240200.00,1377000.00,1503000.00,1360200.00,376.62,,,
A,10/01/26,04:09:00,443230323937FF171E0D-5,4242600.00,1377600.00,1504200.00,1360800.00,376.62,,,
A,10/01/26,04:14:00,443230323937FF171E0D-5,4246200.00,1378800.00,1505400.00,1362000.00,376.62,,,
A,10/01/26,04:19:00,443230323937FF171E0D-5,4248600.00,1379400.00,1506600.00,1362600.00,376.62,,,
A,10/01/26,04:24:00,443230323937FF171E0D-5,4251600.00,1380600.00,1507200.00,1363800.00,376.62,,,
A,10/01/26,04:29:00,443230323937FF171E0D-5,4254600.00,1381200.00,1508400.00,1365000.00,376.62,,,
A,10/01/26,04:34:00,443230323937FF171E0D-5,4257600.00,1382400.00,1509600.00,1365600.00,376.62,,,
A,10/01/26,04:39:00,443230323937FF171E0D-5,4261200.00,1383600.00,1510800.00,1366800.00,376.62,,,
A,10/01/26,04:44:00,443230323937FF171E0D-5,4263000.00,1384200.00,1511400.00,1367400.00,376.62,,,
A,10/01/26,04:49:00,443230323937FF171E0D-5,4266600.00,1385400.00,1512600.00,1368600.00,376.62,,,
A,10/01/26,04:54:00,443230323937FF171E0D-5,4269000.00,1386000.00,1513800.00,1369200.00,376.62,,,
A,10/01/26,04:59:00,443230323937FF171E0D-5,4272600.00,1387200.00,1515000.00,1370400.00,376.62,,,
A,10/01/26,05:04:00,443230323937FF171E0D-5,4275600.00,1388400.00,1515600.00,1371600.00,376.62,,,
A,10/01/26,05:09:00,443230323937FF171E0D-5,4278000.00,1389000.00,1516800.00,1372200.00,376.62,,,
A,10/01/26,05:14:00,443230323937FF171E0D-5,4281600.00,1390200.00,1518000.00,1373400.00,376.62,,,
A,10/01/26,05:19:00,443230323937FF171E0D-5,4284000.00,1390800.00,1519200.00,1374000.00,376.62,,,
A,10/01/26,05:24:00,443230323937FF171E0D-5,4287000.00,1392000.00,1519800.00,1375200.00,376.62,,,
A,10/01/26,05:29:00,443230323937FF171E0D-5,4290600.00,1393200.00,1521000.00,1376400.00,376.62,,,
A,10/01/26,05:34:00,443230323937FF171E0D-5,4293000.00,1393800.00,1522200.00,1377000.00,376.62,,,
A,10/01/26,05:39:00,443230323937FF171E0D-5,4296600.00,1395000.00,1523400.00,1378200.00,376.62,,,
A,10/01/26,05:44:00,443230323937FF171E0D-5,4298400.00,1395600.00,1524000.00,1378800.00,376.62,,,
A,10/01/26,05:49:00,443230323937FF171E0D-5,4302000.00,1396800.00,1525200.00,1380000.00,376.62,,,
A,10/01/26,05:54:00,443230323937FF171E0D-5,4305000.00,1398000.00,1526400.00,1380600.00,376.62,,,
A,10/01/26,05:59:00,443230323937FF171E0D-5,4308000.00,1398600.00,1527600.00,1381800.00,376.62,,,
A,10/01/26,06:04:00,443230323937FF171E0D-5,4311000.00,1399800.00,1528200.00,1383000.00,376.62,,,
A,10/01/26,06:09:00,443230323937FF171E0D-5,4313400.00,1400400.00,1529400.00,1383600.00,376.62,,,
A,10/01/26,06:14:00,443230323937FF171E0D-5,4317000.00,1401600.00,1530600.00,1384800.00,376.62,,,
A,10/01/26,06:19:00,443230323937FF171E0D-5,4319400.00,1402200.00,1531800.00,1385400.00,376.62,,,
A,10/01/26,06:24:00,443230323937FF171E0D-5,4322400.00,1403400.00,1532400.00,1386600.00,376.62,,,
A,10/01/26,06:29:00,443230323937FF171E0D-5,4326000.00,1404600.00,1533600.00,1387800.00,376.62,,,
A,10/01/26,06:34:00,443230323937FF171E0D-5,4328400.00,1405200.00,1534800.00,1388400.00,376.62,,,
A,10/01/26,06:39:00,443230323937FF171E0D-5,4332000.00,1406400.00,1536000.00,1389600.00,376.62,,,
A,10/01/26,06:44:00,443230323937FF171E0D-5,4333800.00,1407000.00,1536600.00,1390200.00,376.62,,,
A,10/01/26,06:49:00,443230323937FF171E0D-5,4337400.00,1408200.00,1537800.00,1391400.00,376.62,,,
A,10/01/26,06:54:00,443230323937FF171E0D-5,4340400.00,1409400.00,1539000.00,1392000.00,376.62,,,
A,10/01/26,06:59:00,443230323937FF171E0D-5,4343400.00,1410000.00,1540200.00,1393200.00,376.62,,,
A,10/01/26,07:04:00,443230323937FF171E0D-5,4345800.00,1411200.00,1540800.00,1393800.00,376.62,,,
A,10/01/26,07:09:00,443230323937FF171E0D-5,4348800.00,1411800.00,1542000.00,1395000.00,376.62,,,
A,10/01/26,07:14:00,443230323937FF171E0D-5,4352400.00,1413000.00,1543200.00,1396200.00,376.62,,,
A,10/01/26,07:19:00,443230323937FF171E0D-5,4355400.00,1414200.00,1544400.00,1396800.00,376.62,,,
A,10/01/26,07:24:00,443230323937FF171E0D-5,4358400.00,1414800.00,1545600.00,1398000.00,376.62,,,
A,10/01/26,07:29:00,443230323937FF171E0D-5,4360800.00,1416000.00,1546200.00,1398600.00,376.62,,,
A,10/01/26,07:34:00,443230323937FF171E0D-5,4363800.00,1416600.00,1547400.00,1399800.00,376.62,,,
A,10/01/26,07:39:00,443230323937FF171E0D-5,4366800.00,1417800.00,1548600.00,1400400.00,376.62,,,
A,10/01/26,07:44:00,443230323937FF171E0D-5,4370400.00,1419000.00,1549800.00,1401600.00,376.62,,,
A,10/01/26,07:49:00,443230323937FF171E0D-5,4372800.00,1419600.00,1550400.00,1402800.00,376.62,,,
A,10/01/26,07:54:00,443230323937FF171E0D-5,4375800.00,1420800.00,1551600.00,1403400.00,376.62,,,
A,10/01/26,07:59:00,443230323937FF171E0D-5,4378800.00,1421400.00,1552800.00,1404600.00,376.62,,,
A,10/01/26,08:04:00,443230323937FF171E0D-5,4381800.00,1422600.00,1554000.00,1405200.00,376.62,,,
A,10/01/26,08:09:00,443230323937FF171E0D-5,4384800.00,1423800.00,1554600.00,1406400.00,376.62,,,
A,10/01/26,08:14:00,443230323937FF171E0D-5,4387200.00,1424400.00,1555800.00,1407000.00,376.62,,,
A,10/01/26,08:19:00,443230323937FF171E0D-5,4390800.00,1425600.00,1557000.00,1408200.00,376.62,,,
A,10/01/26,08:24:00,443230323937FF171E0D-5,4393800.00,1426200.00,1558200.00,1409400.00,376.62,,,
A,10/01/26,08:29:00,443230323937FF171E0D-5,4396800.00,1427400.00,1559400.00,1410000.00,376.62,,,
A,10/01/26,08:34:00,443230323937FF171E0D-5,4399800.00,1428600.00,1560000.00,1411200.00,376.62,,,
A,10/01/26,08:39:00,443230323937FF171E0D-5,4402200.00,1429200.00,1561200.00,1411800.00,376.62,,,
A,10/01/26,08:44:00,443230323937FF171E0D-5,4405800.00,1430400.00,1562400.00,1413000.00,376.62,,,
A,10/01/26,08:49:00,443230323937FF171E0D-5,4408200.00,1431000.00,1563600.00,1413600.00,376.62,,,
A,10/01/26,08:54:00,443230323937FF171E0D-5,4411200.00,1432200.00,1564200.00,1414800.00,376.62,,,
A,10/01/26,08:59:00,443230323937FF171E0D-5,4414800.00,1433400.00,1565400.00,1416000.00,376.62,,,
A,10/01/26,09:04:00,443230323937FF171E0D-5,4417200.00,1434000.00,1566600.00,1416600.00,376.62,,,
A,10/01/26,09:09:00,443230323937FF171E0D-5,4420800.00,1435200.00,1567800.00,1417800.00,376.62,,,
A,10/01/26,09:14:00,443230323937FF171E0D-5,4422600.00,1435800.00,1568400.00,1418400.00,376.62,,,
A,10/01/26,09:19:00,443230323937FF171E0D-5,4426200.00,1437000.00,1569600.00,1419600.00,376.62,,,
A,10/01/26,09:24:00,443230323937FF171E0D-5,4429200.00,1438200.00,1570800.00,1420200.00,376.62,,,
A,10/01/26,09:29:00,443230323937FF171E0D-5,4432200.00,1438800.00,1572000.00,1421400.00,376.62,,,
A,10/01/26,09:34:00,443230323937FF171E0D-5,4435200.00,1440000.00,1572600.00,1422600.00,376.62,,,
A,10/01/26,09:39:00,443230323937FF171E0D-5,4437600.00,1440600.00,1573800.00,1423200.00,376.62,,,
A,10/01/26,09:44:00,443230323937FF171E0D-5,4441200.00,1441800.00,1575000.00,1424400.00,376.62,,,
A,10/01/26,09:49:00,443230323937FF171E0D-5,4444200.00,1443000.00,1576200.00,1425000.00,376.62,,,
A,10/01/26,09:54:00,443230323937FF171E0D-5,4446600.00,1443600.00,1576800.00,1426200.00,376.62,,,
A,10/01/26,09:59:00,443230323937FF171E0D-5,4449600.00,1444800.00,1578000.00,1426800.00,376.62,,,
A,10/01/26,10:04:00,443230323937FF171E0D-5,4453200.00,1446000.00,1579200.00,1428000.00,376.62,,,
A,10/01/26,10:09:00,443230323937FF171E0D-5,4456200.00,1446600.00,1580400.00,1429200.00,376.62,,,
A,10/01/26,10:14:00,443230323937FF171E0D-5,4458600.00,1447800.00,1581000.00,1429800.00,376.62,,,
A,10/01/26,10:19:00,443230323937FF171E0D-5,4461600.00,1448400.00,1582200.00,1431000.00,376.62,,,
A,10/01/26,10:24:00,443230323937FF171E0D-5,4464600.00,1449600.00,1583400.00,1431600.00,376.62,,,
A,10/01/26,10:29:00,443230323937FF171E0D-5,4468200.00,1450800.00,1584600.00,1432800.00,376.62,,,
A,10/01/26,10:34:00,443230323937FF171E0D-5,4470000.00,1451400.00,1585200.00,1433400.00,376.62,,,
A,10/01/26,10:39:00,443230323937FF171E0D-5,4473600.00,1452600.00,1586400.00,1434600.00,376.62,,,
A,10/01/26,10:44:00,443230323937FF171E0D-5,4476600.00,1453200.00,1587600.00,1435800.00,376.62,,,
A,10/01/26,10:49:00,443230323937FF171E0D-5,4479600.00,1454400.00,1588800.00,1436400.00,376.62,,,
A,10/01/26,10:54:00,443230323937FF171E0D-5,4482600.00,1455600.00,1589400.00,1437600.00,376.62,,,
A,10/01/26,10:59:00,443230323937FF171E0D-5,4485000.00,1456200.00,1590600.00,1438200.00,376.62,,,
A,10/01/26,11:04:00,443230323937FF171E0D-5,4488600.00,1457400.00,1591800.00,1439400.00,376.62,,,
A,10/01/26,11:09:00,443230323937FF171E0D-5,4491000.00,1458000.00,1593000.00,1440000.00,376.62,,,
A,10/01/26,11:14:00,443230323937FF171E0D-5,4494000.00,1459200.00,1593600.00,1441200.00,376.62,,,
A,10/01/26,11:19:00,443230323937FF171E0D-5,4497600.00,1460400.00,1594800.00,1442400.00,376.62,,,
A,10/01/26,11:24:00,443230323937FF171E0D-5,4500000.00,1461000.00,1596000.00,1443000.00,376.62,,,
A,10/01/26,11:29:00,443230323937FF171E0D-5,4503600.00,1462200.00,1597200.00,1444200.00,376.62,,,
A,10/01/26,11:34:00,443230323937FF171E0D-5,4506000.00,1463400.00,1597800.00,1444800.00,376.62,,,
A,10/01/26,11:39:00,443230323937FF171E0D-5,4509000.00,1464000.00,1599000.00,1446000.00,376.62,,,
A,10/01/26,11:44:00,443230323937FF171E0D-5,4512000.00,1465200.00,1600200.00,1446600.00,376.62,,,
A,10/01/26,11:49:00,443230323937FF171E0D-5,4515000.00,1465800.00,1601400.00,1447800.00,376.62,,,
A,10/01/26,11:54:00,443230323937FF171E0D-5,4518000.00,1467000.00,1602000.00,1449000.00,376.62,,,
A,10/01/26,11:59:00,443230323937FF171E0D-5,4521000.00,1468200.00,1603200.00,1449600.00,376.62,,,
A,10/01/26,12:04:00,443230323937FF171E0D-5,4524000.00,1468800.00,1604400.00,1450800.00,376.62,,,
A,10/01/26,12:09:00,443230323937FF171E0D-5,4526400.00,1470000.00,1605000.00,1451400.00,376.62,,,
A,10/01/26,12:14:00,443230323937FF171E0D-5,4529400.00,1470600.00,1606200.00,1452600.00,376.62,,,
A,10/01/26,12:19:00,443230323937FF171E0D-5,4532400.00,1471800.00,1607400.00,1453200.00,376.62,,,
A,10/01/26,12:24:00,443230323937FF171E0D-5,4536000.00,1473000.00,1608600.00,1454400.00,376.62,,,
A,10/01/26,12:29:00,443230323937FF171E0D-5,4539000.00,1473600.00,1609800.00,1455600.00,376.62,,,
A,10/01/26,12:34:00,443230323937FF171E0D-5,4541400.00,1474800.00,1610400.00,1456200.00,376.62,,,
A,10/01/26,12:39:00,443230323937FF171E0D-5,4544400.00,1475400.00,1611600.00,1457400.00,376.62,,,
A,10/01/26,12:44:00,443230323937FF171E0D-5,4547400.00,1476600.00,1612800.00,1458000.00,376.62,,,
A,10/01/26,12:49:00,443230323937FF171E0D-5,4551000.00,1477800.00,1614000.00,1459200.00,376.62,,,
A,10/01/26,12:54:00,443230323937FF171E0D-5,4552800.00,1478400.00,1614600.00,1459800.00,376.62,,,
A,10/01/26,12:59:00,443230323937FF171E0D-5,4556400.00,1479600.00,1615800.00,1461000.00,376.62,,,
A,10/01/26,13:04:00,443230323937FF171E0D-5,4559400.00,1480800.00,1617000.00,1461600.00,376.62,,,
A,10/01/26,13:09:00,443230323937FF171E0D-5,4562400.00,1481400.00,1618200.00,1462800.00,376.62,,,
A,10/01/26,13:14:00,443230323937FF171E0D-5,4565400.00,1482600.00,1618800.00,1464000.00,376.62,,,
A,10/01/26,13:19:00,443230323937FF171E0D-5,4567800.00,1483200.00,1620000.00,1464600.00,376.62,,,
A,10/01/26,13:24:00,443230323937FF171E0D-5,4571400.00,1484400.00,1621200.00,1465800.00,376.62,,,
A,10/01/26,13:29:00,443230323937FF171E0D-5,4574400.00,1485600.00,1622400.00,1466400.00,376.62,,,
A,10/01/26,13:34:00,443230323937FF171E0D-5,4576800.00,1486200.00,1623000.00,1467600.00,376.62,,,
A,10/01/26,13:39:00,443230323937FF171E0D-5,4579800.00,1487400.00,1624200.00,1468200.00,376.62,,,
A,10/01/26,13:44:00,443230323937FF171E0D-5,4582800.00,1488000.00,1625400.00,1469400.00,376.62,,,
A,10/01/26,13:49:00,443230323937FF171E0D-5,4585800.00,1489200.00,1626600.00,1470000.00,376.62,,,
A,10/01/26,13:54:00,443230323937FF171E0D-5,4588800.00,1490400.00,1627200.00,1471200.00,376.62,,,
A,10/01/26,13:59:00,443230323937FF171E0D-5,4591800.00,1491000.00,1628400.00,1472400.00,376.62,,,
A,10/01/26,14:04:00,443230323937FF171E0D-5,4594800.00,1492200.00,1629600.00,1473000.00,376.62,,,
A,10/01/26,14:09:00,443230323937FF171E0D-5,4597800.00,1492800.00,1630800.00,1474200.00,376.62,,,
A,10/01/26,14:14:00,443230323937FF171E0D-5,4600200.00,1494000.00,1631400.00,1474800.00,376.62,,,
A,10/01/26,14:19:00,443230323937FF171E0D-5,4603800.00,1495200.00,1632600.00,1476000.00,376.62,,,
A,10/01/26,14:24:00,443230323937FF171E0D-5,4606200.00,1495800.00,1633800.00,1476600.00,376.62,,,
A,10/01/26,14:29:00,443230323937FF171E0D-5,4609800.00,1497000.00,1635000.00,1477800.00,376.62,,,
A,10/01/26,14:34:00,443230323937FF171E0D-5,4612200.00,1497600.00,1636200.00,1478400.00,376.62,,,
A,10/01/26,14:39:00,443230323937FF171E0D-5,4615200.00,1498800.00,1636800.00,1479600.00,376.62,,,
A,10/01/26,14:44:00,443230323937FF171E0D-5,4618800.00,1500000.00,1638000.00,1480800.00,376.62,,,
A,10/01/26,14:49:00,443230323937FF171E0D-5,4621200.00,1500600.00,1639200.00,1481400.00,376.62,,,
A,10/01/26,14:54:00,443230323937FF171E0D-5,4624800.00,1501800.00,1640400.00,1482600.00,376.62,,,
A,10/01/26,14:59:00,443230323937FF171E0D-5,4626600.00,1502400.00,1641000.00,1483200.00,376.62,,,
A,10/01/26,15:04:00,443230323937FF171E0D-5,4630200.00,1503600.00,1642200.00,1484400.00,376.62,,,
A,10/01/26,15:09:00,443230323937FF171E0D-5,4633200.00,1504800.00,1643400.00,1485000.00,376.62,,,
A,10/01/26,15:14:00,443230323937FF171E0D-5,4636200.00,1505400.00,1644600.00,1486200.00,376.62,,,
A,10/01/26,15:19:00,443230323937FF171E0D-5,4639200.00,1506600.00,1645200.00,1487400.00,376.62,,,
A,10/01/26,15:24:00,443230323937FF171E0D-5,4641600.00,1507200.00,1646400.00,1488000.00,376.62,,,
A,10/01/26,15:29:00,443230323937FF171E0D-5,4645200.00,1508400.00,1647600.00,1489200.00,376.62,,,
A,10/01/26,15:34:00,443230323937FF171E0D-5,4648200.00,1509600.00,1648800.00,1489800.00,376.62,,,
A,10/01/26,15:39:00,443230323937FF171E0D-5,4650600.00,1510200.00,1649400.00,1491000.00,376.62,,,
A,10/01/26,15:44:00,443230323937FF171E0D-5,4653600.00,1511400.00,1650600.00,1491600.00,376.62,,,
A,10/01/26,15:49:00,443230323937FF171E0D-5,4656600.00,1512000.00,1651800.00,1492800.00,376.62,,,
A,10/01/26,15:54:00,443230323937FF171E0D-5,4659600.00,1513200.00,1653000.00,1493400.00,376.62,,,
A,10/01/26,15:59:00,443230323937FF171E0D-5,4662600.00,1514400.00,1653600.00,1494600.00,376.62,,,
A,10/01/26,16:04:00,443230323937FF171E0D-5,4665600.00,1515000.00,1654800.00,1495800.00,376.62,,,
A,10/01/26,16:09:00,443230323937FF171E0D-5,4668600.00,1516200.00,1656000.00,1496400.00,376.62,,,
A,10/01/26,16:14:00,443230323937FF171E0D-5,4671600.00,1516800.00,1657200.00,1497600.00,376.62,,,
A,10/01/26,16:19:00,443230323937FF171E0D-5,4674600.00,1518000.00,1658400.00,1498200.00,376.62,,,
A,10/01/26,16:24:00,443230323937FF171E0D-5,4677600.00,1519200.00,1659000.00,1499400.00,376.62,,,
A,10/01/26,16:29:00,443230323937FF171E0D-5,4680000.00,1519800.00,1660200.00,1500000.00,376.62,,,
A,10/01/26,16:34:00,443230323937FF171E0D-5,4683600.00,1521000.00,1661400.00,1501200.00,376.62,,,
A,10/01/26,16:39:00,443230323937FF171E0D-5,4686000.00,1521600.00,1662600.00,1501800.00,376.62,,,
A,10/01/26,16:44:00,443230323937FF171E0D-5,4689000.00,1522800.00,1663200.00,1503000.00,376.62,,,
A,10/01/26,16:49:00,443230323937FF171E0D-5,4692600.00,1524000.00,1664400.00,1504200.00,376.62,,,
A,10/01/26,16:54:00,443230323937FF171E0D-5,4695000.00,1524600.00,1665600.00,1504800.00,376.62,,,
A,10/01/26,16:59:00,443230323937FF171E0D-5,4698600.00,1525800.00,1666800.00,1506000.00,376.62,,,
A,10/01/26,17:04:00,443230323937FF171E0D-5,4700400.00,1526400.00,1667400.00,1506600.00,376.62,,,
A,10/01/26,17:09:00,443230323937FF171E0D-5,4704000.00,1527600.00,1668600.00,1507800.00,376.62,,,
A,10/01/26,17:14:00,443230323937FF171E0D-5,4707000.00,1528800.00,1669800.00,1508400.00,376.62,,,
A,10/01/26,17:19:00,443230323937FF171E0D-5,4710000.00,1529400.00,1671000.00,1509600.00,376.62,,,
A,10/01/26,17:24:00,443230323937FF171E0D-5,4712400.00,1530600.00,1671600.00,1510200.00,376.62,,,
A,10/01/26,17:29:00,443230323937FF171E0D-5,4715400.00,1531200.00,1672800.00,1511400.00,376.62,,,
A,10/01/26,17:34:00,443230323937FF171E0D-5,4719000.00,1532400.00,1674000.00,1512600.00,376.62,,,
A,10/01/26,17:39:00,443230323937FF171E0D-5,4722000.00,1533600.00,1675200.00,1513200.00,376.62,,,
A,10/01/26,17:44:00,443230323937FF171E0D-5,4725000.00,1534200.00,1676400.00,1514400.00,376.62,,,
A,10/01/26,17:49:00,443230323937FF171E0D-5,4727400.00,1535400.00,1677000.00,1515000.00,376.62,,,
A,10/01/26,17:54:00,443230323937FF171E0D-5,4731000.00,1536600.00,1678200.00,1516200.00,376.62,,,
A,10/01/26,17:59:00,443230323937FF171E0D-5,4733400.00,1537200.00,1679400.00,1516800.00,376.62,,,
A,10/01/26,18:04:00,443230323937FF171E0D-5,4737000.00,1538400.00,1680600.00,1518000.00,376.62,,,
A,10/01/26,18:09:00,443230323937FF171E0D-5,4738800.00,1539000.00,1681200.00,1518600.00,376.62,,,
A,10/01/26,18:14:00,443230323937FF171E0D-5,4742400.00,1540200.00,1682400.00,1519800.00,376.62,,,
A,10/01/26,18:19:00,443230323937FF171E0D-5,4745400.00,1540800.00,1683600.00,1521000.00,376.62,,,
A,10/01/26,18:24:00,443230323937FF171E0D-5,4748400.00,1542000.00,1684800.00,1521600.00,376.62,,,
A,10/01/26,18:29:00,443230323937FF171E0D-5,4751400.00,1543200.00,1685400.00,1522800.00,376.62,,,
A,10/01/26,18:34:00,443230323937FF171E0D-5,4753800.00,1543800.00,1686600.00,1523400.00,376.62,,,
A,10/01/26,18:39:00,443230323937FF171E0D-5,4757400.00,1545000.00,1687800.00,1524600.00,376.62,,,
A,10/01/26,18:44:00,443230323937FF171E0D-5,4759800.00,1545600.00,1689000.00,1525200.00,376.62,,,
A,10/01/26,18:49:00,443230323937FF171E0D-5,4762800.00,1546800.00,1689600.00,1526400.00,376.62,,,
A,10/01/26,18:54:00,443230323937FF171E0D-5,4766400.00,1548000.00,1690800.00,1527600.00,376.62,,,
A,10/01/26,18:59:00,443230323937FF171E0D-5,4768800.00,1548600.00,1692000.00,1528200.00,376.62,,,
A,10/01/26,19:04:00,443230323937FF171E0D-5,4772400.00,1549800.00,1693200.00,1529400.00,376.62,,,
A,10/01/26,19:09:00,443230323937FF171E0D-5,4774800.00,1550400.00,1694400.00,1530000.00,376.62,,,
A,10/01/26,19:14:00,443230323937FF171E0D-5,4777800.00,1551600.00,1695000.00,1531200.00,376.62,,,
A,10/01/26,19:19:00,443230323937FF171E0D-5,4780800.00,1552200.00,1696200.00,1532400.00,376.62,,,
A,10/01/26,19:24:00,443230323937FF171E0D-5,4783800.00,1553400.00,1697400.00,1533000.00,376.62,,,
A,10/01/26,19:29:00,443230323937FF171E0D-5,4787400.00,1554600.00,1698600.00,1534200.00,376.62,,,
A,10/01/26,19:34:00,443230323937FF171E0D-5,4789200.00,1555200.00,1699200.00,1534800.00,376.62,,,
A,10/01/26,19:39:00,443230323937FF171E0D-5,4792800.00,1556400.00,1700400.00,1536000.00,376.62,,,
A,10/01/26,19:44:00,443230323937FF171E0D-5,4795200.00,1557000.00,1701600.00,1536600.00,376.62,,,
A,10/01/26,19:49:00,443230323937FF171E0D-5,4798800.00,1558200.00,1702800.00,1537800.00,376.62,,,
A,10/01/26,19:54:00,443230323937FF171E0D-5,4801800.00,1559400.00,1703400.00,1539000.00,376.62,,,
A,10/01/26,19:59:00,443230323937FF171E0D-5,4804200.00,1560000.00,1704600.00,1539600.00,376.62,,,
A,10/01/26,20:04:00,443230323937FF171E0D-5,4807800.00,1561200.00,1705800.00,1540800.00,376.62,,,
A,10/01/26,20:09:00,443230323937FF171E0D-5,4810200.00,1561800.00,1707000.00,1541400.00,376.62,,,
A,10/01/26,20:14:00,443230323937FF171E0D-5,4813200.00,1563000.00,1707600.00,1542600.00,376.62,,,
A,10/01/26,20:19:00,443230323937FF171E0D-5,4816800.00,1564200.00,1708800.00,1543800.00,376.62,,,
A,10/01/26,20:24:00,443230323937FF171E0D-5,4819200.00,1564800.00,1710000.00,1544400.00,376.62,,,
A,10/01/26,20:29:00,443230323937FF171E0D-5,4822800.00,1566000.00,1711200.00,1545600.00,376.62,,,
A,10/01/26,20:34:00,443230323937FF171E0D-5,4824600.00,1566600.00,1711800.00,1546200.00,376.62,,,
A,10/01/26,20:39:00,443230323937FF171E0D-5,4828200.00,1567800.00,1713000.00,1547400.00,376.62,,,
A,10/01/26,20:44:00,443230323937FF171E0D-5,4830600.00,1568400.00,1714200.00,1548000.00,376.62,,,
A,10/01/26,20:49:00,443230323937FF171E0D-5,4834200.00,1569600.00,1715400.00,1549200.00,376.62,,,
A,10/01/26,20:54:00,443230323937FF171E0D-5,4837200.00,1570800.00,1716000.00,1550400.00,376.62,,,
A,10/01/26,20:59:00,443230323937FF171E0D-5,4839600.00,1571400.00,1717200.00,1551000.00,376.62,,,
A,10/01/26,21:04:00,443230323937FF171E0D-5,4843200.00,1572600.00,1718400.00,1552200.00,376.62,,,
A,10/01/26,21:09:00,443230323937FF171E0D-5,4846200.00,1573800.00,1719600.00,1552800.00,376.62,,,
A,10/01/26,21:14:00,443230323937FF171E0D-5,4848600.00,1574400.00,1720200.00,1554000.00,376.62,,,
A,10/01/26,21:19:00,443230323937FF171E0D-5,4851600.00,1575600.00,1721400.00,1554600.00,376.62,,,
A,10/01/26,21:24:00,443230323937FF171E0D-5,4854600.00,1576200.00,1722600.00,1555800.00,376.62,,,
A,10/01/26,21:29:00,443230323937FF171E0D-5,4858200.00,1577400.00,1723800.00,1557000.00,376.62,,,
A,10/01/26,21:34:00,443230323937FF171E0D-5,4860000.00,1578000.00,1724400.00,1557600.00,376.62,,,
A,10/01/26,21:39:00,443230323937FF171E0D-5,4863600.00,1579200.00,1725600.00,1558800.00,376.62,,,
A,10/01/26,21:44:00,443230323937FF171E0D-5,4866600.00,1580400.00,1726800.00,1559400.00,376.62,,,
A,10/01/26,21:49:00,443230323937FF171E0D-5,4869600.00,1581000.00,1728000.00,1560600.00,376.62,,,
A,10/01/26,21:54:00,443230323937FF171E0D-5,4872600.00,1582200.00,1728600.00,1561800.00,376.62,,,
A,10/01/26,21:59:00,443230323937FF171E0D-5,4875000.00,1582800.00,1729800.00,1562400.00,376.62,,,
A,10/01/26,22:04:00,443230323937FF171E0D-5,4878600.00,1584000.00,1731000.00,1563600.00,376.62,,,
A,10/01/26,22:09:00,443230323937FF171E0D-5,4881600.00,1585200.00,1732200.00,1564200.00,376.62,,,
A,10/01/26,22:14:00,443230323937FF171E0D-5,4884000.00,1585800.00,1732800.00,1565400.00,376.62,,,
A,10/01/26,22:19:00,443230323937FF171E0D-5,4887600.00,1587000.00,1734000.00,1566600.00,376.62,,,
A,10/01/26,22:24:00,443230323937FF171E0D-5,4890000.00,1587600.00,1735200.00,1567200.00,376.62,,,
A,10/01/26,22:29:00,443230323937FF171E0D-5,4893600.00,1588800.00,1736400.00,1568400.00,376.62,,,
A,10/01/26,22:34:00,443230323937FF171E0D-5,4896000.00,1590000.00,1737000.00,1569000.00,376.62,,,
A,10/01/26,22:39:00,443230323937FF171E0D-5,4899000.00,1590600.00,1738200.00,1570200.00,376.62,,,
A,10/01/26,22:44:00,443230323937FF171E0D-5,4902600.00,1591800.00,1739400.00,1571400.00,376.62,,,
A,10/01/26,22:49:00,443230323937FF171E0D-5,4904400.00,1592400.00,1740000.00,1572000.00,376.62,,,
A,10/01/26,22:54:00,443230323937FF171E0D-5,4908000.00,1593600.00,1741200.00,1573200.00,376.62,,,
A,10/01/26,22:59:00,443230323937FF171E0D-5,4910400.00,1594200.00,1742400.00,1573800.00,376.62,,,
A,10/01/26,23:04:00,443230323937FF171E0D-5,4914000.00,1595400.00,1743600.00,1575000.00,376.62,,,
A,10/01/26,23:09:00,443230323937FF171E0D-5,4917000.00,1596600.00,1744200.00,1576200.00,376.62,,,
A,10/01/26,23:14:00,443230323937FF171E0D-5,4919400.00,1597200.00,1745400.00,1576800.00,376.62,,,
A,10/01/26,23:19:00,443230323937FF171E0D-5,4923000.00,1598400.00,1746600.00,1578000.00,376.62,,,
A,10/01/26,23:24:00,443230323937FF171E0D-5,4925400.00,1599000.00,1747800.00,1578600.00,376.62,,,
A,10/01/26,23:29:00,443230323937FF171E0D-5,4928400.00,1600200.00,1748400.00,1579800.00,376.62,,,
A,10/01/26,23:34:00,443230323937FF171E0D-5,4931400.00,1600800.00,1749600.00,1581000.00,376.62,,,
A,10/01/26,23:39:00,443230323937FF171E0D-5,4934400.00,1602000.00,1750800.00,1581600.00,376.62,,,
A,10/01/26,23:44:00,443230323937FF171E0D-5,4937400.00,1603200.00,1751400.00,1582800.00,376.62,,,
A,10/01/26,23:49:00,443230323937FF171E0D-5,4939800.00,1603800.00,1752600.00,1583400.00,376.62,,,
A,10/01/26,23:54:00,443230323937FF171E0D-5,4943400.00,1605000.00,1753800.00,1584600.00,376.62,,,
A,10/01/26,23:59:00,443230323937FF171E0D-5,4946400.00,1605600.00,1755000.00,1585800.00,376.62,,,
A,11/01/26,00:04:00,443230323937FF171E0D-5,4948800.00,1606800.00,1755600.00,1586400.00,376.62,,,
A,11/01/26,00:09:00,443230323937FF171E0D-5,4951800.00,1607400.00,1756800.00,1587600.00,376.62,,,
A,11/01/26,00:14:00,443230323937FF171E0D-5,4954800.00,1608600.00,1758000.00,1588200.00,376.62,,,
A,11/01/26,00:19:00,443230323937FF171E0D-5,4957200.00,1609200.00,1758600.00,1589400.00,376.62,,,
A,11/01/26,00:24:00,443230323937FF171E0D-5,4960800.00,1610400.00,1759800.00,1590600.00,376.62,,,
A,11/01/26,00:29:00,443230323937FF171E0D-5,4963800.00,1611600.00,1761000.00,1591200.00,376.62,,,
A,11/01/26,00:34:00,443230323937FF171E0D-5,4966800.00,1612200.00,1762200.00,1592400.00,376.62,,,
A,11/01/26,00:39:00,443230323937FF171E0D-5,4969200.00,1613400.00,1762800.00,1593000.00,376.62,,,
A,11/01/26,00:44:00,443230323937FF171E0D-5,4972200.00,1614000.00,1764000.00,1594200.00,376.62,,,
A,11/01/26,00:49:00,443230323937FF171E0D-5,4975800.00,1615200.00,1765200.00,1595400.00,376.62,,,
A,11/01/26,00:54:00,443230323937FF171E0D-5,4978200.00,1615800.00,1766400.00,1596000.00,376.62,,,
A,11/01/26,00:59:00,443230323937FF171E0D-5,4981200.00,1617000.00,1767000.00,1597200.00,376.62,,,
A,11/01/26,01:04:00,443230323937FF171E0D-5,4983600.00,1617600.00,1768200.00,1597800.00,376.62,,,
A,11/01/26,01:09:00,443230323937FF171E0D-5,4987200.00,1618800.00,1769400.00,1599000.00,376.62,,,
A,11/01/26,01:14:00,443230323937FF171E0D-5,4990200.00,1619400.00,1770600.00,1600200.00,376.62,,,
A,11/01/26,01:19:00,443230323937FF171E0D-5,4992600.00,1620600.00,1771200.00,1600800.00,376.62,,,
A,11/01/26,01:24:00,443230323937FF171E0D-5,4996200.00,1621800.00,1772400.00,1602000.00,376.62,,,
A,11/01/26,01:29:00,443230323937FF171E0D-5,4998600.00,1622400.00,1773600.00,1602600.00,376.62,,,
A,11/01/26,01:34:00,443230323937FF171E0D-5,5001600.00,1623600.00,1774200.00,1603800.00,376.62,,,
A,11/01/26,01:39:00,443230323937FF171E0D-5,5004600.00,1624200.00,1775400.00,1605000.00,376.62,,,
A,11/01/26,01:44:00,443230323937FF171E0D-5,5007600.00,1625400.00,1776600.00,1605600.00,376.62,,,
A,11/01/26,01:49:00,443230323937FF171E0D-5,5010600.00,1626000.00,1777800.00,1606800.00,376.62,,,
A,11/01/26,01:54:00,443230323937FF171E0D-5,5013000.00,1627200.00,1778400.00,1607400.00,376.62,,,
A,11/01/26,01:59:00,443230323937FF171E0D-5,5016600.00,1628400.00,1779600.00,1608600.00,376.62,,,
A,11/01/26,02:04:00,443230323937FF171E0D-5,5019600.00,1629000.00,1780800.00,1609800.00,376.62,,,
A,11/01/26,02:09:00,443230323937FF171E0D-5,5022600.00,1630200.00,1782000.00,1610400.00,376.62,,,
A,11/01/26,02:14:00,443230323937FF171E0D-5,5025000.00,1630800.00,1782600.00,1611600.00,376.62,,,
A,11/01/26,02:19:00,443230323937FF171E0D-5,5028000.00,1632000.00,1783800.00,1612200.00,376.62,,,
A,11/01/26,02:24:00,443230323937FF171E0D-5,5031000.00,1632600.00,1785000.00,1613400.00,376.62,,,
A,11/01/26,02:29:00,443230323937FF171E0D-5,5034600.00,1633800.00,1786200.00,1614600.00,376.62,,,
A,11/01/26,02:34:00,443230323937FF171E0D-5,5036400.00,1634400.00,1786800.00,1615200.00,376.62,,,
A,11/01/26,02:39:00,443230323937FF171E0D-5,5040000.00,1635600.00,1788000.00,1616400.00,376.62,,,
A,11/01/26,02:44:00,443230323937FF171E0D-5,5043000.00,1636800.00,1789200.00,1617000.00,376.62,,,
A,11/01/26,02:49:00,443230323937FF171E0D-5,5046000.00,1637400.00,1790400.00,1618200.00,376.62,,,
A,11/01/26,02:54:00,443230323937FF171E0D-5,5048400.00,1638600.00,1791000.00,1618800.00,376.62,,,
A,11/01/26,02:59:00,443230323937FF171E0D-5,5051400.00,1639200.00,1792200.00,1620000.00,376.62,,,
A,11/01/26,03:04:00,443230323937FF171E0D-5,5055000.00,1640400.00,1793400.00,1621200.00,376.62,,,
A,11/01/26,03:09:00,443230323937FF171E0D-5,5057400.00,1641000.00,1794600.00,1621800.00,376.62,,,
A,11/01/26,03:14:00,443230323937FF171E0D-5,5060400.00,1642200.00,1795200.00,1623000.00,376.62,,,
A,11/01/26,03:19:00,443230323937FF171E0D-5,5063400.00,1643400.00,1796400.00,1623600.00,376.62,,,
A,11/01/26,03:24:00,443230323937FF171E0D-5,5066400.00,1644000.00,1797600.00,1624800.00,376.62,,,
A,11/01/26,03:29:00,443230323937FF171E0D-5,5070000.00,1645200.00,1798800.00,1626000.00,376.62,,,
A,11/01/26,03:34:00,443230323937FF171E0D-5,5071800.00,1645800.00,1799400.00,1626600.00,376.62,,,
A,11/01/26,03:39:00,443230323937FF171E0D-5,5075400.00,1647000.00,1800600.00,1627800.00,376.62,,,
A,11/01/26,03:44:00,443230323937FF171E0D-5,5077800.00,1647600.00,1801800.00,1628400.00,376.62,,,
A,11/01/26,03:49:00,443230323937FF171E0D-5,5081400.00,1648800.00,1803000.00,1629600.00,376.62,,,
A,11/01/26,03:54:00,443230323937FF171E0D-5,5084400.00,1650000.00,1803600.00,1630800.00,376.62,,,
A,11/01/26,03:59:00,443230323937FF171E0D-5,5086800.00,1650600.00,1804800.00,1631400.00,376.62,,,
A,11/01/26,04:04:00,443230323937FF171E0D-5,5090400.00,1651800.00,1806000.00,1632600.00,376.62,,,
A,11/01/26,04:09:00,443230323937FF171E0D-5,5092800.00,1652400.00,1807200.00,1633200.00,376.62,,,
A,11/01/26,04:14:00,443230323937FF171E0D-5,5095800.00,1653600.00,1807800.00,1634400.00,376.62,,,
A,11/01/26,04:19:00,443230323937FF171E0D-5,5098800.00,1654200.00,1809000.00,1635600.00,376.62,,,
A,11/01/26,04:24:00,443230323937FF171E0D-5,5101800.00,1655400.00,1810200.00,1636200.00,376.62,,,
A,11/01/26,04:29:00,443230323937FF171E0D-5,5105400.00,1656600.00,1811400.00,1637400.00,376.62,,,
A,11/01/26,04:34:00,443230323937FF171E0D-5,5107200.00,1657200.00,1812000.00,1638000.00,376.62,,,
A,11/01/26,04:39:00,443230323937FF171E0D-5,5110800.00,1658400.00,1813200.00,1639200.00,376.62,,,
A,11/01/26,04:44:00,443230323937FF171E0D-5,5113200.00,1659000.00,1814400.00,1639800.00,376.62,,,
A,11/01/26,04:49:00,443230323937FF171E0D-5,5116800.00,1660200.00,1815600.00,1641000.00,376.62,,,
A,11/01/26,04:54:00,443230323937FF171E0D-5,5119200.00,1660800.00,1816200.00,1642200.00,376.62,,,
A,11/01/26,04:59:00,443230323937FF171E0D-5,5122200.00,1662000.00,1817400.00,1642800.00,376.62,,,
A,11/01/26,05:04:00,443230323937FF171E0D-5,5125200.00,1662600.00,1818600.00,1644000.00,376.62,,,
A,11/01/26,05:09:00,443230323937FF171E0D-5,5128200.00,1663800.00,1819800.00,1644600.00,376.62,,,
A,11/01/26,05:14:00,443230323937FF171E0D-5,5131200.00,1665000.00,1820400.00,1645800.00,376.62,,,
A,11/01/26,05:19:00,443230323937FF171E0D-5,5134200.00,1665600.00,1821600.00,1647000.00,376.62,,,
A,11/01/26,05:24:00,443230323937FF171E0D-5,5137200.00,1666800.00,1822800.00,1647600.00,376.62,,,
A,11/01/26,05:29:00,443230323937FF171E0D-5,5140200.00,1667400.00,1824000.00,1648800.00,376.62,,,
A,11/01/26,05:34:00,443230323937FF171E0D-5,5142600.00,1668600.00,1824600.00,1649400.00,376.62,,,
A,11/01/26,05:39:00,443230323937FF171E0D-5,5145600.00,1669200.00,1825800.00,1650600.00,376.62,,,
A,11/01/26,05:44:00,443230323937FF171E0D-5,5149200.00,1670400.00,1827000.00,1651800.00,376.62,,,
A,11/01/26,05:49:00,443230323937FF171E0D-5,5152200.00,1671600.00,1828200.00,1652400.00,376.62,,,
A,11/01/26,05:54:00,443230323937FF171E0D-5,5154600.00,1672200.00,1828800.00,1653600.00,376.62,,,
A,11/01/26,05:59:00,443230323937FF171E0D-5,5157600.00,1673400.00,1830000.00,1654200.00,376.62,,,
A,11/01/26,06:04:00,443230323937FF171E0D-5,5160600.00,1674000.00,1831200.00,1655400.00,376.62,,,
A,11/01/26,06:09:00,443230323937FF171E0D-5,5163600.00,1675200.00,1832400.00,1656000.00,376.62,,,
A,11/01/26,06:14:00,443230323937FF171E0D-5,5166600.00,1676400.00,1833000.00,1657200.00,376.62,,,
A,11/01/26,06:19:00,443230323937FF171E0D-5,5169600.00,1677000.00,1834200.00,1658400.00,376.62,,,
A,11/01/26,06:24:00,443230323937FF171E0D-5,5172600.00,1678200.00,1835400.00,1659000.00,376.62,,,
A,11/01/26,06:29:00,443230323937FF171E0D-5,5175600.00,1678800.00,1836600.00,1660200.00,376.62,,,
A,11/01/26,06:34:00,443230323937FF171E0D-5,5178000.00,1680000.00,1837200.00,1660800.00,376.62,,,
A,11/01/26,06:39:00,443230323937FF171E0D-5,5181000.00,1680600.00,1838400.00,1662000.00,376.62,,,
A,11/01/26,06:44:00,443230323937FF171E0D-5,5184000.00,1681800.00,1839600.00,1662600.00,376.62,,,
A,11/01/26,06:49:00,443230323937FF171E0D-5,5187600.00,1683000.00,1840800.00,1663800.00,376.62,,,
A,11/01/26,06:54:00,443230323937FF171E0D-5,5190000.00,1683600.00,1842000.00,1664400.00,376.62,,,
A,11/01/26,06:59:00,443230323937FF171E0D-5,5193000.00,1684800.00,1842600.00,1665600.00,376.62,,,
A,11/01/26,07:04:00,443230323937FF171E0D-5,5196000.00,1685400.00,1843800.00,1666800.00,376.62,,,
A,11/01/26,07:09:00,443230323937FF171E0D-5,5199000.00,1686600.00,1845000.00,1667400.00,376.62,,,
A,11/01/26,07:14:00,443230323937FF171E0D-5,5202600.00,1687800.00,1846200.00,1668600.00,376.62,,,
A,11/01/26,07:19:00,443230323937FF171E0D-5,5204400.00,1688400.00,1846800.00,1669200.00,376.62,,,
A,11/01/26,07:24:00,443230323937FF171E0D-5,5208000.00,1689600.00,1848000.00,1670400.00,376.62,,,
A,11/01/26,07:29:00,443230323937FF171E0D-5,5210400.00,1690200.00,1849200.00,1671000.00,376.62,,,
A,11/01/26,07:34:00,443230323937FF171E0D-5,5214000.00,1691400.00,1850400.00,1672200.00,376.62,,,
A,11/01/26,07:39:00,443230323937FF171E0D-5,5215800.00,1692000.00,1851000.00,1672800.00,376.62,,,
A,11/01/26,07:44:00,443230323937FF171E0D-5,5219400.00,1693200.00,1852200.00,1674000.00,376.62,,,
A,11/01/26,07:49:00,443230323937FF171E0D-5,5222400.00,1694400.00,1853400.00,1674600.00,376.62,,,
A,11/01/26,07:54:00,443230323937FF171E0D-5,5225400.00,1695000.00,1854600.00,1675800.00,376.62,,,
A,11/01/26,07:59:00,443230323937FF171E0D-5,5228400.00,1696200.00,1855200.00,1677000.00,376.62,,,
A,11/01/26,08:04:00,443230323937FF171E0D-5,5230800.00,1696800.00,1856400.00,1677600.00,376.62,,,
A,11/01/26,08:09:00,443230323937FF171E0D-5,5234400.00,1698000.00,1857600.00,1678800.00,376.62,,,
A,11/01/26,08:14:00,443230323937FF171E0D-5,5237400.00,1699200.00,1858800.00,1679400.00,376.62,,,
A,11/01/26,08:19:00,443230323937FF171E0D-5,5240400.00,1699800.00,1860000.00,1680600.00,376.62,,,
A,11/01/26,08:24:00,443230323937FF171E0D-5,5242800.00,1701000.00,1860600.00,1681200.00,376.62,,,
A,11/01/26,08:29:00,443230323937FF171E0D-5,5245800.00,1701600.00,1861800.00,1682400.00,376.62,,,
A,11/01/26,08:34:00,443230323937FF171E0D-5,5248800.00,1702800.00,1863000.00,1683000.00,376.62,,,
A,11/01/26,08:39:00,443230323937FF171E0D-5,5252400.00,1704000.00,1864200.00,1684200.00,376.62,,,
A,11/01/26,08:44:00,443230323937FF171E0D-5,5254200.00,1704600.00,1864800.00,1684800.00,376.62,,,
A,11/01/26,08:49:00,443230323937FF171E0D-5,5257800.00,1705800.00,1866000.00,1686000.00,376.62,,,
A,11/01/26,08:54:00,443230323937FF171E0D-5,5260800.00,1706400.00,1867200.00,1687200.00,376.62,,,
A,11/01/26,08:59:00,443230323937FF171E0D-5,5263800.00,1707600.00,1868400.00,1687800.00,376.62,,,
A,11/01/26,09:04:00,443230323937FF171E0D-5,5266800.00,1708800.00,1869000.00,1689000.00,376.62,,,
A,11/01/26,09:09:00,443230323937FF171E0D-5,5269200.00,1709400.00,1870200.00,1689600.00,376.62,,,
A,11/01/26,09:14:00,443230323937FF171E0D-5,5272800.00,1710600.00,1871400.00,1690800.00,376.62,,,
A,11/01/26,09:19:00,443230323937FF171E0D-5,5275200.00,1711200.00,1872600.00,1691400.00,376.62,,,
A,11/01/26,09:24:00,443230323937FF171E0D-5,5278200.00,1712400.00,1873200.00,1692600.00,376.62,,,
A,11/01/26,09:29:00,443230323937FF171E0D-5,5281200.00,1713600.00,1874400.00,1693200.00,376.62,,,
A,11/01/26,09:34:00,443230323937FF171E0D-5,5284200.00,1714200.00,1875600.00,1694400.00,376.62,,,
A,11/01/26,09:39:00,443230323937FF171E0D-5,5287200.00,1715400.00,1876800.00,1695000.00,376.62,,,
A,11/01/26,09:44:00,443230323937FF171E0D-5,5290200.00,1716000.00,1878000.00,1696200.00,376.62,,,
A,11/01/26,09:49:00,443230323937FF171E0D-5,5293200.00,1717200.00,1878600.00,1697400.00,376.62,,,
A,11/01/26,09:54:00,443230323937FF171E0D-5,5296200.00,1718400.00,1879800.00,1698000.00,376.62,,,
A,11/01/26,09:59:00,443230323937FF171E0D-5,5299200.00,1719000.00,1881000.00,1699200.00,376.62,,,
A,11/01/26,10:04:00,443230323937FF171E0D-5,5302200.00,1720200.00,1882200.00,1699800.00,376.62,,,
A,11/01/26,10:09:00,443230323937FF171E0D-5,5305200.00,1721400.00,1882800.00,1701000.00,376.62,,,
A,11/01/26,10:14:00,443230323937FF171E0D-5,5307600.00,1722000.00,1884000.00,1701600.00,376.62,,,
A,11/01/26,10:19:00,443230323937FF171E0D-5,5311200.00,1723200.00,1885200.00,1702800.00,376.62,,,
A,11/01/26,10:24:00,443230323937FF171E0D-5,5313600.00,1723800.00,1886400.00,1703400.00,376.62,,,
A,11/01/26,10:29:00,443230323937FF171E0D-5,5316600.00,1725000.00,1887000.00,1704600.00,376.62,,,
A,11/01/26,10:34:00,443230323937FF171E0D-5,5319600.00,1726200.00,1888200.00,1705200.00,376.62,,,
A,11/01/26,10:39:00,443230323937FF171E0D-5,5322600.00,1726800.00,1889400.00,1706400.00,376.62,,,
A,11/01/26,10:44:00,443230323937FF171E0D-5,5325600.00,1728000.00,1890600.00,1707000.00,376.62,,,
A,11/01/26,10:49:00,443230323937FF171E0D-5,5328000.00,1728600.00,1891200.00,1708200.00,376.62,,,
A,11/01/26,10:54:00,443230323937FF171E0D-5,5331600.00,1729800.00,1892400.00,1709400.00,376.62,,,
A,11/01/26,10:59:00,443230323937FF171E0D-5,5334600.00,1731000.00,1893600.00,1710000.00,376.62,,,
A,11/01/26,11:04:00,443230323937FF171E0D-5,5337600.00,1731600.00,1894800.00,1711200.00,376.62,,,
A,11/01/26,11:09:00,443230323937FF171E0D-5,5340600.00,1732800.00,1896000.00,1711800.00,376.62,,,
A,11/01/26,11:14:00,443230323937FF171E0D-5,5343000.00,1733400.00,1896600.00,1713000.00,376.62,,,
A,11/01/26,11:19:00,443230323937FF171E0D-5,5346000.00,1734600.00,1897800.00,1713600.00,376.62,,,
A,11/01/26,11:24:00,443230323937FF171E0D-5,5349600.00,1735800.00,1899000.00,1714800.00,376.62,,,
A,11/01/26,11:29:00,443230323937FF171E0D-5,5352000.00,1736400.00,1900200.00,1715400.00,376.62,,,
A,11/01/26,11:34:00,443230323937FF171E0D-5,5355000.00,1737600.00,1900800.00,1716600.00,376.62,,,
A,11/01/26,11:39:00,443230323937FF171E0D-5,5357400.00,1738200.00,1902000.00,1717200.00,376.62,,,
A,11/01/26,11:44:00,443230323937FF171E0D-5,5361000.00,1739400.00,1903200.00,1718400.00,376.62,,,
A,11/01/26,11:49:00,443230323937FF171E0D-5,5364000.00,1740600.00,1904400.00,1719000.00,376.62,,,
A,11/01/26,11:54:00,443230323937FF171E0D-5,5366400.00,1741200.00,1905000.00,1720200.00,376.62,,,
A,11/01/26,11:59:00,443230323937FF171E0D-5,5369400.00,1742400.00,1906200.00,1720800.00,376.62,,,
A,11/01/26,12:04:00,443230323937FF171E0D-5,5373000.00,1743600.00,1907400.00,1722000.00,376.62,,,
A,11/01/26,12:09:00,443230323937FF171E0D-5,5375400.00,1744200.00,1908600.00,1722600.00,376.62,,,
A,11/01/26,12:14:00,443230323937FF171E0D-5,5378400.00,1745400.00,1909200.00,1723800.00,376.62,,,
A,11/01/26,12:19:00,443230323937FF171E0D-5,5381400.00,1746000.00,1910400.00,1725000.00,376.62,,,
A,11/01/26,12:24:00,443230323937FF171E0D-5,5384400.00,1747200.00,1911600.00,1725600.00,376.62,,,
A,11/01/26,12:29:00,443230323937FF171E0D-5,5388000.00,1748400.00,1912800.00,1726800.00,376.62,,,
A,11/01/26,12:34:00,443230323937FF171E0D-5,5390400.00,1749000.00,1914000.00,1727400.00,376.62,,,
A,11/01/26,12:39:00,443230323937FF171E0D-5,5393400.00,1750200.00,1914600.00,1728600.00,376.62,,,
A,11/01/26,12:44:00,443230323937FF171E0D-5,5396400.00,1751400.00,1915800.00,1729200.00,376.62,,,
A,11/01/26,12:49:00,443230323937FF171E0D-5,5399400.00,1752000.00,1917000.00,1730400.00,376.62,,,
A,11/01/26,12:54:00,443230323937FF171E0D-5,5402400.00,1753200.00,1918200.00,1731000.00,376.62,,,
A,11/01/26,12:59:00,443230323937FF171E0D-5,5404800.00,1753800.00,1918800.00,1732200.00,376.62,,,
A,11/01/26,13:04:00,443230323937FF171E0D-5,5407800.00,1755000.00,1920000.00,1732800.00,376.62,,,
A,11/01/26,13:09:00,443230323937FF171E0D-5,5411400.00,1756200.00,1921200.00,1734000.00,376.62,,,
A,11/01/26,13:14:00,443230323937FF171E0D-5,5413800.00,1756800.00,1922400.00,1734600.00,376.62,,,
A,11/01/26,13:19:00,443230323937FF171E0D-5,5416800.00,1758000.00,1923000.00,1735800.00,376.62,,,
A,11/01/26,13:24:00,443230323937FF171E0D-5,5419200.00,1758600.00,1924200.00,1736400.00,376.62,,,
A,11/01/26,13:29:00,443230323937FF171E0D-5,5422800.00,1759800.00,1925400.00,1737600.00,376.62,,,
A,11/01/26,13:34:00,443230323937FF171E0D-5,5425800.00,1761000.00,1926600.00,1738200.00,376.62,,,
A,11/01/26,13:39:00,443230323937FF171E0D-5,5428200.00,1761600.00,1927200.00,1739400.00,376.62,,,
A,11/01/26,13:44:00,443230323937FF171E0D-5,5431800.00,1762800.00,1928400.00,1740600.00,376.62,,,
A,11/01/26,13:49:00,443230323937FF171E0D-5,5434800.00,1764000.00,1929600.00,1741200.00,376.62,,,
A,11/01/26,13:54:00,443230323937FF171E0D-5,5437800.00,1764600.00,1930800.00,1742400.00,376.62,,,
A,11/01/26,13:59:00,443230323937FF171E0D-5,5440200.00,1765800.00,1931400.00,1743000.00,376.62,,,
A,11/01/26,14:04:00,443230323937FF171E0D-5,5443200.00,1766400.00,1932600.00,1744200.00,376.62,,,
A,11/01/26,14:09:00,443230323937FF171E0D-5,5446200.00,1767600.00,1933800.00,1744800.00,376.62,,,
A,11/01/26,14:14:00,443230323937FF171E0D-5,5449800.00,1768800.00,1935000.00,1746000.00,376.62,,,
A,11/01/26,14:19:00,443230323937FF171E0D-5,5452200.00,1769400.00,1936200.00,1746600.00,376.62,,,
A,11/01/26,14:24:00,443230323937FF171E0D-5,5455200.00,1770600.00,1936800.00,1747800.00,376.62,,,
A,11/01/26,14:29:00,443230323937FF171E0D-5,5457600.00,1771200.00,1938000.00,1748400.00,376.62,,,
A,11/01/26,14:34:00,443230323937FF171E0D-5,5461200.00,1772400.00,1939200.00,1749600.00,376.62,,,
A,11/01/26,14:39:00,443230323937FF171E0D-5,5464200.00,1773600.00,1940400.00,1750200.00,376.62,,,
A,11/01/26,14:44:00,443230323937FF171E0D-5,5466600.00,1774200.00,1941000.00,1751400.00,376.62,,,
A,11/01/26,14:49:00,443230323937FF171E0D-5,5470200.00,1775400.00,1942200.00,1752600.00,376.62,,,
A,11/01/26,14:54:00,443230323937FF171E0D-5,5472600.00,1776000.00,1943400.00,1753200.00,376.62,,,
A,11/01/26,14:59:00,443230323937FF171E0D-5,5476200.00,1777200.00,1944600.00,1754400.00,376.62,,,
A,11/01/26,15:04:00,443230323937FF171E0D-5,5478000.00,1777800.00,1945200.00,1755000.00,376.62,,,
A,11/01/26,15:09:00,443230323937FF171E0D-5,5481600.00,1779000.00,1946400.00,1756200.00,376.62,,,
A,11/01/26,15:14:00,443230323937FF171E0D-5,5484600.00,1780200.00,1947600.00,1756800.00,376.62,,,
A,11/01/26,15:19:00,443230323937FF171E0D-5,5487600.00,1780800.00,1948800.00,1758000.00,376.62,,,
A,11/01/26,15:24:00,443230323937FF171E0D-5,5490000.00,1782000.00,1949400.00,1758600.00,376.62,,,
A,11/01/26,15:29:00,443230323937FF171E0D-5,5493000.00,1782600.00,1950600.00,1759800.00,376.62,,,
A,11/01/26,15:34:00,443230323937FF171E0D-5,5496000.00,1783800.00,1951800.00,1760400.00,376.62,,,
A,11/01/26,15:39:00,443230323937FF171E0D-5,5499600.00,1785000.00,1953000.00,1761600.00,376.62,,,
A,11/01/26,15:44:00,443230323937FF171E0D-5,5501400.00,1785600.00,1953600.00,1762200.00,376.62,,,
A,11/01/26,15:49:00,443230323937FF171E0D-5,5505000.00,1786800.00,1954800.00,1763400.00,376.62,,,
A,11/01/26,15:54:00,443230323937FF171E0D-5,5508000.00,1787400.00,1956000.00,1764600.00,376.62,,,
A,11/01/26,15:59:00,443230323937FF171E0D-5,5511000.00,1788600.00,1957200.00,1765200.00,376.62,,,
A,11/01/26,16:04:00,443230323937FF171E0D-5,5514000.00,1789800.00,1957800.00,1766400.00,376.62,,,
A,11/01/26,16:09:00,443230323937FF171E0D-5,5516400.00,1790400.00,1959000.00,1767000.00,376.62,,,
A,11/01/26,16:14:00,443230323937FF171E0D-5,5520000.00,1791600.00,1960200.00,1768200.00,376.62,,,
A,11/01/26,16:19:00,443230323937FF171E0D-5,5522400.00,1792200.00,1961400.00,1768800.00,376.62,,,
A,11/01/26,16:24:00,443230323937FF171E0D-5,5525400.00,1793400.00,1962000.00,1770000.00,376.62,,,
A,11/01/26,16:29:00,443230323937FF171E0D-5,5528400.00,1794600.00,1963200.00,1770600.00,376.62,,,
A,11/01/26,16:34:00,443230323937FF171E0D-5,5531400.00,1795200.00,1964400.00,1771800.00,376.62,,,
A,11/01/26,16:39:00,443230323937FF171E0D-5,5535000.00,1796400.00,1965600.00,1773000.00,376.62,,,
A,11/01/26,16:44:00,443230323937FF171E0D-5,5536800.00,1797000.00,1966200.00,1773600.00,376.62,,,
A,11/01/26,16:49:00,443230323937FF171E0D-5,5540400.00,1798200.00,1967400.00,1774800.00,376.62,,,
A,11/01/26,16:54:00,443230323937FF171E0D-5,5543400.00,1799400.00,1968600.00,1775400.00,376.62,,,
A,11/01/26,16:59:00,443230323937FF171E0D-5,5546400.00,1800000.00,1969800.00,1776600.00,376.62,,,
A,11/01/26,17:04:00,443230323937FF171E0D-5,5548800.00,1801200.00,1970400.00,1777200.00,376.62,,,
A,11/01/26,17:09:00,443230323937FF171E0D-5,5551800.00,1801800.00,1971600.00,1778400.00,376.62,,,
A,11/01/26,17:14:00,443230323937FF171E0D-5,5554800.00,1803000.00,1972800.00,1779000.00,376.62,,,
A,11/01/26,17:19:00,443230323937FF171E0D-5,5558400.00,1804200.00,1974000.00,1780200.00,376.62,,,
A,11/01/26,17:24:00,443230323937FF171E0D-5,5560800.00,1804800.00,1974600.00,1781400.00,376.62,,,
A,11/01/26,17:29:00,443230323937FF171E0D-5,5563800.00,1806000.00,1975800.00,1782000.00,376.62,,,
A,11/01/26,17:34:00,443230323937FF171E0D-5,5566800.00,1806600.00,1977000.00,1783200.00,376.62,,,
A,11/01/26,17:39:00,443230323937FF171E0D-5,5569800.00,1807800.00,1978200.00,1783800.00,376.62,,,
A,11/01/26,17:44:00,443230323937FF171E0D-5,5572200.00,1808400.00,1978800.00,1785000.00,376.62,,,
A,11/01/26,17:49:00,443230323937FF171E0D-5,5575200.00,1809600.00,1980000.00,1785600.00,376.62,,,
A,11/01/26,17:54:00,443230323937FF171E0D-5,5578800.00,1810800.00,1981200.00,1786800.00,376.62,,,
A,11/01/26,17:59:00,443230323937FF171E0D-5,5581200.00,1811400.00,1982400.00,1787400.00,376.62,,,
A,11/01/26,18:04:00,443230323937FF171E0D-5,5584200.00,1812600.00,1983000.00,1788600.00,376.62,,,
A,11/01/26,18:09:00,443230323937FF171E0D-5,5587200.00,1813200.00,1984200.00,1789800.00,376.62,,,
A,11/01/26,18:14:00,443230323937FF171E0D-5,5590200.00,1814400.00,1985400.00,1790400.00,376.62,,,
A,11/01/26,18:19:00,443230323937FF171E0D-5,5593800.00,1815600.00,1986600.00,1791600.00,376.62,,,
A,11/01/26,18:24:00,443230323937FF171E0D-5,5595600.00,1816200.00,1987200.00,1792200.00,376.62,,,
A,11/01/26,18:29:00,443230323937FF171E0D-5,5599200.00,1817400.00,1988400.00,1793400.00,376.62,,,
A,11/01/26,18:34:00,443230323937FF171E0D-5,5601600.00,1818000.00,1989600.00,1794000.00,376.62,,,
A,11/01/26,18:39:00,443230323937FF171E0D-5,5605200.00,1819200.00,1990800.00,1795200.00,376.62,,,
A,11/01/26,18:44:00,443230323937FF171E0D-5,5607600.00,1820400.00,1991400.00,1795800.00,376.62,,,
A,11/01/26,18:49:00,443230323937FF171E0D-5,5610600.00,1821000.00,1992600.00,1797000.00,376.62,,,
A,11/01/26,18:54:00,443230323937FF171E0D-5,5613600.00,1822200.00,1993800.00,1797600.00,376.62,,,
A,11/01/26,18:59:00,443230323937FF171E0D-5,5617200.00,1823400.00,1995000.00,1798800.00,376.62,,,
A,11/01/26,19:04:00,443230323937FF171E0D-5,5619600.00,1824000.00,1995600.00,1800000.00,376.62,,,
A,11/01/26,19:09:00,443230323937FF171E0D-5,5622600.00,1825200.00,1996800.00,1800600.00,376.62,,,
A,11/01/26,19:14:00,443230323937FF171E0D-5,5625600.00,1825800.00,1998000.00,1801800.00,376.62,,,
A,11/01/26,19:19:00,443230323937FF171E0D-5,5628600.00,1827000.00,1999200.00,1802400.00,376.62,,,
A,11/01/26,19:24:00,443230323937FF171E0D-5,5631600.00,1828200.00,1999800.00,1803600.00,376.62,,,
A,11/01/26,19:29:00,443230323937FF171E0D-5,5634000.00,1828800.00,2001000.00,1804200.00,376.62,,,
A,11/01/26,19:34:00,443230323937FF171E0D-5,5637600.00,1830000.00,2002200.00,1805400.00,376.62,,,
A,11/01/26,19:39:00,443230323937FF171E0D-5,5640600.00,1830600.00,2003400.00,1806600.00,376.62,,,
A,11/01/26,19:44:00,443230323937FF171E0D-5,5643000.00,1831800.00,2004000.00,1807200.00,376.62,,,
A,11/01/26,19:49:00,443230323937FF171E0D-5,5646600.00,1833000.00,2005200.00,1808400.00,376.62,,,
A,11/01/26,19:54:00,443230323937FF171E0D-5,5649000.00,1833600.00,2006400.00,1809000.00,376.62,,,
A,11/01/26,19:59:00,443230323937FF171E0D-5,5652600.00,1834800.00,2007600.00,1810200.00,376.62,,,
A,11/01/26,20:04:00,443230323937FF171E0D-5,5654400.00,1835400.00,2008200.00,1810800.00,376.62,,,
A,11/01/26,20:09:00,443230323937FF171E0D-5,5658000.00,1836600.00,2009400.00,1812000.00,376.62,,,
A,11/01/26,20:14:00,443230323937FF171E0D-5,5661000.00,1837800.00,2010600.00,1812600.00,376.62,,,
A,11/01/26,20:19:00,443230323937FF171E0D-5,5663400.00,1838400.00,2011200.00,1813800.00,376.62,,,
A,11/01/26,20:24:00,443230323937FF171E0D-5,5667000.00,1839600.00,2012400.00,1815000.00,376.62,,,
A,11/01/26,20:29:00,443230323937FF171E0D-5,5669400.00,1840200.00,2013600.00,1815600.00,376.62,,,
A,11/01/26,20:34:00,443230323937FF171E0D-5,5673000.00,1841400.00,2014800.00,1816800.00,376.62,,,
A,11/01/26,20:39:00,443230323937FF171E0D-5,5675400.00,1842600.00,2015400.00,1817400.00,376.62,,,
A,11/01/26,20:44:00,443230323937FF171E0D-5,5678400.00,1843200.00,2016600.00,1818600.00,376.62,,,
A,11/01/26,20:49:00,443230323937FF171E0D-5,5682000.00,1844400.00,2017800.00,1819800.00,376.62,,,
A,11/01/26,20:54:00,443230323937FF171E0D-5,5684400.00,1845000.00,2019000.00,1820400.00,376.62,,,
A,11/01/26,20:59:00,443230323937FF171E0D-5,5687400.00,1846200.00,2019600.00,1821600.00,376.62,,,
A,11/01/26,21:04:00,443230323937FF171E0D-5,5689800.00,1846800.00,2020800.00,1822200.00,376.62,,,
A,11/01/26,21:09:00,443230323937FF171E0D-5,5693400.00,1848000.00,2022000.00,1823400.00,376.62,,,
A,11/01/26,21:14:00,443230323937FF171E0D-5,5696400.00,1849200.00,2023200.00,1824000.00,376.62,,,
A,11/01/26,21:19:00,443230323937FF171E0D-5,5698800.00,1849800.00,2023800.00,1825200.00,376.62,,,
A,11/01/26,21:24:00,443230323937FF171E0D-5,5702400.00,1851000.00,2025000.00,1826400.00,376.62,,,
A,11/01/26,21:29:00,443230323937FF171E0D-5,5704800.00,1851600.00,2026200.00,1827000.00,376.62,,,
A,11/01/26,21:34:00,443230323937FF171E0D-5,5707800.00,1852800.00,2026800.00,1828200.00,376.62,,,
A,11/01/26,21:39:00,443230323937FF171E0D-5,5710800.00,1854000.00,2028000.00,1828800.00,376.62,,,
A,11/01/26,21:44:00,443230323937FF171E0D-5,5713800.00,1854600.00,2029200.00,1830000.00,376.62,,,
A,11/01/26,21:49:00,443230323937FF171E0D-5,5716800.00,1855800.00,2030400.00,1830600.00,376.62,,,
A,11/01/26,21:54:00,443230323937FF171E0D-5,5719200.00,1856400.00,2031000.00,1831800.00,376.62,,,
A,11/01/26,21:59:00,443230323937FF171E0D-5,5722800.00,1857600.00,2032200.00,1833000.00,376.62,,,
A,11/01/26,22:04:00,443230323937FF171E0D-5,5725200.00,1858200.00,2033400.00,1833600.00,376.62,,,
A,11/01/26,22:09:00,443230323937FF171E0D-5,5728800.00,1859400.00,2034600.00,1834800.00,376.62,,,
A,11/01/26,22:14:00,443230323937FF171E0D-5,5731200.00,1860600.00,2035200.00,1835400.00,376.62,,,
A,11/01/26,22:19:00,443230323937FF171E0D-5,5734200.00,1861200.00,2036400.00,1836600.00,376.62,,,
A,11/01/26,22:24:00,443230323937FF171E0D-5,5737800.00,1862400.00,2037600.00,1837800.00,376.62,,,
A,11/01/26,22:29:00,443230323937FF171E0D-5,5740200.00,1863000.00,2038800.00,1838400.00,376.62,,,
A,11/01/26,22:34:00,443230323937FF171E0D-5,5743200.00,1864200.00,2039400.00,1839600.00,376.62,,,
A,11/01/26,22:39:00,443230323937FF171E0D-5,5746200.00,1865400.00,2040600.00,1840200.00,376.62,,,
A,11/01/26,22:44:00,443230323937FF171E0D-5,5749200.00,1866000.00,2041800.00,1841400.00,376.62,,,
A,11/01/26,22:49:00,443230323937FF171E0D-5,5752200.00,1867200.00,2043000.00,1842000.00,376.62,,,
A,11/01/26,22:54:00,443230323937FF171E0D-5,5754600.00,1867800.00,2043600.00,1843200.00,376.62,,,
A,11/01/26,22:59:00,443230323937FF171E0D-5,5758200.00,1869000.00,2044800.00,1844400.00,376.62,,,
A,11/01/26,23:04:00,443230323937FF171E0D-5,5760600.00,1869600.00,2046000.00,1845000.00,376.62,,,
A,11/01/26,23:09:00,443230323937FF171E0D-5,5763600.00,1870800.00,2046600.00,1846200.00,376.62,,,
A,11/01/26,23:14:00,443230323937FF171E0D-5,5766600.00,1872000.00,2047800.00,1846800.00,376.62,,,
A,11/01/26,23:19:00,443230323937FF171E0D-5,5769600.00,1872600.00,2049000.00,1848000.00,376.62,,,
A,11/01/26,23:24:00,443230323937FF171E0D-5,5773200.00,1873800.00,2050200.00,1849200.00,376.62,,,
A,11/01/26,23:29:00,443230323937FF171E0D-5,5775000.00,1874400.00,2050800.00,1849800.00,376.62,,,
A,11/01/26,23:34:00,443230323937FF171E0D-5,5778600.00,1875600.00,2052000.00,1851000.00,376.62,,,
A,11/01/26,23:39:00,443230323937FF171E0D-5,5781000.00,1876200.00,2053200.00,1851600.00,376.62,,,
A,11/01/26,23:44:00,443230323937FF171E0D-5,5784600.00,1877400.00,2054400.00,1852800.00,376.62,,,
A,11/01/26,23:49:00,443230323937FF171E0D-5,5787600.00,1878000.00,2055600.00,1854000.00,376.62,,,
A,11/01/26,23:54:00,443230323937FF171E0D-5,5790000.00,1879200.00,2056200.00,1854600.00,376.62,,,
A,11/01/26,23:59:00,443230323937FF171E0D-5,5793600.00,1880400.00,2057400.00,1855800.00,376.62,,,
A,12/01/26,00:04:00,443230323937FF171E0D-5,5796000.00,1881000.00,2058600.00,1856400.00,376.62,,,
A,12/01/26,00:09:00,443230323937FF171E0D-5,5799600.00,1882200.00,2059800.00,1857600.00,376.62,,,
A,12/01/26,00:14:00,443230323937FF171E0D-5,5801400.00,1882800.00,2060400.00,1858200.00,376.62,,,
A,12/01/26,00:19:00,443230323937FF171E0D-5,5805000.00,1884000.00,2061600.00,1859400.00,376.62,,,
A,12/01/26,00:24:00,443230323937FF171E0D-5,5808000.00,1884600.00,2062800.00,1860600.00,376.62,,,
A,12/01/26,00:29:00,443230323937FF171E0D-5,5811000.00,1885800.00,2064000.00,1861200.00,376.62,,,
A,12/01/26,00:34:00,443230323937FF171E0D-5,5813400.00,1886400.00,2064600.00,1862400.00,376.62,,,
A,12/01/26,00:39:00,443230323937FF171E0D-5,5816400.00,1887600.00,2065800.00,1863000.00,376.62,,,
A,12/01/26,00:44:00,443230323937FF171E0D-5,5820000.00,1888800.00,2067000.00,1864200.00,376.62,,,
A,12/01/26,00:49:00,443230323937FF171E0D-5,5822400.00,1889400.00,2068200.00,1864800.00,376.62,,,
A,12/01/26,00:54:00,443230323937FF171E0D-5,5825400.00,1890600.00,2068800.00,1866000.00,376.62,,,
A,12/01/26,00:59:00,443230323937FF171E0D-5,5828400.00,1891200.00,2070000.00,1867200.00,376.62,,,
A,12/01/26,01:04:00,443230323937FF171E0D-5,5831400.00,1892400.00,2071200.00,1867800.00,376.62,,,
A,12/01/26,01:09:00,443230323937FF171E0D-5,5834400.00,1893000.00,2072400.00,1869000.00,376.62,,,
A,12/01/26,01:14:00,443230323937FF171E0D-5,5837400.00,1894200.00,2073600.00,1869600.00,376.62,,,
A,12/01/26,01:19:00,443230323937FF171E0D-5,5839800.00,1894800.00,2074200.00,1870800.00,376.62,,,
A,12/01/26,01:24:00,443230323937FF171E0D-5,5843400.00,1896000.00,2075400.00,1872000.00,376.62,,,
A,12/01/26,01:29:00,443230323937FF171E0D-5,5846400.00,1897200.00,2076600.00,1872600.00,376.62,,,
A,12/01/26,01:34:00,443230323937FF171E0D-5,5849400.00,1897800.00,2077800.00,1873800.00,376.62,,,
A,12/01/26,01:39:00,443230323937FF171E0D-5,5851800.00,1899000.00,2078400.00,1874400.00,376.62,,,
A,12/01/26,01:44:00,443230323937FF171E0D-5,5854800.00,1899600.00,2079600.00,1875600.00,376.62,,,
A,12/01/26,01:49:00,443230323937FF171E0D-5,5857800.00,1900800.00,2080800.00,1876200.00,376.62,,,
A,12/01/26,01:54:00,443230323937FF171E0D-5,5860800.00,1901400.00,2082000.00,1877400.00,376.62,,,
A,12/01/26,01:59:00,443230323937FF171E0D-5,5863800.00,1902600.00,2082600.00,1878600.00,376.62,,,
A,12/01/26,02:04:00,443230323937FF171E0D-5,5866200.00,1903200.00,2083800.00,1879200.00,376.62,,,
A,12/01/26,02:09:00,443230323937FF171E0D-5,5869800.00,1904400.00,2085000.00,1880400.00,376.62,,,
A,12/01/26,02:14:00,443230323937FF171E0D-5,5872200.00,1905000.00,2086200.00,1881000.00,376.62,,,
A,12/01/26,02:19:00,443230323937FF171E0D-5,5875200.00,1906200.00,2086800.00,1882200.00,376.62,,,
A,12/01/26,02:24:00,443230323937FF171E0D-5,5878200.00,1907400.00,2088000.00,1882800.00,376.62,,,
A,12/01/26,02:29:00,443230323937FF171E0D-5,5881200.00,1908000.00,2089200.00,1884000.00,376.62,,,
A,12/01/26,02:34:00,443230323937FF171E0D-5,5884800.00,1909200.00,2090400.00,1885200.00,376.62,,,
A,12/01/26,02:39:00,443230323937FF171E0D-5,5886600.00,1909800.00,2091000.00,1885800.00,376.62,,,
A,12/01/26,02:44:00,443230323937FF171E0D-5,5890200.00,1911000.00,2092200.00,1887000.00,376.62,,,
A,12/01/26,02:49:00,443230323937FF171E0D-5,5892600.00,1911600.00,2093400.00,1887600.00,376.62,,,
A,12/01/26,02:54:00,443230323937FF171E0D-5,5896200.00,1912800.00,2094600.00,1888800.00,376.62,,,
A,12/01/26,02:59:00,443230323937FF171E0D-5,5898600.00,1913400.00,2095200.00,1890000.00,376.62,,,
A,12/01/26,03:04:00,443230323937FF171E0D-5,5901600.00,1914600.00,2096400.00,1890600.00,376.62,,,
A,12/01/26,03:09:00,443230323937FF171E0D-5,5904000.00,1915200.00,2097000.00,1891800.00,376.62,,,
A,12/01/26,03:14:00,443230323937FF171E0D-5,5904000.00,1915200.00,2097000.00,1891800.00,376.62,,,
A,12/01/26,03:19:00,443230323937FF171E0D-5,5904000.00,1915200.00,2097000.00,1891800.00,376.62,,,
A,12/01/26,03:24:00,443230323937FF171E0D-5,5904000.00,1915200.00,2097000.00,1891800.00,376.62,,,
A,12/01/26,03:29:00,443230323937FF171E0D-5,5904000.00,1915200.00,2097000.00,1891800.00,376.62,,,
A,12/01/26,03:34:00,443230323937FF171E0D-5,5904000.00,1915200.00,2097000.00,1891800.00,376.62,,,
A,12/01/26,03:39:00,443230323937FF171E0D-5,5904000.00,1915200.00,2097000.00,1891800.00,376.62,,,
A,12/01/26,03:44:00,443230323937FF171E0D-5,5904000.00,1915200.00,2097000.00,1891800.00,376.62,,,
A,12/01/26,03:49:00,443230323937FF171E0D-5,5904000.00,1915200.00,2097000.00,1891800.00,376.62,,,
A,12/01/26,03:54:00,443230323937FF171E0D-5,5904000.00,1915200.00,2097000.00,1891800.00,376.62,,,
A,12/01/26,03:59:00,443230323937FF171E0D-5,5904000.00,1915200.00,2097000.00,1891800.00,376.62,,,
A,12/01/26,04:04:00,443230323937FF171E0D-5,5904000.00,1915200.00,2097000.00,1891800.00,376.62,,,
A,12/01/26,04:09:00,443230323937FF171E0D-5,5904000.00,1915200.00,2097000.00,1891800.00,376.62,,,
A,12/01/26,04:14:00,443230323937FF171E0D-5,5904000.00,1915200.00,2097000.00,1891800.00,376.62,,,
A,12/01/26,04:19:00,443230323937FF171E0D-5,5904000.00,1915200.00,2097000.00,1891800.00,376.62,,,
A,12/01/26,04:24:00,443230323937FF171E0D-5,5904000.00,1915200.00,2097000.00,1891800.00,376.62,,,
A,12/01/26,04:29:00,443230323937FF171E0D-5,5904000.00,1915200.00,2097000.00,1891800.00,376.62,,,
A,12/01/26,04:34:00,443230323937FF171E0D-5,5904000.00,1915200.00,2097000.00,1891800.00,376.62,,,
A,12/01/26,04:39:00,443230323937FF171E0D-5,5904000.00,1915200.00,2097000.00,1891800.00,376.62,,,
A,12/01/26,04:44:00,443230323937FF171E0D-5,5904000.00,1915200.00,2097000.00,1891800.00,376.62,,,
A,12/01/26,04:49:00,443230323937FF171E0D-5,5904000.00,1915200.00,2097000.00,1891800.00,376.62,,,
A,12/01/26,04:54:00,443230323937FF171E0D-5,5904000.00,1915200.00,2097000.00,1891800.00,376.62,,,
A,12/01/26,04:59:00,443230323937FF171E0D-5,5904000.00,1915200.00,2097000.00,1891800.00,376.62,,,
A,12/01/26,05:04:00,443230323937FF171E0D-5,5904000.00,1915200.00,2097000.00,1891800.00,376.62,,,
A,12/01/26,05:09:00,443230323937FF171E0D-5,5904000.00,1915200.00,2097000.00,1891800.00,376.62,,,
A,12/01/26,05:14:00,443230323937FF171E0D-5,5904000.00,1915200.00,2097000.00,1891800.00,376.62,,,
A,12/01/26,05:19:00,443230323937FF171E0D-5,5904000.00,1915200.00,2097000.00,1891800.00,376.62,,,
A,12/01/26,05:24:00,443230323937FF171E0D-5,5904000.00,1915200.00,2097000.00,1891800.00,376.62,,,
A,12/01/26,05:29:00,443230323937FF171E0D-5,5904000.00,1915200.00,2097000.00,1891800.00,376.62,,,
A,12/01/26,05:34:00,443230323937FF171E0D-5,5904000.00,1915200.00,2097000.00,1891800.00,376.62,,,
A,12/01/26,05:39:00,443230323937FF171E0D-5,5904000.00,1915200.00,2097000.00,1891800.00,376.62,,,
A,12/01/26,05:44:00,443230323937FF171E0D-5,5904000.00,1915200.00,2097000.00,1891800.00,376.62,,,
A,12/01/26,05:49:00,443230323937FF171E0D-5,5904000.00,1915200.00,2097000.00,1891800.00,376.62,,,
A,12/01/26,05:54:00,443230323937FF171E0D-5,5904000.00,1915200.00,2097000.00,1891800.00,376.62,,,
A,12/01/26,05:59:00,443230323937FF171E0D-5,5904000.00,1915200.00,2097000.00,1891800.00,376.62,,,
A,12/01/26,06:04:00,443230323937FF171E0D-5,5904000.00,1915200.00,2097000.00,1891800.00,376.62,,,
A,12/01/26,06:09:00,443230323937FF171E0D-5,5904000.00,1915200.00,2097000.00,1891800.00,376.62,,,
A,12/01/26,06:14:00,443230323937FF171E0D-5,5904000.00,1915200.00,2097000.00,1891800.00,376.62,,,
A,12/01/26,06:19:00,443230323937FF171E0D-5,5904000.00,1915200.00,2097000.00,1891800.00,376.62,,,
A,12/01/26,06:24:00,443230323937FF171E0D-5,5904000.00,1915200.00,2097000.00,1891800.00,376.62,,,
A,12/01/26,06:29:00,443230323937FF171E0D-5,5904000.00,1915200.00,2097000.00,1891800.00,376.62,,,
A,12/01/26,06:34:00,443230323937FF171E0D-5,5904000.00,1915200.00,2097000.00,1891800.00,376.62,,,
A,12/01/26,06:39:00,443230323937FF171E0D-5,5904000.00,1915200.00,2097000.00,1891800.00,376.62,,,
A,12/01/26,06:44:00,443230323937FF171E0D-5,5904000.00,1915200.00,2097000.00,1891800.00,376.62,,,
A,12/01/26,06:49:00,443230323937FF171E0D-5,5904000.00,1915200.00,2097000.00,1891800.00,376.62,,,
A,12/01/26,06:54:00,443230323937FF171E0D-5,5904000.00,1915200.00,2097000.00,1891800.00,376.62,,,
A,12/01/26,06:59:00,443230323937FF171E0D-5,5904000.00,1915200.00,2097000.00,1891800.00,376.62,,,
A,12/01/26,07:04:00,443230323937FF171E0D-5,5904000.00,1915200.00,2097000.00,1891800.00,376.62,,,
A,12/01/26,07:09:00,443230323937FF171E0D-5,5904000.00,1915200.00,2097000.00,1891800.00,376.62,,,
A,12/01/26,07:14:00,443230323937FF171E0D-5,5904000.00,1915200.00,2097000.00,1891800.00,376.62,,,
A,12/01/26,07:19:00,443230323937FF171E0D-5,5904000.00,1915200.00,2097000.00,1891800.00,376.62,,,
A,12/01/26,07:24:00,443230323937FF171E0D-5,5904000.00,1915200.00,2097000.00,1891800.00,376.62,,,
A,12/01/26,07:29:00,443230323937FF171E0D-5,5904000.00,1915200.00,2097000.00,1891800.00,376.62,,,
A,12/01/26,07:34:00,443230323937FF171E0D-5,5904000.00,1915200.00,2097000.00,1891800.00,376.62,,,
A,12/01/26,07:39:00,443230323937FF171E0D-5,5904000.00,1915200.00,2097000.00,1891800.00,376.62,,,
A,12/01/26,07:44:00,443230323937FF171E0D-5,5904000.00,1915200.00,2097000.00,1891800.00,376.62,,,
A,12/01/26,07:49:00,443230323937FF171E0D-5,5904000.00,1915200.00,2097000.00,1891800.00,376.62,,,
A,12/01/26,07:54:00,443230323937FF171E0D-5,5904000.00,1915200.00,2097000.00,1891800.00,376.62,,,
A,12/01/26,07:59:00,443230323937FF171E0D-5,5904000.00,1915200.00,2097000.00,1891800.00,376.62,,,
A,12/01/26,08:04:00,443230323937FF171E0D-5,5904000.00,1915200.00,2097000.00,1891800.00,376.62,,,
A,12/01/26,08:09:00,443230323937FF171E0D-5,5904000.00,1915200.00,2097000.00,1891800.00,376.62,,,
A,12/01/26,08:14:00,443230323937FF171E0D-5,5904000.00,1915200.00,2097000.00,1891800.00,376.62,,,
A,12/01/26,08:19:00,443230323937FF171E0D-5,5904000.00,1915200.00,2097000.00,1891800.00,376.62,,,
A,12/01/26,08:24:00,443230323937FF171E0D-5,5904000.00,1915200.00,2097000.00,1891800.00,376.62,,,
A,12/01/26,08:29:00,443230323937FF171E0D-5,5904000.00,1915200.00,2097000.00,1891800.00,376.62,,,
A,12/01/26,08:34:00,443230323937FF171E0D-5,5904000.00,1915200.00,2097000.00,1891800.00,376.62,,,
A,12/01/26,08:39:00,443230323937FF171E0D-5,5904000.00,1915200.00,2097000.00,1891800.00,376.62,,,
A,12/01/26,08:44:00,443230323937FF171E0D-5,5904000.00,1915200.00,2097000.00,1891800.00,376.62,,,
A,12/01/26,08:49:00,443230323937FF171E0D-5,5904000.00,1915200.00,2097000.00,1891800.00,376.62,,,
A,12/01/26,08:54:00,443230323937FF171E0D-5,5904000.00,1915200.00,2097000.00,1891800.00,376.62,,,
A,12/01/26,08:59:00,443230323937FF171E0D-5,5904000.00,1915200.00,2097000.00,1891800.00,376.62,,,
A,12/01/26,09:04:00,443230323937FF171E0D-5,5904000.00,1915200.00,2097000.00,1891800.00,376.62,,,
A,12/01/26,09:09:00,443230323937FF171E0D-5,5904000.00,1915200.00,2097000.00,1891800.00,376.62,,,
A,12/01/26,09:14:00,443230323937FF171E0D-5,5904000.00,1915200.00,2097000.00,1891800.00,376.62,,,
A,12/01/26,09:19:00,443230323937FF171E0D-5,5904000.00,1915200.00,2097000.00,1891800.00,376.62,,,
A,12/01/26,09:24:00,443230323937FF171E0D-5,5904000.00,1915200.00,2097000.00,1891800.00,376.62,,,
A,12/01/26,09:29:00,443230323937FF171E0D-5,5904000.00,1915200.00,2097000.00,1891800.00,376.62,,,
A,12/01/26,09:34:00,443230323937FF171E0D-5,5904000.00,1915200.00,2097000.00,1891800.00,376.62,,,
A,12/01/26,09:39:00,443230323937FF171E0D-5,5904000.00,1915200.00,2097000.00,1891800.00,376.62,,,
A,12/01/26,09:44:00,443230323937FF171E0D-5,5904000.00,1915200.00,2097000.00,1891800.00,376.62,,,
A,12/01/26,09:49:00,443230323937FF171E0D-5,5904000.00,1915200.00,2097000.00,1891800.00,376.62,,,
A,12/01/26,09:54:00,443230323937FF171E0D-5,5904000.00,1915200.00,2097000.00,1891800.00,376.62,,,
A,12/01/26,09:59:00,443230323937FF171E0D-5,5904000.00,1915200.00,2097000.00,1891800.00,376.62,,,
A,12/01/26,10:04:00,443230323937FF171E0D-5,5904000.00,1915200.00,2097000.00,1891800.00,376.62,,,
A,12/01/26,10:09:00,443230323937FF171E0D-5,5904000.00,1915200.00,2097000.00,1891800.00,376.62,,,
A,12/01/26,10:14:00,443230323937FF171E0D-5,5904000.00,1915200.00,2097000.00,1891800.00,376.62,,,
A,12/01/26,10:19:00,443230323937FF171E0D-5,5904000.00,1915200.00,2097000.00,1891800.00,376.62,,,
A,12/01/26,10:24:00,443230323937FF171E0D-5,5904000.00,1915200.00,2097000.00,1891800.00,376.62,,,
A,12/01/26,10:29:00,443230323937FF171E0D-5,5904000.00,1915200.00,2097000.00,1891800.00,376.62,,,
A,12/01/26,10:34:00,443230323937FF171E0D-5,5904000.00,1915200.00,2097000.00,1891800.00,376.62,,,
A,12/01/26,10:39:00,443230323937FF171E0D-5,5904000.00,1915200.00,2097000.00,1891800.00,376.62,,,
A,12/01/26,10:44:00,443230323937FF171E0D-5,5904000.00,1915200.00,2097000.00,1891800.00,376.62,,,
A,12/01/26,10:49:00,443230323937FF171E0D-5,5904000.00,1915200.00,2097000.00,1891800.00,376.62,,,
A,12/01/26,10:54:00,443230323937FF171E0D-5,5904000.00,1915200.00,2097000.00,1891800.00,376.62,,,
A,12/01/26,10:59:00,443230323937FF171E0D-5,5904000.00,1915200.00,2097000.00,1891800.00,376.62,,,
A,12/01/26,11:04:00,443230323937FF171E0D-5,5904000.00,1915200.00,2097000.00,1891800.00,376.62,,,
A,12/01/26,11:09:00,443230323937FF171E0D-5,5904000.00,1915200.00,2097000.00,1891800.00,376.62,,,
A,12/01/26,11:14:00,443230323937FF171E0D-5,5904000.00,1915200.00,2097000.00,1891800.00,376.62,,,
A,12/01/26,11:19:00,443230323937FF171E0D-5,5904000.00,1915200.00,2097000.00,1891800.00,376.62,,,
A,12/01/26,11:24:00,443230323937FF171E0D-5,5904000.00,1915200.00,2097000.00,1891800.00,376.62,,,
A,12/01/26,11:29:00,443230323937FF171E0D-5,5904000.00,1915200.00,2097000.00,1891800.00,376.62,,,
A,12/01/26,11:34:00,443230323937FF171E0D-5,5904000.00,1915200.00,2097000.00,1891800.00,376.62,,,
A,12/01/26,11:39:00,443230323937FF171E0D-5,5904000.00,1915200.00,2097000.00,1891800.00,376.62,,,
A,12/01/26,11:44:00,443230323937FF171E0D-5,5904000.00,1915200.00,2097000.00,1891800.00,376.62,,,
A,12/01/26,11:49:00,443230323937FF171E0D-5,5904000.00,1915200.00,2097000.00,1891800.00,376.62,,,
A,12/01/26,11:54:00,443230323937FF171E0D-5,5904000.00,1915200.00,2097000.00,1891800.00,376.62,,,
A,12/01/26,11:59:00,443230323937FF171E0D-5,5904000.00,1915200.00,2097000.00,1891800.00,376.62,,,
A,12/01/26,12:04:00,443230323937FF171E0D-5,5904000.00,1915200.00,2097000.00,1891800.00,376.62,,,
A,12/01/26,12:09:00,443230323937FF171E0D-5,5904000.00,1915200.00,2097000.00,1891800.00,376.62,,,
A,12/01/26,12:14:00,443230323937FF171E0D-5,5904000.00,1915200.00,2097000.00,1891800.00,376.62,,,
A,12/01/26,12:19:00,443230323937FF171E0D-5,5904000.00,1915200.00,2097000.00,1891800.00,376.62,,,
A,12/01/26,12:24:00,443230323937FF171E0D-5,5904000.00,1915200.00,2097000.00,1891800.00,376.62,,,
A,12/01/26,12:29:00,443230323937FF171E0D-5,5904000.00,1915200.00,2097000.00,1891800.00,376.62,,,
A,12/01/26,12:34:00,443230323937FF171E0D-5,5904000.00,1915200.00,2097000.00,1891800.00,376.62,,,
A,12/01/26,12:39:00,443230323937FF171E0D-5,5904000.00,1915200.00,2097000.00,1891800.00,376.62,,,
A,12/01/26,12:44:00,443230323937FF171E0D-5,5904000.00,1915200.00,2097000.00,1891800.00,376.62,,,
A,12/01/26,12:49:00,443230323937FF171E0D-5,5904000.00,1915200.00,2097000.00,1891800.00,376.62,,,
A,12/01/26,12:54:00,443230323937FF171E0D-5,5904000.00,1915200.00,2097000.00,1891800.00,376.62,,,
A,12/01/26,12:59:00,443230323937FF171E0D-5,5904000.00,1915200.00,2097000.00,1891800.00,376.62,,,
A,12/01/26,13:04:00,443230323937FF171E0D-5,5904000.00,1915200.00,2097000.00,1891800.00,376.62,,,
A,12/01/26,13:09:00,443230323937FF171E0D-5,5904000.00,1915200.00,2097000.00,1891800.00,376.62,,,
A,12/01/26,13:14:00,443230323937FF171E0D-5,5904000.00,1915200.00,2097000.00,1891800.00,376.62,,,
A,12/01/26,13:19:00,443230323937FF171E0D-5,5904000.00,1915200.00,2097000.00,1891800.00,376.62,,,
A,12/01/26,13:24:00,443230323937FF171E0D-5,5904000.00,1915200.00,2097000.00,1891800.00,376.62,,,
A,12/01/26,13:29:00,443230323937FF171E0D-5,5904000.00,1915200.00,2097000.00,1891800.00,376.62,,,
A,12/01/26,13:34:00,443230323937FF171E0D-5,5904000.00,1915200.00,2097000.00,1891800.00,376.62,,,
A,12/01/26,13:39:00,443230323937FF171E0D-5,5904000.00,1915200.00,2097000.00,1891800.00,376.62,,,
A,12/01/26,13:44:00,443230323937FF171E0D-5,5904000.00,1915200.00,2097000.00,1891800.00,376.62,,,
A,12/01/26,13:49:00,443230323937FF171E0D-5,5904000.00,1915200.00,2097000.00,1891800.00,376.62,,,
A,12/01/26,13:54:00,443230323937FF171E0D-5,5904000.00,1915200.00,2097000.00,1891800.00,376.62,,,
A,12/01/26,13:59:00,443230323937FF171E0D-5,5904000.00,1915200.00,2097000.00,1891800.00,376.62,,,
A,12/01/26,14:04:00,443230323937FF171E0D-5,5904000.00,1915200.00,2097000.00,1891800.00,376.62,,,
A,12/01/26,14:09:00,443230323937FF171E0D-5,5904000.00,1915200.00,2097000.00,1891800.00,376.62,,,
A,12/01/26,14:14:00,443230323937FF171E0D-5,5904000.00,1915200.00,2097000.00,1891800.00,376.62,,,
A,12/01/26,14:19:00,443230323937FF171E0D-5,5904000.00,1915200.00,2097000.00,1891800.00,376.62,,,
A,12/01/26,14:24:00,443230323937FF171E0D-5,5904000.00,1915200.00,2097000.00,1891800.00,376.62,,,
A,12/01/26,14:29:00,443230323937FF171E0D-5,5904000.00,1915200.00,2097000.00,1891800.00,376.62,,,
A,12/01/26,14:34:00,443230323937FF171E0D-5,5904000.00,1915200.00,2097000.00,1891800.00,376.62,,,
A,12/01/26,14:39:00,443230323937FF171E0D-5,5904000.00,1915200.00,2097000.00,1891800.00,376.62,,,
A,12/01/26,14:44:00,443230323937FF171E0D-5,5904000.00,1915200.00,2097000.00,1891800.00,376.62,,,
A,12/01/26,14:49:00,443230323937FF171E0D-5,5904000.00,1915200.00,2097000.00,1891800.00,376.62,,,
A,12/01/26,14:54:00,443230323937FF171E0D-5,5904000.00,1915200.00,2097000.00,1891800.00,376.62,,,
A,12/01/26,14:59:00,443230323937FF171E0D-5,5904000.00,1915200.00,2097000.00,1891800.00,376.62,,,
A,12/01/26,15:04:00,443230323937FF171E0D-5,5904000.00,1915200.00,2097000.00,1891800.00,376.62,,,
A,12/01/26,15:09:00,443230323937FF171E0D-5,5904000.00,1915200.00,2097000.00,1891800.00,376.62,,,
A,12/01/26,15:14:00,443230323937FF171E0D-5,5904000.00,1915200.00,2097000.00,1891800.00,376.62,,,
A,12/01/26,15:19:00,443230323937FF171E0D-5,5904000.00,1915200.00,2097000.00,1891800.00,376.62,,,
A,12/01/26,15:24:00,443230323937FF171E0D-5,5904000.00,1915200.00,2097000.00,1891800.00,376.62,,,
A,12/01/26,15:29:00,443230323937FF171E0D-5,5904000.00,1915200.00,2097000.00,1891800.00,376.62,,,
A,12/01/26,15:34:00,443230323937FF171E0D-5,5904000.00,1915200.00,2097000.00,1891800.00,376.62,,,
A,12/01/26,15:39:00,443230323937FF171E0D-5,5904000.00,1915200.00,2097000.00,1891800.00,376.62,,,
A,12/01/26,15:44:00,443230323937FF171E0D-5,5904000.00,1915200.00,2097000.00,1891800.00,376.62,,,
A,12/01/26,15:49:00,443230323937FF171E0D-5,5904000.00,1915200.00,2097000.00,1891800.00,376.62,,,
A,12/01/26,15:54:00,443230323937FF171E0D-5,5904000.00,1915200.00,2097000.00,1891800.00,376.62,,,
A,12/01/26,15:59:00,443230323937FF171E0D-5,5904000.00,1915200.00,2097000.00,1891800.00,376.62,,,
A,12/01/26,16:04:00,443230323937FF171E0D-5,5904000.00,1915200.00,2097000.00,1891800.00,376.62,,,
A,12/01/26,16:09:00,443230323937FF171E0D-5,5904000.00,1915200.00,2097000.00,1891800.00,376.62,,,
A,12/01/26,16:14:00,443230323937FF171E0D-5,5904000.00,1915200.00,2097000.00,1891800.00,376.62,,,
A,12/01/26,16:19:00,443230323937FF171E0D-5,5904000.00,1915200.00,2097000.00,1891800.00,376.62,,,
A,12/01/26,16:24:00,443230323937FF171E0D-5,5904000.00,1915200.00,2097000.00,1891800.00,376.62,,,
A,12/01/26,16:29:00,443230323937FF171E0D-5,5904000.00,1915200.00,2097000.00,1891800.00,376.62,,,
A,12/01/26,16:34:00,443230323937FF171E0D-5,5904000.00,1915200.00,2097000.00,1891800.00,376.62,,,
A,12/01/26,16:39:00,443230323937FF171E0D-5,5904000.00,1915200.00,2097000.00,1891800.00,376.62,,,
A,12/01/26,16:44:00,443230323937FF171E0D-5,5904000.00,1915200.00,2097000.00,1891800.00,376.62,,,
A,12/01/26,16:49:00,443230323937FF171E0D-5,5904000.00,1915200.00,2097000.00,1891800.00,376.62,,,
A,12/01/26,16:54:00,443230323937FF171E0D-5,5904000.00,1915200.00,2097000.00,1891800.00,376.62,,,
A,12/01/26,16:59:00,443230323937FF171E0D-5,5904000.00,1915200.00,2097000.00,1891800.00,376.62,,,
A,12/01/26,17:04:00,443230323937FF171E0D-5,5904000.00,1915200.00,2097000.00,1891800.00,376.62,,,
A,12/01/26,17:09:00,443230323937FF171E0D-5,5906400.00,1915800.00,2097600.00,1893000.00,376.62,,,
A,12/01/26,17:14:00,443230323937FF171E0D-5,5908800.00,1916400.00,2098800.00,1893600.00,376.62,,,
A,12/01/26,17:19:00,443230323937FF171E0D-5,5912400.00,1917600.00,2100000.00,1894800.00,376.62,,,
A,12/01/26,17:24:00,443230323937FF171E0D-5,5914800.00,1918800.00,2100600.00,1895400.00,376.62,,,
A,12/01/26,17:29:00,443230323937FF171E0D-5,5917800.00,1919400.00,2101800.00,1896600.00,376.62,,,
A,12/01/26,17:34:00,443230323937FF171E0D-5,5920800.00,1920600.00,2103000.00,1897200.00,376.62,,,
A,12/01/26,17:39:00,443230323937FF171E0D-5,5923800.00,1921200.00,2104200.00,1898400.00,376.62,,,
A,12/01/26,17:44:00,443230323937FF171E0D-5,5926200.00,1922400.00,2104800.00,1899000.00,376.62,,,
A,12/01/26,17:49:00,443230323937FF171E0D-5,5929800.00,1923600.00,2106000.00,1900200.00,376.62,,,
A,12/01/26,17:54:00,443230323937FF171E0D-5,5932800.00,1924200.00,2107200.00,1901400.00,376.62,,,
A,12/01/26,17:59:00,443230323937FF171E0D-5,5935800.00,1925400.00,2108400.00,1902000.00,376.62,,,
A,12/01/26,18:04:00,443230323937FF171E0D-5,5938800.00,1926600.00,2109000.00,1903200.00,376.62,,,
A,12/01/26,18:09:00,443230323937FF171E0D-5,5941200.00,1927200.00,2110200.00,1903800.00,376.62,,,
A,12/01/26,18:14:00,443230323937FF171E0D-5,5944800.00,1928400.00,2111400.00,1905000.00,376.62,,,
A,12/01/26,18:19:00,443230323937FF171E0D-5,5947200.00,1929000.00,2112600.00,1905600.00,376.62,,,
A,12/01/26,18:24:00,443230323937FF171E0D-5,5950200.00,1930200.00,2113200.00,1906800.00,376.62,,,
A,12/01/26,18:29:00,443230323937FF171E0D-5,5953200.00,1931400.00,2114400.00,1907400.00,376.62,,,
A,12/01/26,18:34:00,443230323937FF171E0D-5,5956200.00,1932000.00,2115600.00,1908600.00,376.62,,,
A,12/01/26,18:39:00,443230323937FF171E0D-5,5959800.00,1933200.00,2116800.00,1909800.00,376.62,,,
A,12/01/26,18:44:00,443230323937FF171E0D-5,5961600.00,1933800.00,2117400.00,1910400.00,376.62,,,
A,12/01/26,18:49:00,443230323937FF171E0D-5,5965200.00,1935000.00,2118600.00,1911600.00,376.62,,,
A,12/01/26,18:54:00,443230323937FF171E0D-5,5968200.00,1936200.00,2119800.00,1912200.00,376.62,,,
A,12/01/26,18:59:00,443230323937FF171E0D-5,5971200.00,1936800.00,2121000.00,1913400.00,376.62,,,
A,12/01/26,19:04:00,443230323937FF171E0D-5,5973600.00,1938000.00,2121600.00,1914000.00,376.62,,,
A,12/01/26,19:09:00,443230323937FF171E0D-5,5977200.00,1939200.00,2122800.00,1915200.00,376.62,,,
A,12/01/26,19:14:00,443230323937FF171E0D-5,5980200.00,1939800.00,2124000.00,1916400.00,376.62,,,
A,12/01/26,19:19:00,443230323937FF171E0D-5,5982600.00,1941000.00,2124600.00,1917000.00,376.62,,,
A,12/01/26,19:24:00,443230323937FF171E0D-5,5985600.00,1941600.00,2125800.00,1918200.00,376.62,,,
A,12/01/26,19:29:00,443230323937FF171E0D-5,5988600.00,1942800.00,2127000.00,1918800.00,376.62,,,
A,12/01/26,19:34:00,443230323937FF171E0D-5,5992200.00,1944000.00,2128200.00,1920000.00,376.62,,,
A,12/01/26,19:39:00,443230323937FF171E0D-5,5994000.00,1944600.00,2128800.00,1920600.00,376.62,,,
A,12/01/26,19:44:00,443230323937FF171E0D-5,5997600.00,1945800.00,2130000.00,1921800.00,376.62,,,
A,12/01/26,19:49:00,443230323937FF171E0D-5,6001200.00,1947000.00,2131200.00,1923000.00,376.62,,,
A,12/01/26,19:54:00,443230323937FF171E0D-5,6003600.00,1947600.00,2132400.00,1923600.00,376.62,,,
A,12/01/26,19:59:00,443230323937FF171E0D-5,6006600.00,1948800.00,2133000.00,1924800.00,376.62,,,
A,12/01/26,20:04:00,443230323937FF171E0D-5,6009000.00,1949400.00,2134200.00,1925400.00,376.62,,,
A,12/01/26,20:09:00,443230323937FF171E0D-5,6012600.00,1950600.00,2135400.00,1926600.00,376.62,,,
A,12/01/26,20:14:00,443230323937FF171E0D-5,6015000.00,1951800.00,2136000.00,1927200.00,376.62,,,
A,12/01/26,20:19:00,443230323937FF171E0D-5,6018000.00,1952400.00,2137200.00,1928400.00,376.62,,,
A,12/01/26,20:24:00,443230323937FF171E0D-5,6021600.00,1953600.00,2138400.00,1929600.00,376.62,,,
A,12/01/26,20:29:00,443230323937FF171E0D-5,6024600.00,1954800.00,2139600.00,1930200.00,376.62,,,
A,12/01/26,20:34:00,443230323937FF171E0D-5,6027000.00,1955400.00,2140200.00,1931400.00,376.62,,,
A,12/01/26,20:39:00,443230323937FF171E0D-5,6030000.00,1956600.00,2141400.00,1932000.00,376.62,,,
A,12/01/26,20:44:00,443230323937FF171E0D-5,6033600.00,1957800.00,2142600.00,1933200.00,376.62,,,
A,12/01/26,20:49:00,443230323937FF171E0D-5,6036000.00,1958400.00,2143800.00,1933800.00,376.62,,,
A,12/01/26,20:54:00,443230323937FF171E0D-5,6039000.00,1959600.00,2144400.00,1935000.00,376.62,,,
A,12/01/26,20:59:00,443230323937FF171E0D-5,6042000.00,1960200.00,2145600.00,1936200.00,376.62,,,
A,12/01/26,21:04:00,443230323937FF171E0D-5,6045000.00,1961400.00,2146800.00,1936800.00,376.62,,,
A,12/01/26,21:09:00,443230323937FF171E0D-5,6048600.00,1962600.00,2148000.00,1938000.00,376.62,,,
A,12/01/26,21:14:00,443230323937FF171E0D-5,6050400.00,1963200.00,2148600.00,1938600.00,376.62,,,
A,12/01/26,21:19:00,443230323937FF171E0D-5,6054000.00,1964400.00,2149800.00,1939800.00,376.62,,,
A,12/01/26,21:24:00,443230323937FF171E0D-5,6056400.00,1965000.00,2151000.00,1940400.00,376.62,,,
A,12/01/26,21:29:00,443230323937FF171E0D-5,6059400.00,1966200.00,2151600.00,1941600.00,376.62,,,
A,12/01/26,21:34:00,443230323937FF171E0D-5,6063000.00,1967400.00,2152800.00,1942800.00,376.62,,,
A,12/01/26,21:39:00,443230323937FF171E0D-5,6065400.00,1968000.00,2154000.00,1943400.00,376.62,,,
A,12/01/26,21:44:00,443230323937FF171E0D-5,6069000.00,1969200.00,2155200.00,1944600.00,376.62,,,
A,12/01/26,21:49:00,443230323937FF171E0D-5,6070800.00,1969800.00,2155800.00,1945200.00,376.62,,,
A,12/01/26,21:54:00,443230323937FF171E0D-5,6074400.00,1971000.00,2157000.00,1946400.00,376.62,,,
A,12/01/26,21:59:00,443230323937FF171E0D-5,6078000.00,1972200.00,2158200.00,1947600.00,376.62,,,
A,12/01/26,22:04:00,443230323937FF171E0D-5,6080400.00,1972800.00,2159400.00,1948200.00,376.62,,,
A,12/01/26,22:09:00,443230323937FF171E0D-5,6083400.00,1974000.00,2160000.00,1949400.00,376.62,,,
A,12/01/26,22:14:00,443230323937FF171E0D-5,6086400.00,1975200.00,2161200.00,1950000.00,376.62,,,
A,12/01/26,22:19:00,443230323937FF171E0D-5,6089400.00,1975800.00,2162400.00,1951200.00,376.62,,,
A,12/01/26,22:24:00,443230323937FF171E0D-5,6092400.00,1977000.00,2163600.00,1951800.00,376.62,,,
A,12/01/26,22:29:00,443230323937FF171E0D-5,6094800.00,1977600.00,2164200.00,1953000.00,376.62,,,
A,12/01/26,22:34:00,443230323937FF171E0D-5,6098400.00,1978800.00,2165400.00,1954200.00,376.62,,,
A,12/01/26,22:39:00,443230323937FF171E0D-5,6101400.00,1980000.00,2166600.00,1954800.00,376.62,,,
A,12/01/26,22:44:00,443230323937FF171E0D-5,6103800.00,1980600.00,2167200.00,1956000.00,376.62,,,
A,12/01/26,22:49:00,443230323937FF171E0D-5,6106800.00,1981800.00,2168400.00,1956600.00,376.62,,,
A,12/01/26,22:54:00,443230323937FF171E0D-5,6109800.00,1982400.00,2169600.00,1957800.00,376.62,,,
A,12/01/26,22:59:00,443230323937FF171E0D-5,6113400.00,1983600.00,2170800.00,1959000.00,376.62,,,
A,12/01/26,23:04:00,443230323937FF171E0D-5,6115800.00,1984800.00,2171400.00,1959600.00,376.62,,,
A,12/01/26,23:09:00,443230323937FF171E0D-5,6118800.00,1985400.00,2172600.00,1960800.00,376.62,,,
A,12/01/26,23:14:00,443230323937FF171E0D-5,6121800.00,1986600.00,2173800.00,1961400.00,376.62,,,
A,12/01/26,23:19:00,443230323937FF171E0D-5,6124800.00,1987200.00,2175000.00,1962600.00,376.62,,,
A,12/01/26,23:24:00,443230323937FF171E0D-5,6127200.00,1988400.00,2175600.00,1963200.00,376.62,,,
A,12/01/26,23:29:00,443230323937FF171E0D-5,6130800.00,1989600.00,2176800.00,1964400.00,376.62,,,
A,12/01/26,23:34:00,443230323937FF171E0D-5,6133800.00,1990200.00,2178000.00,1965600.00,376.62,,,
A,12/01/26,23:39:00,443230323937FF171E0D-5,6136800.00,1991400.00,2179200.00,1966200.00,376.62,,,
A,12/01/26,23:44:00,443230323937FF171E0D-5,6139200.00,1992000.00,2179800.00,1967400.00,376.62,,,
A,12/01/26,23:49:00,443230323937FF171E0D-5,6142200.00,1993200.00,2181000.00,1968000.00,376.62,,,
A,12/01/26,23:54:00,443230323937FF171E0D-5,6145800.00,1994400.00,2182200.00,1969200.00,376.62,,,
A,12/01/26,23:59:00,443230323937FF171E0D-5,6148200.00,1995000.00,2182800.00,1970400.00,376.62,,,
A,13/01/26,00:04:00,443230323937FF171E0D-5,6151200.00,1996200.00,2184000.00,1971000.00,376.62,,,
A,13/01/26,00:09:00,443230323937FF171E0D-5,6154200.00,1996800.00,2185200.00,1972200.00,376.62,,,
A,13/01/26,00:14:00,443230323937FF171E0D-5,6157200.00,1998000.00,2186400.00,1972800.00,376.62,,,
A,13/01/26,00:19:00,443230323937FF171E0D-5,6160200.00,1999200.00,2187000.00,1974000.00,376.62,,,
A,13/01/26,00:24:00,443230323937FF171E0D-5,6163200.00,1999800.00,2188200.00,1975200.00,376.62,,,
A,13/01/26,00:29:00,443230323937FF171E0D-5,6166200.00,2001000.00,2189400.00,1975800.00,376.62,,,
A,13/01/26,00:34:00,443230323937FF171E0D-5,6169200.00,2001600.00,2190600.00,1977000.00,376.62,,,
A,13/01/26,00:39:00,443230323937FF171E0D-5,6171600.00,2002800.00,2191200.00,1977600.00,376.62,,,
A,13/01/26,00:44:00,443230323937FF171E0D-5,6175200.00,2004000.00,2192400.00,1978800.00,376.62,,,
A,13/01/26,00:49:00,443230323937FF171E0D-5,6177600.00,2004600.00,2193600.00,1979400.00,376.62,,,
A,13/01/26,00:54:00,443230323937FF171E0D-5,6181200.00,2005800.00,2194800.00,1980600.00,376.62,,,
A,13/01/26,00:59:00,443230323937FF171E0D-5,6183600.00,2006400.00,2195400.00,1981800.00,376.62,,,
A,13/01/26,01:04:00,443230323937FF171E0D-5,6186600.00,2007600.00,2196600.00,1982400.00,376.62,,,
A,13/01/26,01:09:00,443230323937FF171E0D-5,6189600.00,2008200.00,2197800.00,1983600.00,376.62,,,
A,13/01/26,01:14:00,443230323937FF171E0D-5,6192600.00,2009400.00,2199000.00,1984200.00,376.62,,,
A,13/01/26,01:19:00,443230323937FF171E0D-5,6195600.00,2010600.00,2199600.00,1985400.00,376.62,,,
A,13/01/26,01:24:00,443230323937FF171E0D-5,6198600.00,2011200.00,2200800.00,1986600.00,376.62,,,
A,13/01/26,01:29:00,443230323937FF171E0D-5,6201600.00,2012400.00,2202000.00,1987200.00,376.62,,,
A,13/01/26,01:34:00,443230323937FF171E0D-5,6204600.00,2013000.00,2203200.00,1988400.00,376.62,,,
A,13/01/26,01:39:00,443230323937FF171E0D-5,6207000.00,2014200.00,2203800.00,1989000.00,376.62,,,
A,13/01/26,01:44:00,443230323937FF171E0D-5,6210600.00,2015400.00,2205000.00,1990200.00,376.62,,,
A,13/01/26,01:49:00,443230323937FF171E0D-5,6213000.00,2016000.00,2206200.00,1990800.00,376.62,,,
A,13/01/26,01:54:00,443230323937FF171E0D-5,6216600.00,2017200.00,2207400.00,1992000.00,376.62,,,
A,13/01/26,01:59:00,443230323937FF171E0D-5,6219600.00,2017800.00,2208600.00,1993200.00,376.62,,,
A,13/01/26,02:04:00,443230323937FF171E0D-5,6222000.00,2019000.00,2209200.00,1993800.00,376.62,,,
A,13/01/26,02:09:00,443230323937FF171E0D-5,6225000.00,2019600.00,2210400.00,1995000.00,376.62,,,
A,13/01/26,02:14:00,443230323937FF171E0D-5,6228000.00,2020800.00,2211600.00,1995600.00,376.62,,,
A,13/01/26,02:19:00,443230323937FF171E0D-5,6231600.00,2022000.00,2212800.00,1996800.00,376.62,,,
A,13/01/26,02:24:00,443230323937FF171E0D-5,6234000.00,2022600.00,2213400.00,1998000.00,376.62,,,
A,13/01/26,02:29:00,443230323937FF171E0D-5,6237000.00,2023800.00,2214600.00,1998600.00,376.62,,,
A,13/01/26,02:34:00,443230323937FF171E0D-5,6240000.00,2024400.00,2215800.00,1999800.00,376.62,,,
A,13/01/26,02:39:00,443230323937FF171E0D-5,6243000.00,2025600.00,2217000.00,2000400.00,376.62,,,
A,13/01/26,02:44:00,443230323937FF171E0D-5,6245400.00,2026200.00,2217600.00,2001600.00,376.62,,,
A,13/01/26,02:49:00,443230323937FF171E0D-5,6249000.00,2027400.00,2218800.00,2002800.00,376.62,,,
A,13/01/26,02:54:00,443230323937FF171E0D-5,6252000.00,2028600.00,2220000.00,2003400.00,376.62,,,
A,13/01/26,02:59:00,443230323937FF171E0D-5,6255000.00,2029200.00,2221200.00,2004600.00,376.62,,,
A,13/01/26,03:04:00,443230323937FF171E0D-5,6257400.00,2030400.00,2221800.00,2005200.00,376.62,,,
A,13/01/26,03:09:00,443230323937FF171E0D-5,6260400.00,2031000.00,2223000.00,2006400.00,376.62,,,
A,13/01/26,03:14:00,443230323937FF171E0D-5,6263400.00,2032200.00,2224200.00,2007000.00,376.62,,,
A,13/01/26,03:19:00,443230323937FF171E0D-5,6267000.00,2033400.00,2225400.00,2008200.00,376.62,,,
A,13/01/26,03:24:00,443230323937FF171E0D-5,6269400.00,2034000.00,2226000.00,2009400.00,376.62,,,
A,13/01/26,03:29:00,443230323937FF171E0D-5,6272400.00,2035200.00,2227200.00,2010000.00,376.62,,,
A,13/01/26,03:34:00,443230323937FF171E0D-5,6275400.00,2035800.00,2228400.00,2011200.00,376.62,,,
A,13/01/26,03:39:00,443230323937FF171E0D-5,6278400.00,2037000.00,2229600.00,2011800.00,376.62,,,
A,13/01/26,03:44:00,443230323937FF171E0D-5,6280800.00,2037600.00,2230200.00,2013000.00,376.62,,,
A,13/01/26,03:49:00,443230323937FF171E0D-5,6284400.00,2038800.00,2231400.00,2014200.00,376.62,,,
A,13/01/26,03:54:00,443230323937FF171E0D-5,6287400.00,2040000.00,2232600.00,2014800.00,376.62,,,
A,13/01/26,03:59:00,443230323937FF171E0D-5,6290400.00,2040600.00,2233800.00,2016000.00,376.62,,,
A,13/01/26,04:04:00,443230323937FF171E0D-5,6292800.00,2041800.00,2234400.00,2016600.00,376.62,,,
A,13/01/26,04:09:00,443230323937FF171E0D-5,6295800.00,2042400.00,2235600.00,2017800.00,376.62,,,
A,13/01/26,04:14:00,443230323937FF171E0D-5,6298800.00,2043600.00,2236800.00,2018400.00,376.62,,,
A,13/01/26,04:19:00,443230323937FF171E0D-5,6302400.00,2044800.00,2238000.00,2019600.00,376.62,,,
A,13/01/26,04:24:00,443230323937FF171E0D-5,6305400.00,2045400.00,2239200.00,2020800.00,376.62,,,
A,13/01/26,04:29:00,443230323937FF171E0D-5,6307800.00,2046600.00,2239800.00,2021400.00,376.62,,,
A,13/01/26,04:34:00,443230323937FF171E0D-5,6310800.00,2047200.00,2241000.00,2022600.00,376.62,,,
A,13/01/26,04:39:00,443230323937FF171E0D-5,6313800.00,2048400.00,2242200.00,2023200.00,376.62,,,
A,13/01/26,04:44:00,443230323937FF171E0D-5,6316800.00,2049000.00,2243400.00,2024400.00,376.62,,,
A,13/01/26,04:49:00,443230323937FF171E0D-5,6319800.00,2050200.00,2244000.00,2025600.00,376.62,,,
A,13/01/26,04:54:00,443230323937FF171E0D-5,6322800.00,2051400.00,2245200.00,2026200.00,376.62,,,
A,13/01/26,04:59:00,443230323937FF171E0D-5,6325800.00,2052000.00,2246400.00,2027400.00,376.62,,,
A,13/01/26,05:04:00,443230323937FF171E0D-5,6328800.00,2053200.00,2247600.00,2028000.00,376.62,,,
A,13/01/26,05:09:00,443230323937FF171E0D-5,6331200.00,2053800.00,2248200.00,2029200.00,376.62,,,
A,13/01/26,05:14:00,443230323937FF171E0D-5,6334800.00,2055000.00,2249400.00,2030400.00,376.62,,,
A,13/01/26,05:19:00,443230323937FF171E0D-5,6337200.00,2055600.00,2250600.00,2031000.00,376.62,,,
A,13/01/26,05:24:00,443230323937FF171E0D-5,6340800.00,2056800.00,2251800.00,2032200.00,376.62,,,
A,13/01/26,05:29:00,443230323937FF171E0D-5,6343200.00,2058000.00,2252400.00,2032800.00,376.62,,,
A,13/01/26,05:34:00,443230323937FF171E0D-5,6346200.00,2058600.00,2253600.00,2034000.00,376.62,,,
A,13/01/26,05:39:00,443230323937FF171E0D-5,6349200.00,2059800.00,2254800.00,2034600.00,376.62,,,
A,13/01/26,05:44:00,443230323937FF171E0D-5,6352200.00,2060400.00,2256000.00,2035800.00,376.62,,,
A,13/01/26,05:49:00,443230323937FF171E0D-5,6355200.00,2061600.00,2256600.00,2037000.00,376.62,,,
A,13/01/26,05:54:00,443230323937FF171E0D-5,6358200.00,2062800.00,2257800.00,2037600.00,376.62,,,
A,13/01/26,05:59:00,443230323937FF171E0D-5,6361200.00,2063400.00,2259000.00,2038800.00,376.62,,,
A,13/01/26,06:04:00,443230323937FF171E0D-5,6364200.00,2064600.00,2260200.00,2039400.00,376.62,,,
A,13/01/26,06:09:00,443230323937FF171E0D-5,6366600.00,2065200.00,2260800.00,2040600.00,376.62,,,
A,13/01/26,06:14:00,443230323937FF171E0D-5,6370200.00,2066400.00,2262000.00,2041800.00,376.62,,,
A,13/01/26,06:19:00,443230323937FF171E0D-5,6373200.00,2067600.00,2263200.00,2042400.00,376.62,,,
A,13/01/26,06:24:00,443230323937FF171E0D-5,6376200.00,2068200.00,2264400.00,2043600.00,376.62,,,
A,13/01/26,06:29:00,443230323937FF171E0D-5,6378600.00,2069400.00,2265000.00,2044200.00,376.62,,,
A,13/01/26,06:34:00,443230323937FF171E0D-5,6382200.00,2070600.00,2266200.00,2045400.00,376.62,,,
A,13/01/26,06:39:00,443230323937FF171E0D-5,6384600.00,2071200.00,2267400.00,2046000.00,376.62,,,
A,13/01/26,06:44:00,443230323937FF171E0D-5,6388200.00,2072400.00,2268600.00,2047200.00,376.62,,,
A,13/01/26,06:49:00,443230323937FF171E0D-5,6390000.00,2073000.00,2269200.00,2047800.00,376.62,,,
A,13/01/26,06:54:00,443230323937FF171E0D-5,6393600.00,2074200.00,2270400.00,2049000.00,376.62,,,
A,13/01/26,06:59:00,443230323937FF171E0D-5,6397200.00,2075400.00,2271600.00,2050200.00,376.62,,,
A,13/01/26,07:04:00,443230323937FF171E0D-5,6399600.00,2076000.00,2272800.00,2050800.00,376.62,,,
A,13/01/26,07:09:00,443230323937FF171E0D-5,6402600.00,2077200.00,2273400.00,2052000.00,376.62,,,
A,13/01/26,07:14:00,443230323937FF171E0D-5,6405600.00,2078400.00,2274600.00,2052600.00,376.62,,,
A,13/01/26,07:19:00,443230323937FF171E0D-5,6408600.00,2079000.00,2275800.00,2053800.00,376.62,,,
A,13/01/26,07:24:00,443230323937FF171E0D-5,6412200.00,2080200.00,2277000.00,2055000.00,376.62,,,
A,13/01/26,07:29:00,443230323937FF171E0D-5,6415200.00,2081400.00,2278200.00,2055600.00,376.62,,,
A,13/01/26,07:34:00,443230323937FF171E0D-5,6418800.00,2082600.00,2279400.00,2056800.00,376.62,,,
A,13/01/26,07:39:00,443230323937FF171E0D-5,6421800.00,2083200.00,2280600.00,2058000.00,376.62,,,
A,13/01/26,07:44:00,443230323937FF171E0D-5,6425400.00,2084400.00,2281800.00,2059200.00,376.62,,,
A,13/01/26,07:49:00,443230323937FF171E0D-5,6428400.00,2085600.00,2283000.00,2059800.00,376.62,,,
A,13/01/26,07:54:00,443230323937FF171E0D-5,6431400.00,2086800.00,2283600.00,2061000.00,376.62,,,
A,13/01/26,07:59:00,443230323937FF171E0D-5,6435000.00,2088000.00,2284800.00,2062200.00,376.62,,,
A,13/01/26,08:04:00,443230323937FF171E0D-5,6437400.00,2088600.00,2286000.00,2062800.00,376.62,,,
A,13/01/26,08:09:00,443230323937FF171E0D-5,6441000.00,2089800.00,2287200.00,2064000.00,376.62,,,
A,13/01/26,08:14:00,443230323937FF171E0D-5,6444600.00,2091000.00,2288400.00,2065200.00,376.62,,,
A,13/01/26,08:19:00,443230323937FF171E0D-5,6448200.00,2092200.00,2289600.00,2066400.00,376.62,,,
A,13/01/26,08:24:00,443230323937FF171E0D-5,6450600.00,2092800.00,2290800.00,2067000.00,376.62,,,
A,13/01/26,08:29:00,443230323937FF171E0D-5,6454200.00,2094000.00,2292000.00,2068200.00,376.62,,,
A,13/01/26,08:34:00,443230323937FF171E0D-5,6457800.00,2095200.00,2293200.00,2069400.00,376.62,,,
A,13/01/26,08:39:00,443230323937FF171E0D-5,6460800.00,2096400.00,2294400.00,2070000.00,376.62,,,
A,13/01/26,08:44:00,443230323937FF171E0D-5,6463800.00,2097600.00,2295000.00,2071200.00,376.62,,,
A,13/01/26,08:49:00,443230323937FF171E0D-5,6466800.00,2098200.00,2296200.00,2072400.00,376.62,,,
A,13/01/26,08:54:00,443230323937FF171E0D-5,6470400.00,2099400.00,2297400.00,2073600.00,376.62,,,
A,13/01/26,08:59:00,443230323937FF171E0D-5,6473400.00,2100600.00,2298600.00,2074200.00,376.62,,,
A,13/01/26,09:04:00,443230323937FF171E0D-5,6477000.00,2101800.00,2299800.00,2075400.00,376.62,,,
A,13/01/26,09:09:00,443230323937FF171E0D-5,6480600.00,2103000.00,2301000.00,2076600.00,376.62,,,
A,13/01/26,09:14:00,443230323937FF171E0D-5,6483000.00,2103600.00,2302200.00,2077200.00,376.62,,,
A,13/01/26,09:19:00,443230323937FF171E0D-5,6486600.00,2104800.00,2303400.00,2078400.00,376.62,,,
A,13/01/26,09:24:00,443230323937FF171E0D-5,6490200.00,2106000.00,2304600.00,2079600.00,376.62,,,
A,13/01/26,09:29:00,443230323937FF171E0D-5,6493200.00,2107200.00,2305800.00,2080200.00,376.62,,,
A,13/01/26,09:34:00,443230323937FF171E0D-5,6496200.00,2108400.00,2306400.00,2081400.00,376.62,,,
A,13/01/26,09:39:00,443230323937FF171E0D-5,6499200.00,2109000.00,2307600.00,2082600.00,376.62,,,
A,13/01/26,09:44:00,443230323937FF171E0D-5,6502800.00,2110200.00,2308800.00,2083800.00,376.62,,,
A,13/01/26,09:49:00,443230323937FF171E0D-5,6505800.00,2111400.00,2310000.00,2084400.00,376.62,,,
A,13/01/26,09:54:00,443230323937FF171E0D-5,6509400.00,2112600.00,2311200.00,2085600.00,376.62,,,
A,13/01/26,09:59:00,443230323937FF171E0D-5,6512400.00,2113200.00,2312400.00,2086800.00,376.62,,,
A,13/01/26,10:04:00,443230323937FF171E0D-5,6515400.00,2114400.00,2313600.00,2087400.00,376.62,,,
A,13/01/26,10:09:00,443230323937FF171E0D-5,6519000.00,2115600.00,2314800.00,2088600.00,376.62,,,
A,13/01/26,10:14:00,443230323937FF171E0D-5,6522600.00,2116800.00,2316000.00,2089800.00,376.62,,,
A,13/01/26,10:19:00,443230323937FF171E0D-5,6525600.00,2118000.00,2316600.00,2091000.00,376.62,,,
A,13/01/26,10:24:00,443230323937FF171E0D-5,6528000.00,2118600.00,2317800.00,2091600.00,376.62,,,
A,13/01/26,10:29:00,443230323937FF171E0D-5,6531600.00,2119800.00,2319000.00,2092800.00,376.62,,,
A,13/01/26,10:34:00,443230323937FF171E0D-5,6535200.00,2121000.00,2320200.00,2094000.00,376.62,,,
A,13/01/26,10:39:00,443230323937FF171E0D-5,6538200.00,2122200.00,2321400.00,2094600.00,376.62,,,
A,13/01/26,10:44:00,443230323937FF171E0D-5,6541800.00,2123400.00,2322600.00,2095800.00,376.62,,,
A,13/01/26,10:49:00,443230323937FF171E0D-5,6544800.00,2124000.00,2323800.00,2097000.00,376.62,,,
A,13/01/26,10:54:00,443230323937FF171E0D-5,6548400.00,2125200.00,2325000.00,2098200.00,376.62,,,
A,13/01/26,10:59:00,443230323937FF171E0D-5,6551400.00,2126400.00,2326200.00,2098800.00,376.62,,,
A,13/01/26,11:04:00,443230323937FF171E0D-5,6554400.00,2127600.00,2326800.00,2100000.00,376.62,,,
A,13/01/26,11:09:00,443230323937FF171E0D-5,6558000.00,2128800.00,2328000.00,2101200.00,376.62,,,
A,13/01/26,11:14:00,443230323937FF171E0D-5,6560400.00,2129400.00,2329200.00,2101800.00,376.62,,,
A,13/01/26,11:19:00,443230323937FF171E0D-5,6564000.00,2130600.00,2330400.00,2103000.00,376.62,,,
A,13/01/26,11:24:00,443230323937FF171E0D-5,6567600.00,2131800.00,2331600.00,2104200.00,376.62,,,
A,13/01/26,11:29:00,443230323937FF171E0D-5,6571200.00,2133000.00,2332800.00,2105400.00,376.62,,,
A,13/01/26,11:34:00,443230323937FF171E0D-5,6574200.00,2134200.00,2334000.00,2106000.00,376.62,,,
A,13/01/26,11:39:00,443230323937FF171E0D-5,6577200.00,2134800.00,2335200.00,2107200.00,376.62,,,
A,13/01/26,11:44:00,443230323937FF171E0D-5,6580200.00,2136000.00,2335800.00,2108400.00,376.62,,,
A,13/01/26,11:49:00,443230323937FF171E0D-5,6583200.00,2137200.00,2337000.00,2109000.00,376.62,,,
A,13/01/26,11:54:00,443230323937FF171E0D-5,6586800.00,2138400.00,2338200.00,2110200.00,376.62,,,
A,13/01/26,11:59:00,443230323937FF171E0D-5,6589800.00,2139000.00,2339400.00,2111400.00,376.62,,,
A,13/01/26,12:04:00,443230323937FF171E0D-5,6593400.00,2140200.00,2340600.00,2112600.00,376.62,,,
A,13/01/26,12:09:00,443230323937FF171E0D-5,6596400.00,2141400.00,2341800.00,2113200.00,376.62,,,
A,13/01/26,12:14:00,443230323937FF171E0D-5,6600000.00,2142600.00,2343000.00,2114400.00,376.62,,,
A,13/01/26,12:19:00,443230323937FF171E0D-5,6603600.00,2143800.00,2344200.00,2115600.00,376.62,,,
A,13/01/26,12:24:00,443230323937FF171E0D-5,6606600.00,2144400.00,2345400.00,2116800.00,376.62,,,
A,13/01/26,12:29:00,443230323937FF171E0D-5,6609600.00,2145600.00,2346600.00,2117400.00,376.62,,,
A,13/01/26,12:34:00,443230323937FF171E0D-5,6612600.00,2146800.00,2347200.00,2118600.00,376.62,,,
A,13/01/26,12:39:00,443230323937FF171E0D-5,6616200.00,2148000.00,2348400.00,2119800.00,376.62,,,
A,13/01/26,12:44:00,443230323937FF171E0D-5,6618600.00,2148600.00,2349600.00,2120400.00,376.62,,,
A,13/01/26,12:49:00,443230323937FF171E0D-5,6622200.00,2149800.00,2350800.00,2121600.00,376.62,,,
A,13/01/26,12:54:00,443230323937FF171E0D-5,6625800.00,2151000.00,2352000.00,2122800.00,376.62,,,
A,13/01/26,12:59:00,443230323937FF171E0D-5,6629400.00,2152200.00,2353200.00,2124000.00,376.62,,,
A,13/01/26,13:04:00,443230323937FF171E0D-5,6631800.00,2152800.00,2354400.00,2124600.00,376.62,,,
A,13/01/26,13:09:00,443230323937FF171E0D-5,6635400.00,2154000.00,2355600.00,2125800.00,376.62,,,
A,13/01/26,13:14:00,443230323937FF171E0D-5,6639000.00,2155200.00,2356800.00,2127000.00,376.62,,,
A,13/01/26,13:19:00,443230323937FF171E0D-5,6641400.00,2156400.00,2357400.00,2127600.00,376.62,,,
A,13/01/26,13:24:00,443230323937FF171E0D-5,6645000.00,2157600.00,2358600.00,2128800.00,376.62,,,
A,13/01/26,13:29:00,443230323937FF171E0D-5,6648000.00,2158200.00,2359800.00,2130000.00,376.62,,,
A,13/01/26,13:34:00,443230323937FF171E0D-5,6651600.00,2159400.00,2361000.00,2131200.00,376.62,,,
A,13/01/26,13:39:00,443230323937FF171E0D-5,6654600.00,2160600.00,2362200.00,2131800.00,376.62,,,
A,13/01/26,13:44:00,443230323937FF171E0D-5,6658200.00,2161800.00,2363400.00,2133000.00,376.62,,,
A,13/01/26,13:49:00,443230323937FF171E0D-5,6661800.00,2163000.00,2364600.00,2134200.00,376.62,,,
A,13/01/26,13:54:00,443230323937FF171E0D-5,6664200.00,2163600.00,2365800.00,2134800.00,376.62,,,
A,13/01/26,13:59:00,443230323937FF171E0D-5,6667800.00,2164800.00,2367000.00,2136000.00,376.62,,,
A,13/01/26,14:04:00,443230323937FF171E0D-5,6670800.00,2166000.00,2367600.00,2137200.00,376.62,,,
A,13/01/26,14:09:00,443230323937FF171E0D-5,6674400.00,2167200.00,2368800.00,2138400.00,376.62,,,
A,13/01/26,14:14:00,443230323937FF171E0D-5,6676800.00,2167800.00,2370000.00,2139000.00,376.62,,,
A,13/01/26,14:19:00,443230323937FF171E0D-5,6680400.00,2169000.00,2371200.00,2140200.00,376.62,,,
A,13/01/26,14:24:00,443230323937FF171E0D-5,6684000.00,2170200.00,2372400.00,2141400.00,376.62,,,
A,13/01/26,14:29:00,443230323937FF171E0D-5,6687600.00,2171400.00,2373600.00,2142600.00,376.62,,,
A,13/01/26,14:34:00,443230323937FF171E0D-5,6690600.00,2172600.00,2374800.00,2143200.00,376.62,,,
A,13/01/26,14:39:00,443230323937FF171E0D-5,6693600.00,2173200.00,2376000.00,2144400.00,376.62,,,
A,13/01/26,14:44:00,443230323937FF171E0D-5,6697200.00,2174400.00,2377200.00,2145600.00,376.62,,,
A,13/01/26,14:49:00,443230323937FF171E0D-5,6699600.00,2175600.00,2377800.00,2146200.00,376.62,,,
A,13/01/26,14:54:00,443230323937FF171E0D-5,6703200.00,2176800.00,2379000.00,2147400.00,376.62,,,
A,13/01/26,14:59:00,443230323937FF171E0D-5,6706800.00,2178000.00,2380200.00,2148600.00,376.62,,,
A,13/01/26,15:04:00,443230323937FF171E0D-5,6709800.00,2178600.00,2381400.00,2149800.00,376.62,,,
A,13/01/26,15:09:00,443230323937FF171E0D-5,6712800.00,2179800.00,2382600.00,2150400.00,376.62,,,
A,13/01/26,15:14:00,443230323937FF171E0D-5,6716400.00,2181000.00,2383800.00,2151600.00,376.62,,,
A,13/01/26,15:19:00,443230323937FF171E0D-5,6720000.00,2182200.00,2385000.00,2152800.00,376.62,,,
A,13/01/26,15:24:00,443230323937FF171E0D-5,6722400.00,2182800.00,2386200.00,2153400.00,376.62,,,
A,13/01/26,15:29:00,443230323937FF171E0D-5,6726000.00,2184000.00,2387400.00,2154600.00,376.62,,,
A,13/01/26,15:34:00,443230323937FF171E0D-5,6729000.00,2185200.00,2388000.00,2155800.00,376.62,,,
A,13/01/26,15:39:00,443230323937FF171E0D-5,6732600.00,2186400.00,2389200.00,2157000.00,376.62,,,
A,13/01/26,15:44:00,443230323937FF171E0D-5,6735600.00,2187600.00,2390400.00,2157600.00,376.62,,,
A,13/01/26,15:49:00,443230323937FF171E0D-5,6738600.00,2188200.00,2391600.00,2158800.00,376.62,,,
A,13/01/26,15:54:00,443230323937FF171E0D-5,6742200.00,2189400.00,2392800.00,2160000.00,376.62,,,
A,13/01/26,15:59:00,443230323937FF171E0D-5,6745200.00,2190600.00,2394000.00,2160600.00,376.62,,,
A,13/01/26,16:04:00,443230323937FF171E0D-5,6748800.00,2191800.00,2395200.00,2161800.00,376.62,,,
A,13/01/26,16:09:00,443230323937FF171E0D-5,6751800.00,2192400.00,2396400.00,2163000.00,376.62,,,
A,13/01/26,16:14:00,443230323937FF171E0D-5,6755400.00,2193600.00,2397600.00,2164200.00,376.62,,,
A,13/01/26,16:19:00,443230323937FF171E0D-5,6757800.00,2194800.00,2398200.00,2164800.00,376.62,,,
A,13/01/26,16:24:00,443230323937FF171E0D-5,6761400.00,2196000.00,2399400.00,2166000.00,376.62,,,
A,13/01/26,16:29:00,443230323937FF171E0D-5,6765000.00,2197200.00,2400600.00,2167200.00,376.62,,,
A,13/01/26,16:34:00,443230323937FF171E0D-5,6767400.00,2197800.00,2401800.00,2167800.00,376.62,,,
A,13/01/26,16:39:00,443230323937FF171E0D-5,6771000.00,2199000.00,2403000.00,2169000.00,376.62,,,
A,13/01/26,16:44:00,443230323937FF171E0D-5,6774600.00,2200200.00,2404200.00,2170200.00,376.62,,,
A,13/01/26,16:49:00,443230323937FF171E0D-5,6778200.00,2201400.00,2405400.00,2171400.00,376.62,,,
A,13/01/26,16:54:00,443230323937FF171E0D-5,6780600.00,2202000.00,2406600.00,2172000.00,376.62,,,
A,13/01/26,16:59:00,443230323937FF171E0D-5,6784200.00,2203200.00,2407800.00,2173200.00,376.62,,,
A,13/01/26,17:04:00,443230323937FF171E0D-5,6787800.00,2204400.00,2409000.00,2174400.00,376.62,,,
A,13/01/26,17:09:00,443230323937FF171E0D-5,6790200.00,2205600.00,2409600.00,2175000.00,376.62,,,
A,13/01/26,17:14:00,443230323937FF171E0D-5,6793800.00,2206800.00,2410800.00,2176200.00,376.62,,,
A,13/01/26,17:19:00,443230323937FF171E0D-5,6796800.00,2207400.00,2412000.00,2177400.00,376.62,,,
A,13/01/26,17:24:00,443230323937FF171E0D-5,6800400.00,2208600.00,2413200.00,2178600.00,376.62,,,
A,13/01/26,17:29:00,443230323937FF171E0D-5,6803400.00,2209800.00,2414400.00,2179200.00,376.62,,,
A,13/01/26,17:34:00,443230323937FF171E0D-5,6807000.00,2211000.00,2415600.00,2180400.00,376.62,,,
A,13/01/26,17:39:00,443230323937FF171E0D-5,6810000.00,2211600.00,2416800.00,2181600.00,376.62,,,
A,13/01/26,17:44:00,443230323937FF171E0D-5,6813000.00,2212800.00,2418000.00,2182200.00,376.62,,,
A,13/01/26,17:49:00,443230323937FF171E0D-5,6816600.00,2214000.00,2419200.00,2183400.00,376.62,,,
A,13/01/26,17:54:00,443230323937FF171E0D-5,6820200.00,2215200.00,2420400.00,2184600.00,376.62,,,
A,13/01/26,17:59:00,443230323937FF171E0D-5,6823200.00,2216400.00,2421000.00,2185800.00,376.62,,,
A,13/01/26,18:04:00,443230323937FF171E0D-5,6825600.00,2217000.00,2422200.00,2186400.00,376.62,,,
A,13/01/26,18:09:00,443230323937FF171E0D-5,6829200.00,2218200.00,2423400.00,2187600.00,376.62,,,
A,13/01/26,18:14:00,443230323937FF171E0D-5,6832800.00,2219400.00,2424600.00,2188800.00,376.62,,,
A,13/01/26,18:19:00,443230323937FF171E0D-5,6835800.00,2220600.00,2425800.00,2189400.00,376.62,,,
A,13/01/26,18:24:00,443230323937FF171E0D-5,6838800.00,2221200.00,2427000.00,2190600.00,376.62,,,
A,13/01/26,18:29:00,443230323937FF171E0D-5,6842400.00,2222400.00,2428200.00,2191800.00,376.62,,,
A,13/01/26,18:34:00,443230323937FF171E0D-5,6845400.00,2223600.00,2429400.00,2192400.00,376.62,,,
A,13/01/26,18:39:00,443230323937FF171E0D-5,6849000.00,2224800.00,2430600.00,2193600.00,376.62,,,
A,13/01/26,18:44:00,443230323937FF171E0D-5,6852600.00,2226000.00,2431800.00,2194800.00,376.62,,,
A,13/01/26,18:49:00,443230323937FF171E0D-5,6854400.00,2226600.00,2432400.00,2195400.00,376.62,,,
A,13/01/26,18:54:00,443230323937FF171E0D-5,6858000.00,2227800.00,2433600.00,2196600.00,376.62,,,
A,13/01/26,18:59:00,443230323937FF171E0D-5,6861600.00,2229000.00,2434800.00,2197800.00,376.62,,,
A,13/01/26,19:04:00,443230323937FF171E0D-5,6865200.00,2230200.00,2436000.00,2199000.00,376.62,,,
A,13/01/26,19:09:00,443230323937FF171E0D-5,6868200.00,2231400.00,2437200.00,2199600.00,376.62,,,
A,13/01/26,19:14:00,443230323937FF171E0D-5,6871200.00,2232000.00,2438400.00,2200800.00,376.62,,,
A,13/01/26,19:19:00,443230323937FF171E0D-5,6874800.00,2233200.00,2439600.00,2202000.00,376.62,,,
A,13/01/26,19:24:00,443230323937FF171E0D-5,6877800.00,2234400.00,2440800.00,2202600.00,376.62,,,
A,13/01/26,19:29:00,443230323937FF171E0D-5,6880800.00,2235600.00,2441400.00,2203800.00,376.62,,,
A,13/01/26,19:34:00,443230323937FF171E0D-5,6884400.00,2236800.00,2442600.00,2205000.00,376.62,,,
A,13/01/26,19:39:00,443230323937FF171E0D-5,6887400.00,2237400.00,2443800.00,2206200.00,376.62,,,
A,13/01/26,19:44:00,443230323937FF171E0D-5,6890400.00,2238600.00,2445000.00,2206800.00,376.62,,,
A,13/01/26,19:49:00,443230323937FF171E0D-5,6894000.00,2239800.00,2446200.00,2208000.00,376.62,,,
A,13/01/26,19:54:00,443230323937FF171E0D-5,6897600.00,2241000.00,2447400.00,2209200.00,376.62,,,
A,13/01/26,19:59:00,443230323937FF171E0D-5,6900600.00,2242200.00,2448600.00,2209800.00,376.62,,,
A,13/01/26,20:04:00,443230323937FF171E0D-5,6903600.00,2242800.00,2449800.00,2211000.00,376.62,,,
A,13/01/26,20:09:00,443230323937FF171E0D-5,6906600.00,2244000.00,2450400.00,2212200.00,376.62,,,
A,13/01/26,20:14:00,443230323937FF171E0D-5,6910200.00,2245200.00,2451600.00,2213400.00,376.62,,,
A,13/01/26,20:19:00,443230323937FF171E0D-5,6913200.00,2246400.00,2452800.00,2214000.00,376.62,,,
A,13/01/26,20:24:00,443230323937FF171E0D-5,6916800.00,2247600.00,2454000.00,2215200.00,376.62,,,
A,13/01/26,20:29:00,443230323937FF171E0D-5,6919800.00,2248200.00,2455200.00,2216400.00,376.62,,,
A,13/01/26,20:34:00,443230323937FF171E0D-5,6922800.00,2249400.00,2456400.00,2217000.00,376.62,,,
A,13/01/26,20:39:00,443230323937FF171E0D-5,6926400.00,2250600.00,2457600.00,2218200.00,376.62,,,
A,13/01/26,20:44:00,443230323937FF171E0D-5,6930000.00,2251800.00,2458800.00,2219400.00,376.62,,,
A,13/01/26,20:49:00,443230323937FF171E0D-5,6933000.00,2252400.00,2460000.00,2220600.00,376.62,,,
A,13/01/26,20:54:00,443230323937FF171E0D-5,6935400.00,2253600.00,2460600.00,2221200.00,376.62,,,
A,13/01/26,20:59:00,443230323937FF171E0D-5,6939000.00,2254800.00,2461800.00,2222400.00,376.62,,,
A,13/01/26,21:04:00,443230323937FF171E0D-5,6942600.00,2256000.00,2463000.00,2223600.00,376.62,,,
A,13/01/26,21:09:00,443230323937FF171E0D-5,6945600.00,2257200.00,2464200.00,2224200.00,376.62,,,
A,13/01/26,21:14:00,443230323937FF171E0D-5,6948600.00,2257800.00,2465400.00,2225400.00,376.62,,,
A,13/01/26,21:19:00,443230323937FF171E0D-5,6952200.00,2259000.00,2466600.00,2226600.00,376.62,,,
A,13/01/26,21:24:00,443230323937FF171E0D-5,6955800.00,2260200.00,2467800.00,2227800.00,376.62,,,
A,13/01/26,21:29:00,443230323937FF171E0D-5,6958800.00,2261400.00,2469000.00,2228400.00,376.62,,,
A,13/01/26,21:34:00,443230323937FF171E0D-5,6961800.00,2262000.00,2470200.00,2229600.00,376.62,,,
A,13/01/26,21:39:00,443230323937FF171E0D-5,6964800.00,2263200.00,2470800.00,2230800.00,376.62,,,
A,13/01/26,21:44:00,443230323937FF171E0D-5,6968400.00,2264400.00,2472000.00,2232000.00,376.62,,,
A,13/01/26,21:49:00,443230323937FF171E0D-5,6971400.00,2265600.00,2473200.00,2232600.00,376.62,,,
A,13/01/26,21:54:00,443230323937FF171E0D-5,6974400.00,2266200.00,2474400.00,2233800.00,376.62,,,
A,13/01/26,21:59:00,443230323937FF171E0D-5,6978000.00,2267400.00,2475600.00,2235000.00,376.62,,,
A,13/01/26,22:04:00,443230323937FF171E0D-5,6981600.00,2268600.00,2476800.00,2236200.00,376.62,,,
A,13/01/26,22:09:00,443230323937FF171E0D-5,6984600.00,2269800.00,2478000.00,2236800.00,376.62,,,
A,13/01/26,22:14:00,443230323937FF171E0D-5,6988200.00,2271000.00,2479200.00,2238000.00,376.62,,,
A,13/01/26,22:19:00,443230323937FF171E0D-5,6991200.00,2271600.00,2480400.00,2239200.00,376.62,,,
A,13/01/26,22:24:00,443230323937FF171E0D-5,6994200.00,2272800.00,2481000.00,2240400.00,376.62,,,
A,13/01/26,22:29:00,443230323937FF171E0D-5,6997200.00,2274000.00,2482200.00,2241000.00,376.62,,,
A,13/01/26,22:34:00,443230323937FF171E0D-5,7000800.00,2275200.00,2483400.00,2242200.00,376.62,,,
A,13/01/26,22:39:00,443230323937FF171E0D-5,7003800.00,2275800.00,2484600.00,2243400.00,376.62,,,
A,13/01/26,22:44:00,443230323937FF171E0D-5,7006800.00,2277000.00,2485800.00,2244000.00,376.62,,,
A,13/01/26,22:49:00,443230323937FF171E0D-5,7010400.00,2278200.00,2487000.00,2245200.00,376.62,,,
A,13/01/26,22:54:00,443230323937FF171E0D-5,7014000.00,2279400.00,2488200.00,2246400.00,376.62,,,
A,13/01/26,22:59:00,443230323937FF171E0D-5,7017000.00,2280000.00,2489400.00,2247600.00,376.62,,,
A,13/01/26,23:04:00,443230323937FF171E0D-5,7020000.00,2281200.00,2490600.00,2248200.00,376.62,,,
A,13/01/26,23:09:00,443230323937FF171E0D-5,7023000.00,2282400.00,2491200.00,2249400.00,376.62,,,
A,13/01/26,23:14:00,443230323937FF171E0D-5,7026600.00,2283600.00,2492400.00,2250600.00,376.62,,,
A,13/01/26,23:19:00,443230323937FF171E0D-5,7029600.00,2284200.00,2493600.00,2251800.00,376.62,,,
A,13/01/26,23:24:00,443230323937FF171E0D-5,7032600.00,2285400.00,2494800.00,2252400.00,376.62,,,
A,13/01/26,23:29:00,443230323937FF171E0D-5,7036200.00,2286600.00,2496000.00,2253600.00,376.62,,,
A,13/01/26,23:34:00,443230323937FF171E0D-5,7039800.00,2287800.00,2497200.00,2254800.00,376.62,,,
A,13/01/26,23:39:00,443230323937FF171E0D-5,7042800.00,2288400.00,2498400.00,2256000.00,376.62,,,
A,13/01/26,23:44:00,443230323937FF171E0D-5,7045800.00,2289600.00,2499600.00,2256600.00,376.62,,,
A,13/01/26,23:49:00,443230323937FF171E0D-5,7049400.00,2290800.00,2500800.00,2257800.00,376.62,,,
A,13/01/26,23:54:00,443230323937FF171E0D-5,7052400.00,2292000.00,2501400.00,2259000.00,376.62,,,
A,13/01/26,23:59:00,443230323937FF171E0D-5,7055400.00,2292600.00,2502600.00,2260200.00,376.62,,,
A,14/01/26,00:04:00,443230323937FF171E0D-5,7058400.00,2293800.00,2503800.00,2260800.00,376.62,,,
A,14/01/26,00:09:00,443230323937FF171E0D-5,7062000.00,2295000.00,2505000.00,2262000.00,376.62,,,
A,14/01/26,00:14:00,443230323937FF171E0D-5,7065600.00,2296200.00,2506200.00,2263200.00,376.62,,,
A,14/01/26,00:19:00,443230323937FF171E0D-5,7068600.00,2296800.00,2507400.00,2264400.00,376.62,,,
A,14/01/26,00:24:00,443230323937FF171E0D-5,7071600.00,2298000.00,2508600.00,2265000.00,376.62,,,
A,14/01/26,00:29:00,443230323937FF171E0D-5,7075200.00,2299200.00,2509800.00,2266200.00,376.62,,,
A,14/01/26,00:34:00,443230323937FF171E0D-5,7078800.00,2300400.00,2511000.00,2267400.00,376.62,,,
A,14/01/26,00:39:00,443230323937FF171E0D-5,7081200.00,2301000.00,2512200.00,2268000.00,376.62,,,
A,14/01/26,00:44:00,443230323937FF171E0D-5,7084200.00,2302200.00,2512800.00,2269200.00,376.62,,,
A,14/01/26,00:49:00,443230323937FF171E0D-5,7087800.00,2303400.00,2514000.00,2270400.00,376.62,,,
A,14/01/26,00:54:00,443230323937FF171E0D-5,7091400.00,2304600.00,2515200.00,2271600.00,376.62,,,
A,14/01/26,00:59:00,443230323937FF171E0D-5,7093800.00,2305200.00,2516400.00,2272200.00,376.62,,,
A,14/01/26,01:04:00,443230323937FF171E0D-5,7097400.00,2306400.00,2517600.00,2273400.00,376.62,,,
A,14/01/26,01:09:00,443230323937FF171E0D-5,7101000.00,2307600.00,2518800.00,2274600.00,376.62,,,
A,14/01/26,01:14:00,443230323937FF171E0D-5,7104600.00,2308800.00,2520000.00,2275800.00,376.62,,,
A,14/01/26,01:19:00,443230323937FF171E0D-5,7107000.00,2309400.00,2521200.00,2276400.00,376.62,,,
A,14/01/26,01:24:00,443230323937FF171E0D-5,7110600.00,2310600.00,2522400.00,2277600.00,376.62,,,
A,14/01/26,01:29:00,443230323937FF171E0D-5,7114200.00,2311800.00,2523600.00,2278800.00,376.62,,,
A,14/01/26,01:34:00,443230323937FF171E0D-5,7117200.00,2313000.00,2524200.00,2280000.00,376.62,,,
A,14/01/26,01:39:00,443230323937FF171E0D-5,7119600.00,2313600.00,2525400.00,2280600.00,376.62,,,
A,14/01/26,01:44:00,443230323937FF171E0D-5,7123200.00,2314800.00,2526600.00,2281800.00,376.62,,,
A,14/01/26,01:49:00,443230323937FF171E0D-5,7126800.00,2316000.00,2527800.00,2283000.00,376.62,,,
A,14/01/26,01:54:00,443230323937FF171E0D-5,7130400.00,2317200.00,2529000.00,2284200.00,376.62,,,
A,14/01/26,01:59:00,443230323937FF171E0D-5,7132800.00,2317800.00,2530200.00,2284800.00,376.62,,,
A,14/01/26,02:04:00,443230323937FF171E0D-5,7136400.00,2319000.00,2531400.00,2286000.00,376.62,,,
A,14/01/26,02:09:00,443230323937FF171E0D-5,7140000.00,2320200.00,2532600.00,2287200.00,376.62,,,
A,14/01/26,02:14:00,443230323937FF171E0D-5,7143000.00,2320800.00,2533800.00,2288400.00,376.62,,,
A,14/01/26,02:19:00,443230323937FF171E0D-5,7146000.00,2322000.00,2535000.00,2289000.00,376.62,,,
A,14/01/26,02:24:00,443230323937FF171E0D-5,7149600.00,2323200.00,2536200.00,2290200.00,376.62,,,
A,14/01/26,02:29:00,443230323937FF171E0D-5,7152600.00,2324400.00,2536800.00,2291400.00,376.62,,,
A,14/01/26,02:34:00,443230323937FF171E0D-5,7155600.00,2325000.00,2538000.00,2292600.00,376.62,,,
A,14/01/26,02:39:00,443230323937FF171E0D-5,7158600.00,2326200.00,2539200.00,2293200.00,376.62,,,
A,14/01/26,02:44:00,443230323937FF171E0D-5,7162200.00,2327400.00,2540400.00,2294400.00,376.62,,,
A,14/01/26,02:49:00,443230323937FF171E0D-5,7165800.00,2328600.00,2541600.00,2295600.00,376.62,,,
A,14/01/26,02:54:00,443230323937FF171E0D-5,7168200.00,2329200.00,2542800.00,2296200.00,376.62,,,
A,14/01/26,02:59:00,443230323937FF171E0D-5,7171800.00,2330400.00,2544000.00,2297400.00,376.62,,,
A,14/01/26,03:04:00,443230323937FF171E0D-5,7175400.00,2331600.00,2545200.00,2298600.00,376.62,,,
A,14/01/26,03:09:00,443230323937FF171E0D-5,7179000.00,2332800.00,2546400.00,2299800.00,376.62,,,
A,14/01/26,03:14:00,443230323937FF171E0D-5,7181400.00,2333400.00,2547600.00,2300400.00,376.62,,,
A,14/01/26,03:19:00,443230323937FF171E0D-5,7185000.00,2334600.00,2548800.00,2301600.00,376.62,,,
A,14/01/26,03:24:00,443230323937FF171E0D-5,7188000.00,2335800.00,2549400.00,2302800.00,376.62,,,
A,14/01/26,03:29:00,443230323937FF171E0D-5,7191000.00,2336400.00,2550600.00,2304000.00,376.62,,,
A,14/01/26,03:34:00,443230323937FF171E0D-5,7194000.00,2337600.00,2551800.00,2304600.00,376.62,,,
A,14/01/26,03:39:00,443230323937FF171E0D-5,7197600.00,2338800.00,2553000.00,2305800.00,376.62,,,
A,14/01/26,03:44:00,443230323937FF171E0D-5,7201200.00,2340000.00,2554200.00,2307000.00,376.62,,,
A,14/01/26,03:49:00,443230323937FF171E0D-5,7204200.00,2340600.00,2555400.00,2308200.00,376.62,,,
A,14/01/26,03:54:00,443230323937FF171E0D-5,7207200.00,2341800.00,2556600.00,2308800.00,376.62,,,
A,14/01/26,03:59:00,443230323937FF171E0D-5,7210800.00,2343000.00,2557800.00,2310000.00,376.62,,,
A,14/01/26,04:04:00,443230323937FF171E0D-5,7214400.00,2344200.00,2559000.00,2311200.00,376.62,,,
A,14/01/26,04:09:00,443230323937FF171E0D-5,7217400.00,2344800.00,2560200.00,2312400.00,376.62,,,
A,14/01/26,04:14:00,443230323937FF171E0D-5,7220400.00,2346000.00,2561400.00,2313000.00,376.62,,,
A,14/01/26,04:19:00,443230323937FF171E0D-5,7223400.00,2347200.00,2562000.00,2314200.00,376.62,,,
A,14/01/26,04:24:00,443230323937FF171E0D-5,7227000.00,2348400.00,2563200.00,2315400.00,376.62,,,
A,14/01/26,04:29:00,443230323937FF171E0D-5,7230000.00,2349000.00,2564400.00,2316600.00,376.62,,,
A,14/01/26,04:34:00,443230323937FF171E0D-5,7233000.00,2350200.00,2565600.00,2317200.00,376.62,,,
A,14/01/26,04:39:00,443230323937FF171E0D-5,7236600.00,2351400.00,2566800.00,2318400.00,376.62,,,
A,14/01/26,04:44:00,443230323937FF171E0D-5,7239600.00,2352000.00,2568000.00,2319600.00,376.62,,,
A,14/01/26,04:49:00,443230323937FF171E0D-5,7243200.00,2353200.00,2569200.00,2320800.00,376.62,,,
A,14/01/26,04:54:00,443230323937FF171E0D-5,7246200.00,2354400.00,2570400.00,2321400.00,376.62,,,
A,14/01/26,04:59:00,443230323937FF171E0D-5,7249800.00,2355600.00,2571600.00,2322600.00,376.62,,,
A,14/01/26,05:04:00,443230323937FF171E0D-5,7252800.00,2356200.00,2572800.00,2323800.00,376.62,,,
A,14/01/26,05:09:00,443230323937FF171E0D-5,7256400.00,2357400.00,2574000.00,2325000.00,376.62,,,
A,14/01/26,05:14:00,443230323937FF171E0D-5,7258800.00,2358600.00,2574600.00,2325600.00,376.62,,,
A,14/01/26,05:19:00,443230323937FF171E0D-5,7262400.00,2359800.00,2575800.00,2326800.00,376.62,,,
A,14/01/26,05:24:00,443230323937FF171E0D-5,7265400.00,2360400.00,2577000.00,2328000.00,376.62,,,
A,14/01/26,05:29:00,443230323937FF171E0D-5,7269000.00,2361600.00,2578200.00,2329200.00,376.62,,,
A,14/01/26,05:34:00,443230323937FF171E0D-5,7272000.00,2362800.00,2579400.00,2329800.00,376.62,,,
A,14/01/26,05:39:00,443230323937FF171E0D-5,7275600.00,2364000.00,2580600.00,2331000.00,376.62,,,
A,14/01/26,05:44:00,443230323937FF171E0D-5,7278600.00,2364600.00,2581800.00,2332200.00,376.62,,,
A,14/01/26,05:49:00,443230323937FF171E0D-5,7281600.00,2365800.00,2583000.00,2332800.00,376.62,,,
A,14/01/26,05:54:00,443230323937FF171E0D-5,7285200.00,2367000.00,2584200.00,2334000.00,376.62,,,
A,14/01/26,05:59:00,443230323937FF171E0D-5,7288800.00,2368200.00,2585400.00,2335200.00,376.62,,,
A,14/01/26,06:04:00,443230323937FF171E0D-5,7291800.00,2368800.00,2586600.00,2336400.00,376.62,,,
A,14/01/26,06:09:00,443230323937FF171E0D-5,7294200.00,2370000.00,2587200.00,2337000.00,376.62,,,
A,14/01/26,06:14:00,443230323937FF171E0D-5,7297800.00,2371200.00,2588400.00,2338200.00,376.62,,,
A,14/01/26,06:19:00,443230323937FF171E0D-5,7301400.00,2372400.00,2589600.00,2339400.00,376.62,,,
A,14/01/26,06:24:00,443230323937FF171E0D-5,7304400.00,2373600.00,2590800.00,2340000.00,376.62,,,
A,14/01/26,06:29:00,443230323937FF171E0D-5,7307400.00,2374200.00,2592000.00,2341200.00,376.62,,,
A,14/01/26,06:34:00,443230323937FF171E0D-5,7311000.00,2375400.00,2593200.00,2342400.00,376.62,,,
A,14/01/26,06:39:00,443230323937FF171E0D-5,7314600.00,2376600.00,2594400.00,2343600.00,376.62,,,
A,14/01/26,06:44:00,443230323937FF171E0D-5,7317600.00,2377800.00,2595600.00,2344200.00,376.62,,,
A,14/01/26,06:49:00,443230323937FF171E0D-5,7320600.00,2378400.00,2596800.00,2345400.00,376.62,,,
A,14/01/26,06:54:00,443230323937FF171E0D-5,7324200.00,2379600.00,2598000.00,2346600.00,376.62,,,
A,14/01/26,06:59:00,443230323937FF171E0D-5,7327200.00,2380800.00,2599200.00,2347200.00,376.62,,,
A,14/01/26,07:04:00,443230323937FF171E0D-5,7330800.00,2382000.00,2600400.00,2348400.00,376.62,,,
A,14/01/26,07:09:00,443230323937FF171E0D-5,7333800.00,2383200.00,2601000.00,2349600.00,376.62,,,
A,14/01/26,07:14:00,443230323937FF171E0D-5,7336200.00,2383800.00,2602200.00,2350200.00,376.62,,,
A,14/01/26,07:19:00,443230323937FF171E0D-5,7339800.00,2385000.00,2603400.00,2351400.00,376.62,,,
A,14/01/26,07:24:00,443230323937FF171E0D-5,7343400.00,2386200.00,2604600.00,2352600.00,376.62,,,
A,14/01/26,07:29:00,443230323937FF171E0D-5,7347000.00,2387400.00,2605800.00,2353800.00,376.62,,,
A,14/01/26,07:34:00,443230323937FF171E0D-5,7349400.00,2388000.00,2607000.00,2354400.00,376.62,,,
A,14/01/26,07:39:00,443230323937FF171E0D-5,7353000.00,2389200.00,2608200.00,2355600.00,376.62,,,
A,14/01/26,07:44:00,443230323937FF171E0D-5,7356600.00,2390400.00,2609400.00,2356800.00,376.62,,,
A,14/01/26,07:49:00,443230323937FF171E0D-5,7359600.00,2391600.00,2610600.00,2357400.00,376.62,,,
A,14/01/26,07:54:00,443230323937FF171E0D-5,7363200.00,2392800.00,2611800.00,2358600.00,376.62,,,
A,14/01/26,07:59:00,443230323937FF171E0D-5,7366200.00,2393400.00,2613000.00,2359800.00,376.62,,,
A,14/01/26,08:04:00,443230323937FF171E0D-5,7369200.00,2394600.00,2614200.00,2360400.00,376.62,,,
A,14/01/26,08:09:00,443230323937FF171E0D-5,7372200.00,2395800.00,2614800.00,2361600.00,376.62,,,
A,14/01/26,08:14:00,443230323937FF171E0D-5,7375800.00,2397000.00,2616000.00,2362800.00,376.62,,,
A,14/01/26,08:19:00,443230323937FF171E0D-5,7378800.00,2397600.00,2617200.00,2364000.00,376.62,,,
A,14/01/26,08:24:00,443230323937FF171E0D-5,7381800.00,2398800.00,2618400.00,2364600.00,376.62,,,
A,14/01/26,08:29:00,443230323937FF171E0D-5,7385400.00,2400000.00,2619600.00,2365800.00,376.62,,,
A,14/01/26,08:34:00,443230323937FF171E0D-5,7389000.00,2401200.00,2620800.00,2367000.00,376.62,,,
A,14/01/26,08:39:00,443230323937FF171E0D-5,7392000.00,2402400.00,2622000.00,2367600.00,376.62,,,
A,14/01/26,08:44:00,443230323937FF171E0D-5,7395000.00,2403000.00,2623200.00,2368800.00,376.62,,,
A,14/01/26,08:49:00,443230323937FF171E0D-5,7398600.00,2404200.00,2624400.00,2370000.00,376.62,,,
A,14/01/26,08:54:00,443230323937FF171E0D-5,7401600.00,2405400.00,2625600.00,2370600.00,376.62,,,
A,14/01/26,08:59:00,443230323937FF171E0D-5,7405200.00,2406600.00,2626800.00,2371800.00,376.62,,,
A,14/01/26,09:04:00,443230323937FF171E0D-5,7407600.00,2407200.00,2627400.00,2373000.00,376.62,,,
A,14/01/26,09:09:00,443230323937FF171E0D-5,7411200.00,2408400.00,2628600.00,2374200.00,376.62,,,
A,14/01/26,09:14:00,443230323937FF171E0D-5,7414200.00,2409600.00,2629800.00,2374800.00,376.62,,,
A,14/01/26,09:19:00,443230323937FF171E0D-5,7417800.00,2410800.00,2631000.00,2376000.00,376.62,,,
A,14/01/26,09:24:00,443230323937FF171E0D-5,7421400.00,2412000.00,2632200.00,2377200.00,376.62,,,
A,14/01/26,09:29:00,443230323937FF171E0D-5,7423800.00,2412600.00,2633400.00,2377800.00,376.62,,,
A,14/01/26,09:34:00,443230323937FF171E0D-5,7427400.00,2413800.00,2634600.00,2379000.00,376.62,,,
A,14/01/26,09:39:00,443230323937FF171E0D-5,7431000.00,2415000.00,2635800.00,2380200.00,376.62,,,
A,14/01/26,09:44:00,443230323937FF171E0D-5,7434000.00,2416200.00,2637000.00,2380800.00,376.62,,,
A,14/01/26,09:49:00,443230323937FF171E0D-5,7437600.00,2417400.00,2638200.00,2382000.00,376.62,,,
A,14/01/26,09:54:00,443230323937FF171E0D-5,7440000.00,2418000.00,2638800.00,2383200.00,376.62,,,
A,14/01/26,09:59:00,443230323937FF171E0D-5,7443600.00,2419200.00,2640000.00,2384400.00,376.62,,,
A,14/01/26,10:04:00,443230323937FF171E0D-5,7446600.00,2420400.00,2641200.00,2385000.00,376.62,,,
A,14/01/26,10:09:00,443230323937FF171E0D-5,7450200.00,2421600.00,2642400.00,2386200.00,376.62,,,
A,14/01/26,10:14:00,443230323937FF171E0D-5,7453800.00,2422800.00,2643600.00,2387400.00,376.62,,,
A,14/01/26,10:19:00,443230323937FF171E0D-5,7458000.00,2424000.00,2645400.00,2388600.00,376.62,,,
A,14/01/26,10:24:00,443230323937FF171E0D-5,7463400.00,2425800.00,2647200.00,2390400.00,376.62,,,
A,14/01/26,10:29:00,443230323937FF171E0D-5,7468800.00,2427600.00,2649000.00,2392200.00,376.62,,,
A,14/01/26,10:34:00,443230323937FF171E0D-5,7472400.00,2428800.00,2650200.00,2393400.00,376.62,,,
A,14/01/26,10:39:00,443230323937FF171E0D-5,7477800.00,2430600.00,2652000.00,2395200.00,376.62,,,
A,14/01/26,10:44:00,443230323937FF171E0D-5,7482000.00,2431800.00,2653800.00,2396400.00,376.62,,,
A,14/01/26,10:49:00,443230323937FF171E0D-5,7486800.00,2433600.00,2655000.00,2398200.00,376.62,,,
A,14/01/26,10:54:00,443230323937FF171E0D-5,7491000.00,2434800.00,2656800.00,2399400.00,376.62,,,
A,14/01/26,10:59:00,443230323937FF171E0D-5,7495800.00,2436600.00,2658600.00,2400600.00,376.62,,,
A,14/01/26,11:04:00,443230323937FF171E0D-5,7500000.00,2437800.00,2659800.00,2402400.00,376.62,,,
A,14/01/26,11:09:00,443230323937FF171E0D-5,7504800.00,2439600.00,2661600.00,2403600.00,376.62,,,
A,14/01/26,11:14:00,443230323937FF171E0D-5,7509600.00,2440800.00,2663400.00,2405400.00,376.62,,,
A,14/01/26,11:19:00,443230323937FF171E0D-5,7513800.00,2442600.00,2664600.00,2406600.00,376.62,,,
A,14/01/26,11:24:00,443230323937FF171E0D-5,7518000.00,2443800.00,2666400.00,2407800.00,376.62,,,
A,14/01/26,11:29:00,443230323937FF171E0D-5,7522800.00,2445600.00,2667600.00,2409600.00,376.62,,,
A,14/01/26,11:34:00,443230323937FF171E0D-5,7527000.00,2446800.00,2669400.00,2410800.00,376.62,,,
A,14/01/26,11:39:00,443230323937FF171E0D-5,7531200.00,2448000.00,2670600.00,2412600.00,376.62,,,
A,14/01/26,11:44:00,443230323937FF171E0D-5,7536000.00,2449800.00,2672400.00,2413800.00,376.62,,,
A,14/01/26,11:49:00,443230323937FF171E0D-5,7539600.00,2451000.00,2673600.00,2415000.00,376.62,,,
A,14/01/26,11:54:00,443230323937FF171E0D-5,7545000.00,2452800.00,2675400.00,2416800.00,376.62,,,
A,14/01/26,11:59:00,443230323937FF171E0D-5,7549200.00,2454000.00,2677200.00,2418000.00,376.62,,,
A,14/01/26,12:04:00,443230323937FF171E0D-5,7552800.00,2455200.00,2678400.00,2419200.00,376.62,,,
A,14/01/26,12:09:00,443230323937FF171E0D-5,7558200.00,2457000.00,2680200.00,2421000.00,376.62,,,
A,14/01/26,12:14:00,443230323937FF171E0D-5,7561800.00,2458200.00,2681400.00,2422200.00,376.62,,,
A,14/01/26,12:19:00,443230323937FF171E0D-5,7566600.00,2460000.00,2683200.00,2423400.00,376.62,,,
A,14/01/26,12:24:00,443230323937FF171E0D-5,7570800.00,2461200.00,2684400.00,2425200.00,376.62,,,
A,14/01/26,12:29:00,443230323937FF171E0D-5,7575600.00,2463000.00,2686200.00,2426400.00,376.62,,,
A,14/01/26,12:34:00,443230323937FF171E0D-5,7579200.00,2464200.00,2687400.00,2427600.00,376.62,,,
A,14/01/26,12:39:00,443230323937FF171E0D-5,7584000.00,2465400.00,2689200.00,2429400.00,376.62,,,
A,14/01/26,12:44:00,443230323937FF171E0D-5,7588800.00,2467200.00,2691000.00,2430600.00,376.62,,,
A,14/01/26,12:49:00,443230323937FF171E0D-5,7592400.00,2468400.00,2692200.00,2431800.00,376.62,,,
A,14/01/26,12:54:00,443230323937FF171E0D-5,7597800.00,2470200.00,2694000.00,2433600.00,376.62,,,
A,14/01/26,12:59:00,443230323937FF171E0D-5,7601400.00,2471400.00,2695200.00,2434800.00,376.62,,,
A,14/01/26,13:04:00,443230323937FF171E0D-5,7606200.00,2473200.00,2697000.00,2436000.00,376.62,,,
A,14/01/26,13:09:00,443230323937FF171E0D-5,7610400.00,2474400.00,2698200.00,2437800.00,376.62,,,
A,14/01/26,13:14:00,443230323937FF171E0D-5,7614600.00,2475600.00,2700000.00,2439000.00,376.62,,,
A,14/01/26,13:19:00,443230323937FF171E0D-5,7619400.00,2477400.00,2701800.00,2440200.00,376.62,,,
A,14/01/26,13:24:00,443230323937FF171E0D-5,7623600.00,2478600.00,2703000.00,2442000.00,376.62,,,
A,14/01/26,13:29:00,443230323937FF171E0D-5,7628400.00,2480400.00,2704800.00,2443200.00,376.62,,,
A,14/01/26,13:34:00,443230323937FF171E0D-5,7632000.00,2481600.00,2706000.00,2444400.00,376.62,,,
A,14/01/26,13:39:00,443230323937FF171E0D-5,7637400.00,2483400.00,2707800.00,2446200.00,376.62,,,
A,14/01/26,13:44:00,443230323937FF171E0D-5,7641000.00,2484600.00,2709000.00,2447400.00,376.62,,,
A,14/01/26,13:49:00,443230323937FF171E0D-5,7645200.00,2485800.00,2710800.00,2448600.00,376.62,,,
A,14/01/26,13:54:00,443230323937FF171E0D-5,7650000.00,2487600.00,2712000.00,2450400.00,376.62,,,
A,14/01/26,13:59:00,443230323937FF171E0D-5,7654200.00,2488800.00,2713800.00,2451600.00,376.62,,,
A,14/01/26,14:04:00,443230323937FF171E0D-5,7657800.00,2490000.00,2715000.00,2452800.00,376.62,,,
A,14/01/26,14:09:00,443230323937FF171E0D-5,7663200.00,2491800.00,2716800.00,2454600.00,376.62,,,
A,14/01/26,14:14:00,443230323937FF171E0D-5,7666800.00,2493000.00,2718000.00,2455800.00,376.62,,,
A,14/01/26,14:19:00,443230323937FF171E0D-5,7671000.00,2494200.00,2719800.00,2457000.00,376.62,,,
A,14/01/26,14:24:00,443230323937FF171E0D-5,7675200.00,2496000.00,2721000.00,2458200.00,376.62,,,
A,14/01/26,14:29:00,443230323937FF171E0D-5,7679400.00,2497200.00,2722800.00,2459400.00,376.62,,,
A,14/01/26,14:34:00,443230323937FF171E0D-5,7683600.00,2498400.00,2724000.00,2461200.00,376.62,,,
A,14/01/26,14:39:00,443230323937FF171E0D-5,7688400.00,2500200.00,2725800.00,2462400.00,376.62,,,
A,14/01/26,14:44:00,443230323937FF171E0D-5,7692000.00,2501400.00,2727000.00,2463600.00,376.62,,,
A,14/01/26,14:49:00,443230323937FF171E0D-5,7696200.00,2502600.00,2728800.00,2464800.00,376.62,,,
A,14/01/26,14:54:00,443230323937FF171E0D-5,7701000.00,2504400.00,2730000.00,2466600.00,376.62,,,
A,14/01/26,14:59:00,443230323937FF171E0D-5,7705200.00,2505600.00,2731800.00,2467800.00,376.62,,,
A,14/01/26,15:04:00,443230323937FF171E0D-5,7708800.00,2506800.00,2733000.00,2469000.00,376.62,,,
A,14/01/26,15:09:00,443230323937FF171E0D-5,7713600.00,2508600.00,2734800.00,2470200.00,376.62,,,
A,14/01/26,15:14:00,443230323937FF171E0D-5,7717800.00,2509800.00,2736000.00,2472000.00,376.62,,,
A,14/01/26,15:19:00,443230323937FF171E0D-5,7721400.00,2511000.00,2737200.00,2473200.00,376.62,,,
A,14/01/26,15:24:00,443230323937FF171E0D-5,7726200.00,2512800.00,2739000.00,2474400.00,376.62,,,
A,14/01/26,15:29:00,443230323937FF171E0D-5,7730400.00,2514000.00,2740200.00,2476200.00,376.62,,,
A,14/01/26,15:34:00,443230323937FF171E0D-5,7734600.00,2515200.00,2742000.00,2477400.00,376.62,,,
A,14/01/26,15:39:00,443230323937FF171E0D-5,7738800.00,2517000.00,2743200.00,2478600.00,376.62,,,
A,14/01/26,15:44:00,443230323937FF171E0D-5,7743000.00,2518200.00,2745000.00,2479800.00,376.62,,,
A,14/01/26,15:49:00,443230323937FF171E0D-5,7747200.00,2519400.00,2746200.00,2481600.00,376.62,,,
A,14/01/26,15:54:00,443230323937FF171E0D-5,7752000.00,2521200.00,2748000.00,2482800.00,376.62,,,
A,14/01/26,15:59:00,443230323937FF171E0D-5,7755600.00,2522400.00,2749200.00,2484000.00,376.62,,,
A,14/01/26,16:04:00,443230323937FF171E0D-5,7759800.00,2523600.00,2751000.00,2485200.00,376.62,,,
A,14/01/26,16:09:00,443230323937FF171E0D-5,7764000.00,2525400.00,2752200.00,2486400.00,376.62,,,
A,14/01/26,16:14:00,443230323937FF171E0D-5,7768800.00,2526600.00,2754000.00,2488200.00,376.62,,,
A,14/01/26,16:19:00,443230323937FF171E0D-5,7772400.00,2527800.00,2755200.00,2489400.00,376.62,,,
A,14/01/26,16:24:00,443230323937FF171E0D-5,7777200.00,2529600.00,2757000.00,2490600.00,376.62,,,
A,14/01/26,16:29:00,443230323937FF171E0D-5,7780800.00,2530800.00,2758200.00,2491800.00,376.62,,,
A,14/01/26,16:34:00,443230323937FF171E0D-5,7785000.00,2532000.00,2759400.00,2493600.00,376.62,,,
A,14/01/26,16:39:00,443230323937FF171E0D-5,7789800.00,2533800.00,2761200.00,2494800.00,376.62,,,
A,14/01/26,16:44:00,443230323937FF171E0D-5,7793400.00,2535000.00,2762400.00,2496000.00,376.62,,,
A,14/01/26,16:49:00,443230323937FF171E0D-5,7797600.00,2536200.00,2764200.00,2497200.00,376.62,,,
A,14/01/26,16:54:00,443230323937FF171E0D-5,7802400.00,2538000.00,2765400.00,2499000.00,376.62,,,
A,14/01/26,16:59:00,443230323937FF171E0D-5,7806600.00,2539200.00,2767200.00,2500200.00,376.62,,,
A,14/01/26,17:04:00,443230323937FF171E0D-5,7810200.00,2540400.00,2768400.00,2501400.00,376.62,,,
A,14/01/26,17:09:00,443230323937FF171E0D-5,7815000.00,2542200.00,2770200.00,2502600.00,376.62,,,
A,14/01/26,17:14:00,443230323937FF171E0D-5,7819200.00,2543400.00,2771400.00,2504400.00,376.62,,,
A,14/01/26,17:19:00,443230323937FF171E0D-5,7823400.00,2544600.00,2773200.00,2505600.00,376.62,,,
A,14/01/26,17:24:00,443230323937FF171E0D-5,7827600.00,2546400.00,2774400.00,2506800.00,376.62,,,
A,14/01/26,17:29:00,443230323937FF171E0D-5,7831200.00,2547600.00,2775600.00,2508000.00,376.62,,,
A,14/01/26,17:34:00,443230323937FF171E0D-5,7836000.00,2548800.00,2777400.00,2509800.00,376.62,,,
A,14/01/26,17:39:00,443230323937FF171E0D-5,7840200.00,2550600.00,2778600.00,2511000.00,376.62,,,
A,14/01/26,17:44:00,443230323937FF171E0D-5,7844400.00,2551800.00,2780400.00,2512200.00,376.62,,,
A,14/01/26,17:49:00,443230323937FF171E0D-5,7848000.00,2553000.00,2781600.00,2513400.00,376.62,,,
A,14/01/26,17:54:00,443230323937FF171E0D-5,7852800.00,2554800.00,2783400.00,2514600.00,376.62,,,
A,14/01/26,17:59:00,443230323937FF171E0D-5,7857000.00,2556000.00,2784600.00,2516400.00,376.62,,,
A,14/01/26,18:04:00,443230323937FF171E0D-5,7861200.00,2557200.00,2786400.00,2517600.00,376.62,,,
A,14/01/26,18:09:00,443230323937FF171E0D-5,7865400.00,2559000.00,2787600.00,2518800.00,376.62,,,
A,14/01/26,18:14:00,443230323937FF171E0D-5,7869600.00,2560200.00,2789400.00,2520000.00,376.62,,,
A,14/01/26,18:19:00,443230323937FF171E0D-5,7873800.00,2561400.00,2790600.00,2521800.00,376.62,,,
A,14/01/26,18:24:00,443230323937FF171E0D-5,7878600.00,2563200.00,2792400.00,2523000.00,376.62,,,
A,14/01/26,18:29:00,443230323937FF171E0D-5,7882200.00,2564400.00,2793600.00,2524200.00,376.62,,,
A,14/01/26,18:34:00,443230323937FF171E0D-5,7885800.00,2565600.00,2794800.00,2525400.00,376.62,,,
A,14/01/26,18:39:00,443230323937FF171E0D-5,7890000.00,2566800.00,2796600.00,2526600.00,376.62,,,
A,14/01/26,18:44:00,443230323937FF171E0D-5,7894800.00,2568600.00,2797800.00,2528400.00,376.62,,,
A,14/01/26,18:49:00,443230323937FF171E0D-5,7899000.00,2569800.00,2799600.00,2529600.00,376.62,,,
A,14/01/26,18:54:00,443230323937FF171E0D-5,7902600.00,2571000.00,2800800.00,2530800.00,376.62,,,
A,14/01/26,18:59:00,443230323937FF171E0D-5,7906800.00,2572800.00,2802000.00,2532000.00,376.62,,,
A,14/01/26,19:04:00,443230323937FF171E0D-5,7911600.00,2574000.00,2803800.00,2533800.00,376.62,,,
A,14/01/26,19:09:00,443230323937FF171E0D-5,7915200.00,2575200.00,2805000.00,2535000.00,376.62,,,
A,14/01/26,19:14:00,443230323937FF171E0D-5,7920000.00,2577000.00,2806800.00,2536200.00,376.62,,,
A,14/01/26,19:19:00,443230323937FF171E0D-5,7923600.00,2578200.00,2808000.00,2537400.00,376.62,,,
A,14/01/26,19:24:00,443230323937FF171E0D-5,7927200.00,2579400.00,2809200.00,2538600.00,376.62,,,
A,14/01/26,19:29:00,443230323937FF171E0D-5,7931400.00,2580600.00,2811000.00,2539800.00,376.62,,,
A,14/01/26,19:34:00,443230323937FF171E0D-5,7936200.00,2582400.00,2812200.00,2541600.00,376.62,,,
A,14/01/26,19:39:00,443230323937FF171E0D-5,7939800.00,2583600.00,2813400.00,2542800.00,376.62,,,
A,14/01/26,19:44:00,443230323937FF171E0D-5,7944000.00,2584800.00,2815200.00,2544000.00,376.62,,,
A,14/01/26,19:49:00,443230323937FF171E0D-5,7948200.00,2586600.00,2816400.00,2545200.00,376.62,,,
A,14/01/26,19:54:00,443230323937FF171E0D-5,7952400.00,2587800.00,2818200.00,2546400.00,376.62,,,
A,14/01/26,19:59:00,443230323937FF171E0D-5,7956600.00,2589000.00,2819400.00,2548200.00,376.62,,,
A,14/01/26,20:04:00,443230323937FF171E0D-5,7960800.00,2590800.00,2820600.00,2549400.00,376.62,,,
A,14/01/26,20:09:00,443230323937FF171E0D-5,7965000.00,2592000.00,2822400.00,2550600.00,376.62,,,
A,14/01/26,20:14:00,443230323937FF171E0D-5,7968600.00,2593200.00,2823600.00,2551800.00,376.62,,,
A,14/01/26,20:19:00,443230323937FF171E0D-5,7972800.00,2594400.00,2825400.00,2553000.00,376.62,,,
A,14/01/26,20:24:00,443230323937FF171E0D-5,7977600.00,2596200.00,2826600.00,2554800.00,376.62,,,
A,14/01/26,20:29:00,443230323937FF171E0D-5,7981200.00,2597400.00,2827800.00,2556000.00,376.62,,,
A,14/01/26,20:34:00,443230323937FF171E0D-5,7985400.00,2598600.00,2829600.00,2557200.00,376.62,,,
A,14/01/26,20:39:00,443230323937FF171E0D-5,7989600.00,2600400.00,2830800.00,2558400.00,376.62,,,
A,14/01/26,20:44:00,443230323937FF171E0D-5,7993200.00,2601600.00,2832000.00,2559600.00,376.62,,,
A,14/01/26,20:49:00,443230323937FF171E0D-5,7997400.00,2602800.00,2833800.00,2560800.00,376.62,,,
A,14/01/26,20:54:00,443230323937FF171E0D-5,8001600.00,2604000.00,2835000.00,2562600.00,376.62,,,
A,14/01/26,20:59:00,443230323937FF171E0D-5,8005800.00,2605800.00,2836200.00,2563800.00,376.62,,,
A,14/01/26,21:04:00,443230323937FF171E0D-5,8010000.00,2607000.00,2838000.00,2565000.00,376.62,,,
A,14/01/26,21:09:00,443230323937FF171E0D-5,8013600.00,2608200.00,2839200.00,2566200.00,376.62,,,
A,14/01/26,21:14:00,443230323937FF171E0D-5,8017800.00,2609400.00,2841000.00,2567400.00,376.62,,,
A,14/01/26,21:19:00,443230323937FF171E0D-5,8022600.00,2611200.00,2842200.00,2569200.00,376.62,,,
A,14/01/26,21:24:00,443230323937FF171E0D-5,8026200.00,2612400.00,2843400.00,2570400.00,376.62,,,
A,14/01/26,21:29:00,443230323937FF171E0D-5,8030400.00,2613600.00,2845200.00,2571600.00,376.62,,,
A,14/01/26,21:34:00,443230323937FF171E0D-5,8034000.00,2614800.00,2846400.00,2572800.00,376.62,,,
A,14/01/26,21:39:00,443230323937FF171E0D-5,8038800.00,2616600.00,2848200.00,2574000.00,376.62,,,
A,14/01/26,21:44:00,443230323937FF171E0D-5,8043000.00,2617800.00,2849400.00,2575800.00,376.62,,,
A,14/01/26,21:49:00,443230323937FF171E0D-5,8046600.00,2619000.00,2850600.00,2577000.00,376.62,,,
A,14/01/26,21:54:00,443230323937FF171E0D-5,8051400.00,2620800.00,2852400.00,2578200.00,376.62,,,
A,14/01/26,21:59:00,443230323937FF171E0D-5,8055000.00,2622000.00,2853600.00,2579400.00,376.62,,,
A,14/01/26,22:04:00,443230323937FF171E0D-5,8058600.00,2623200.00,2854800.00,2580600.00,376.62,,,
A,14/01/26,22:09:00,443230323937FF171E0D-5,8063400.00,2624400.00,2856600.00,2582400.00,376.62,,,
A,14/01/26,22:14:00,443230323937FF171E0D-5,8067600.00,2626200.00,2857800.00,2583600.00,376.62,,,
A,14/01/26,22:19:00,443230323937FF171E0D-5,8071800.00,2627400.00,2859600.00,2584800.00,376.62,,,
A,14/01/26,22:24:00,443230323937FF171E0D-5,8075400.00,2628600.00,2860800.00,2586000.00,376.62,,,
A,14/01/26,22:29:00,443230323937FF171E0D-5,8079000.00,2629800.00,2862000.00,2587200.00,376.62,,,
A,14/01/26,22:34:00,443230323937FF171E0D-5,8084400.00,2631600.00,2863800.00,2589000.00,376.62,,,
A,14/01/26,22:39:00,443230323937FF171E0D-5,8088000.00,2632800.00,2865000.00,2590200.00,376.62,,,
A,14/01/26,22:44:00,443230323937FF171E0D-5,8091600.00,2634000.00,2866200.00,2591400.00,376.62,,,
A,14/01/26,22:49:00,443230323937FF171E0D-5,8095800.00,2635200.00,2868000.00,2592600.00,376.62,,,
A,14/01/26,22:54:00,443230323937FF171E0D-5,8100000.00,2637000.00,2869200.00,2593800.00,376.62,,,
A,14/01/26,22:59:00,443230323937FF171E0D-5,8104800.00,2638200.00,2871000.00,2595600.00,376.62,,,
A,14/01/26,23:04:00,443230323937FF171E0D-5,8108400.00,2639400.00,2872200.00,2596800.00,376.62,,,
A,14/01/26,23:09:00,443230323937FF171E0D-5,8112000.00,2640600.00,2873400.00,2598000.00,376.62,,,
A,14/01/26,23:14:00,443230323937FF171E0D-5,8116800.00,2642400.00,2875200.00,2599200.00,376.62,,,
A,14/01/26,23:19:00,443230323937FF171E0D-5,8120400.00,2643600.00,2876400.00,2600400.00,376.62,,,
A,14/01/26,23:24:00,443230323937FF171E0D-5,8125200.00,2644800.00,2878200.00,2602200.00,376.62,,,
A,14/01/26,23:29:00,443230323937FF171E0D-5,8128800.00,2646000.00,2879400.00,2603400.00,376.62,,,
A,14/01/26,23:34:00,443230323937FF171E0D-5,8132400.00,2647200.00,2880600.00,2604600.00,376.62,,,
A,14/01/26,23:39:00,443230323937FF171E0D-5,8137200.00,2649000.00,2882400.00,2605800.00,376.62,,,
A,14/01/26,23:44:00,443230323937FF171E0D-5,8140800.00,2650200.00,2883600.00,2607000.00,376.62,,,
A,14/01/26,23:49:00,443230323937FF171E0D-5,8145000.00,2651400.00,2884800.00,2608800.00,376.62,,,
A,14/01/26,23:54:00,443230323937FF171E0D-5,8149200.00,2652600.00,2886600.00,2610000.00,376.62,,,
A,14/01/26,23:59:00,443230323937FF171E0D-5,8153400.00,2654400.00,2887800.00,2611200.00,376.62,,,
A,15/01/26,00:04:00,443230323937FF171E0D-5,8157600.00,2655600.00,2889600.00,2612400.00,376.62,,,
A,15/01/26,00:09:00,443230323937FF171E0D-5,8161200.00,2656800.00,2890800.00,2613600.00,376.62,,,
A,15/01/26,00:14:00,443230323937FF171E0D-5,8165400.00,2658000.00,2892000.00,2615400.00,376.62,,,
A,15/01/26,00:19:00,443230323937FF171E0D-5,8170200.00,2659800.00,2893800.00,2616600.00,376.62,,,
A,15/01/26,00:24:00,443230323937FF171E0D-5,8173800.00,2661000.00,2895000.00,2617800.00,376.62,,,
A,15/01/26,00:29:00,443230323937FF171E0D-5,8178000.00,2662200.00,2896800.00,2619000.00,376.62,,,
A,15/01/26,00:34:00,443230323937FF171E0D-5,8181600.00,2663400.00,2898000.00,2620200.00,376.62,,,
A,15/01/26,00:39:00,443230323937FF171E0D-5,8185800.00,2664600.00,2899200.00,2622000.00,376.62,,,
A,15/01/26,00:44:00,443230323937FF171E0D-5,8190600.00,2666400.00,2901000.00,2623200.00,376.62,,,
A,15/01/26,00:49:00,443230323937FF171E0D-5,8194200.00,2667600.00,2902200.00,2624400.00,376.62,,,
A,15/01/26,00:54:00,443230323937FF171E0D-5,8197800.00,2668800.00,2903400.00,2625600.00,376.62,,,
A,15/01/26,00:59:00,443230323937FF171E0D-5,8202600.00,2670000.00,2905200.00,2627400.00,376.62,,,
A,15/01/26,01:04:00,443230323937FF171E0D-5,8206800.00,2671800.00,2906400.00,2628600.00,376.62,,,
A,15/01/26,01:09:00,443230323937FF171E0D-5,8211000.00,2673000.00,2908200.00,2629800.00,376.62,,,
A,15/01/26,01:14:00,443230323937FF171E0D-5,8214600.00,2674200.00,2909400.00,2631000.00,376.62,,,
A,15/01/26,01:19:00,443230323937FF171E0D-5,8218200.00,2675400.00,2910600.00,2632200.00,376.62,,,
A,15/01/26,01:24:00,443230323937FF171E0D-5,8223000.00,2676600.00,2912400.00,2634000.00,376.62,,,
A,15/01/26,01:29:00,443230323937FF171E0D-5,8227200.00,2678400.00,2913600.00,2635200.00,376.62,,,
A,15/01/26,01:34:00,443230323937FF171E0D-5,8231400.00,2679600.00,2915400.00,2636400.00,376.62,,,
A,15/01/26,01:39:00,443230323937FF171E0D-5,8235000.00,2680800.00,2916600.00,2637600.00,376.62,,,
A,15/01/26,01:44:00,443230323937FF171E0D-5,8239200.00,2682000.00,2917800.00,2639400.00,376.62,,,
A,15/01/26,01:49:00,443230323937FF171E0D-5,8244000.00,2683800.00,2919600.00,2640600.00,376.62,,,
A,15/01/26,01:54:00,443230323937FF171E0D-5,8247600.00,2685000.00,2920800.00,2641800.00,376.62,,,
A,15/01/26,01:59:00,443230323937FF171E0D-5,8251200.00,2686200.00,2922000.00,2643000.00,376.62,,,
A,15/01/26,02:04:00,443230323937FF171E0D-5,8255400.00,2687400.00,2923800.00,2644200.00,376.62,,,
A,15/01/26,02:09:00,443230323937FF171E0D-5,8259600.00,2688600.00,2925000.00,2646000.00,376.62,,,
A,15/01/26,02:14:00,443230323937FF171E0D-5,8264400.00,2690400.00,2926800.00,2647200.00,376.62,,,
A,15/01/26,02:19:00,443230323937FF171E0D-5,8268000.00,2691600.00,2928000.00,2648400.00,376.62,,,
A,15/01/26,02:24:00,443230323937FF171E0D-5,8271600.00,2692800.00,2929200.00,2649600.00,376.62,,,
A,15/01/26,02:29:00,443230323937FF171E0D-5,8275800.00,2694000.00,2931000.00,2650800.00,376.62,,,
A,15/01/26,02:34:00,443230323937FF171E0D-5,8280000.00,2695200.00,2932200.00,2652600.00,376.62,,,
A,15/01/26,02:39:00,443230323937FF171E0D-5,8284800.00,2697000.00,2934000.00,2653800.00,376.62,,,
A,15/01/26,02:44:00,443230323937FF171E0D-5,8288400.00,2698200.00,2935200.00,2655000.00,376.62,,,
A,15/01/26,02:49:00,443230323937FF171E0D-5,8292000.00,2699400.00,2936400.00,2656200.00,376.62,,,
A,15/01/26,02:54:00,443230323937FF171E0D-5,8296800.00,2700600.00,2938200.00,2658000.00,376.62,,,
A,15/01/26,02:59:00,443230323937FF171E0D-5,8301000.00,2702400.00,2939400.00,2659200.00,376.62,,,
A,15/01/26,03:04:00,443230323937FF171E0D-5,8304600.00,2703600.00,2940600.00,2660400.00,376.62,,,
A,15/01/26,03:09:00,443230323937FF171E0D-5,8308800.00,2704800.00,2942400.00,2661600.00,376.62,,,
A,15/01/26,03:14:00,443230323937FF171E0D-5,8312400.00,2706000.00,2943600.00,2662800.00,376.62,,,
A,15/01/26,03:19:00,443230323937FF171E0D-5,8317200.00,2707200.00,2945400.00,2664600.00,376.62,,,
A,15/01/26,03:24:00,443230323937FF171E0D-5,8321400.00,2709000.00,2946600.00,2665800.00,376.62,,,
A,15/01/26,03:29:00,443230323937FF171E0D-5,8325000.00,2710200.00,2947800.00,2667000.00,376.62,,,
A,15/01/26,03:34:00,443230323937FF171E0D-5,8329200.00,2711400.00,2949600.00,2668200.00,376.62,,,
A,15/01/26,03:39:00,443230323937FF171E0D-5,8332800.00,2712600.00,2950800.00,2669400.00,376.62,,,
A,15/01/26,03:44:00,443230323937FF171E0D-5,8338200.00,2714400.00,2952600.00,2671200.00,376.62,,,
A,15/01/26,03:49:00,443230323937FF171E0D-5,8341800.00,2715600.00,2953800.00,2672400.00,376.62,,,
A,15/01/26,03:54:00,443230323937FF171E0D-5,8345400.00,2716800.00,2955000.00,2673600.00,376.62,,,
A,15/01/26,03:59:00,443230323937FF171E0D-5,8349600.00,2718000.00,2956800.00,2674800.00,376.62,,,
A,15/01/26,04:04:00,443230323937FF171E0D-5,8353200.00,2719200.00,2958000.00,2676000.00,376.62,,,
A,15/01/26,04:09:00,443230323937FF171E0D-5,8358000.00,2721000.00,2959200.00,2677800.00,376.62,,,
A,15/01/26,04:14:00,443230323937FF171E0D-5,8362200.00,2722200.00,2961000.00,2679000.00,376.62,,,
A,15/01/26,04:19:00,443230323937FF171E0D-5,8365800.00,2723400.00,2962200.00,2680200.00,376.62,,,
A,15/01/26,04:24:00,443230323937FF171E0D-5,8370000.00,2724600.00,2964000.00,2681400.00,376.62,,,
A,15/01/26,04:29:00,443230323937FF171E0D-5,8374200.00,2726400.00,2965200.00,2682600.00,376.62,,,
A,15/01/26,04:34:00,443230323937FF171E0D-5,8378400.00,2727600.00,2966400.00,2684400.00,376.62,,,
A,15/01/26,04:39:00,443230323937FF171E0D-5,8382600.00,2728800.00,2968200.00,2685600.00,376.62,,,
A,15/01/26,04:44:00,443230323937FF171E0D-5,8386200.00,2730000.00,2969400.00,2686800.00,376.62,,,
A,15/01/26,04:49:00,443230323937FF171E0D-5,8390400.00,2731200.00,2971200.00,2688000.00,376.62,,,
A,15/01/26,04:54:00,443230323937FF171E0D-5,8395200.00,2733000.00,2972400.00,2689800.00,376.62,,,
A,15/01/26,04:59:00,443230323937FF171E0D-5,8398800.00,2734200.00,2973600.00,2691000.00,376.62,,,
A,15/01/26,05:04:00,443230323937FF171E0D-5,8403000.00,2735400.00,2975400.00,2692200.00,376.62,,,
A,15/01/26,05:09:00,443230323937FF171E0D-5,8406600.00,2736600.00,2976600.00,2693400.00,376.62,,,
A,15/01/26,05:14:00,443230323937FF171E0D-5,8410800.00,2737800.00,2978400.00,2694600.00,376.62,,,
A,15/01/26,05:19:00,443230323937FF171E0D-5,8415600.00,2739600.00,2979600.00,2696400.00,376.62,,,
A,15/01/26,05:24:00,443230323937FF171E0D-5,8419200.00,2740800.00,2980800.00,2697600.00,376.62,,,
A,15/01/26,05:29:00,443230323937FF171E0D-5,8423400.00,2742000.00,2982600.00,2698800.00,376.62,,,
A,15/01/26,05:34:00,443230323937FF171E0D-5,8427000.00,2743200.00,2983800.00,2700000.00,376.62,,,
A,15/01/26,05:39:00,443230323937FF171E0D-5,8431800.00,2745000.00,2985600.00,2701200.00,376.62,,,
A,15/01/26,05:44:00,443230323937FF171E0D-5,8436000.00,2746200.00,2986800.00,2703000.00,376.62,,,
A,15/01/26,05:49:00,443230323937FF171E0D-5,8439600.00,2747400.00,2988000.00,2704200.00,376.62,,,
A,15/01/26,05:54:00,443230323937FF171E0D-5,8443800.00,2748600.00,2989800.00,2705400.00,376.62,,,
A,15/01/26,05:59:00,443230323937FF171E0D-5,8447400.00,2749800.00,2991000.00,2706600.00,376.62,,,
A,15/01/26,06:04:00,443230323937FF171E0D-5,8451600.00,2751600.00,2992200.00,2707800.00,376.62,,,
A,15/01/26,06:09:00,443230323937FF171E0D-5,8456400.00,2752800.00,2994000.00,2709600.00,376.62,,,
A,15/01/26,06:14:00,443230323937FF171E0D-5,8460000.00,2754000.00,2995200.00,2710800.00,376.62,,,
A,15/01/26,06:19:00,443230323937FF171E0D-5,8464200.00,2755200.00,2997000.00,2712000.00,376.62,,,
A,15/01/26,06:24:00,443230323937FF171E0D-5,8468400.00,2757000.00,2998200.00,2713200.00,376.62,,,
A,15/01/26,06:29:00,443230323937FF171E0D-5,8472000.00,2758200.00,2999400.00,2714400.00,376.62,,,
A,15/01/26,06:34:00,443230323937FF171E0D-5,8476800.00,2759400.00,3001200.00,2716200.00,376.62,,,
A,15/01/26,06:39:00,443230323937FF171E0D-5,8480400.00,2760600.00,3002400.00,2717400.00,376.62,,,
A,15/01/26,06:44:00,443230323937FF171E0D-5,8485200.00,2762400.00,3004200.00,2718600.00,376.62,,,
A,15/01/26,06:49:00,443230323937FF171E0D-5,8488800.00,2763600.00,3005400.00,2719800.00,376.62,,,
A,15/01/26,06:54:00,443230323937FF171E0D-5,8492400.00,2764800.00,3006600.00,2721000.00,376.62,,,
A,15/01/26,06:59:00,443230323937FF171E0D-5,8497200.00,2766600.00,3008400.00,2722200.00,376.62,,,
A,15/01/26,07:04:00,443230323937FF171E0D-5,8501400.00,2767800.00,3009600.00,2724000.00,376.62,,,
A,15/01/26,07:09:00,443230323937FF171E0D-5,8505000.00,2769000.00,3010800.00,2725200.00,376.62,,,
A,15/01/26,07:14:00,443230323937FF171E0D-5,8509200.00,2770200.00,3012600.00,2726400.00,376.62,,,
A,15/01/26,07:19:00,443230323937FF171E0D-5,8513400.00,2772000.00,3013800.00,2727600.00,376.62,,,
A,15/01/26,07:24:00,443230323937FF171E0D-5,8517600.00,2773200.00,3015600.00,2728800.00,376.62,,,
A,15/01/26,07:29:00,443230323937FF171E0D-5,8521200.00,2774400.00,3016800.00,2730000.00,376.62,,,
A,15/01/26,07:34:00,443230323937FF171E0D-5,8525400.00,2775600.00,3018000.00,2731800.00,376.62,,,
A,15/01/26,07:39:00,443230323937FF171E0D-5,8530200.00,2777400.00,3019800.00,2733000.00,376.62,,,
A,15/01/26,07:44:00,443230323937FF171E0D-5,8533800.00,2778600.00,3021000.00,2734200.00,376.62,,,
A,15/01/26,07:49:00,443230323937FF171E0D-5,8538000.00,2779800.00,3022800.00,2735400.00,376.62,,,
A,15/01/26,07:54:00,443230323937FF171E0D-5,8541600.00,2781000.00,3024000.00,2736600.00,376.62,,,
A,15/01/26,07:59:00,443230323937FF171E0D-5,8546400.00,2782800.00,3025200.00,2738400.00,376.62,,,
A,15/01/26,08:04:00,443230323937FF171E0D-5,8550600.00,2784000.00,3027000.00,2739600.00,376.62,,,
A,15/01/26,08:09:00,443230323937FF171E0D-5,8554200.00,2785200.00,3028200.00,2740800.00,376.62,,,
A,15/01/26,08:14:00,443230323937FF171E0D-5,8557800.00,2786400.00,3029400.00,2742000.00,376.62,,,
A,15/01/26,08:19:00,443230323937FF171E0D-5,8562000.00,2787600.00,3031200.00,2743200.00,376.62,,,
A,15/01/26,08:24:00,443230323937FF171E0D-5,8566800.00,2789400.00,3032400.00,2745000.00,376.62,,,
A,15/01/26,08:29:00,443230323937FF171E0D-5,8571000.00,2790600.00,3034200.00,2746200.00,376.62,,,
A,15/01/26,08:34:00,443230323937FF171E0D-5,8574600.00,2791800.00,3035400.00,2747400.00,376.62,,,
A,15/01/26,08:39:00,443230323937FF171E0D-5,8578200.00,2793000.00,3036600.00,2748600.00,376.62,,,
A,15/01/26,08:44:00,443230323937FF171E0D-5,8583600.00,2794800.00,3038400.00,2750400.00,376.62,,,
A,15/01/26,08:49:00,443230323937FF171E0D-5,8587200.00,2796000.00,3039600.00,2751600.00,376.62,,,
A,15/01/26,08:54:00,443230323937FF171E0D-5,8590800.00,2797200.00,3040800.00,2752800.00,376.62,,,
A,15/01/26,08:59:00,443230323937FF171E0D-5,8595000.00,2798400.00,3042600.00,2754000.00,376.62,,,
A,15/01/26,09:04:00,443230323937FF171E0D-5,8599200.00,2800200.00,3043800.00,2755200.00,376.62,,,
A,15/01/26,09:09:00,443230323937FF171E0D-5,8603400.00,2801400.00,3045000.00,2757000.00,376.62,,,
A,15/01/26,09:14:00,443230323937FF171E0D-5,8607600.00,2802600.00,3046800.00,2758200.00,376.62,,,
A,15/01/26,09:19:00,443230323937FF171E0D-5,8611200.00,2803800.00,3048000.00,2759400.00,376.62,,,
A,15/01/26,09:24:00,443230323937FF171E0D-5,8615400.00,2805600.00,3049200.00,2760600.00,376.62,,,
A,15/01/26,09:29:00,443230323937FF171E0D-5,8619600.00,2806800.00,3051000.00,2761800.00,376.62,,,
A,15/01/26,09:34:00,443230323937FF171E0D-5,8623800.00,2808000.00,3052200.00,2763600.00,376.62,,,
A,15/01/26,09:39:00,443230323937FF171E0D-5,8628000.00,2809800.00,3053400.00,2764800.00,376.62,,,
A,15/01/26,09:44:00,443230323937FF171E0D-5,8632200.00,2811000.00,3055200.00,2766000.00,376.62,,,
A,15/01/26,09:49:00,443230323937FF171E0D-5,8635800.00,2812200.00,3056400.00,2767200.00,376.62,,,
A,15/01/26,09:54:00,443230323937FF171E0D-5,8639400.00,2813400.00,3057600.00,2768400.00,376.62,,,
A,15/01/26,09:59:00,443230323937FF171E0D-5,8644200.00,2815200.00,3059400.00,2769600.00,376.62,,,
A,15/01/26,10:04:00,443230323937FF171E0D-5,8648400.00,2816400.00,3060600.00,2771400.00,376.62,,,
A,15/01/26,10:09:00,443230323937FF171E0D-5,8652000.00,2817600.00,3061800.00,2772600.00,376.62,,,
A,15/01/26,10:14:00,443230323937FF171E0D-5,8656800.00,2819400.00,3063600.00,2773800.00,376.62,,,
A,15/01/26,10:19:00,443230323937FF171E0D-5,8660400.00,2820600.00,3064800.00,2775000.00,376.62,,,
A,15/01/26,10:24:00,443230323937FF171E0D-5,8664000.00,2821800.00,3066000.00,2776200.00,376.62,,,
A,15/01/26,10:29:00,443230323937FF171E0D-5,8668800.00,2823600.00,3067800.00,2777400.00,376.62,,,
A,15/01/26,10:34:00,443230323937FF171E0D-5,8673000.00,2824800.00,3069000.00,2779200.00,376.62,,,
A,15/01/26,10:39:00,443230323937FF171E0D-5,8677200.00,2826000.00,3070800.00,2780400.00,376.62,,,
A,15/01/26,10:44:00,443230323937FF171E0D-5,8680800.00,2827200.00,3072000.00,2781600.00,376.62,,,
A,15/01/26,10:49:00,443230323937FF171E0D-5,8685000.00,2829000.00,3073200.00,2782800.00,376.62,,,
A,15/01/26,10:54:00,443230323937FF171E0D-5,8689200.00,2830200.00,3075000.00,2784000.00,376.62,,,
A,15/01/26,10:59:00,443230323937FF171E0D-5,8692800.00,2831400.00,3076200.00,2785200.00,376.62,,,
A,15/01/26,11:04:00,443230323937FF171E0D-5,8697600.00,2833200.00,3077400.00,2787000.00,376.62,,,
A,15/01/26,11:09:00,443230323937FF171E0D-5,8701800.00,2834400.00,3079200.00,2788200.00,376.62,,,
A,15/01/26,11:14:00,443230323937FF171E0D-5,8705400.00,2835600.00,3080400.00,2789400.00,376.62,,,
A,15/01/26,11:19:00,443230323937FF171E0D-5,8709600.00,2837400.00,3081600.00,2790600.00,376.62,,,
A,15/01/26,11:24:00,443230323937FF171E0D-5,8713800.00,2838600.00,3083400.00,2791800.00,376.62,,,
A,15/01/26,11:29:00,443230323937FF171E0D-5,8717400.00,2839800.00,3084600.00,2793000.00,376.62,,,
A,15/01/26,11:34:00,443230323937FF171E0D-5,8721600.00,2841000.00,3085800.00,2794800.00,376.62,,,
A,15/01/26,11:39:00,443230323937FF171E0D-5,8726400.00,2842800.00,3087600.00,2796000.00,376.62,,,
A,15/01/26,11:44:00,443230323937FF171E0D-5,8730000.00,2844000.00,3088800.00,2797200.00,376.62,,,
A,15/01/26,11:49:00,443230323937FF171E0D-5,8734200.00,2845200.00,3090600.00,2798400.00,376.62,,,
A,15/01/26,11:54:00,443230323937FF171E0D-5,8738400.00,2847000.00,3091800.00,2799600.00,376.62,,,
A,15/01/26,11:59:00,443230323937FF171E0D-5,8742000.00,2848200.00,3093000.00,2800800.00,376.62,,,
A,15/01/26,12:04:00,443230323937FF171E0D-5,8746800.00,2849400.00,3094800.00,2802600.00,376.62,,,
A,15/01/26,12:09:00,443230323937FF171E0D-5,8752800.00,2851800.00,3096600.00,2804400.00,376.62,,,
A,15/01/26,12:14:00,443230323937FF171E0D-5,8758800.00,2853600.00,3099000.00,2806200.00,376.62,,,
A,15/01/26,12:19:00,443230323937FF171E0D-5,8764200.00,2855400.00,3100800.00,2808000.00,376.62,,,
A,15/01/26,12:24:00,443230323937FF171E0D-5,8771400.00,2857800.00,3103200.00,2810400.00,376.62,,,
A,15/01/26,12:29:00,443230323937FF171E0D-5,8776800.00,2859600.00,3105000.00,2812200.00,376.62,,,
A,15/01/26,12:34:00,443230323937FF171E0D-5,8783400.00,2862000.00,3107400.00,2814000.00,376.62,,,
A,15/01/26,12:39:00,443230323937FF171E0D-5,8789400.00,2863800.00,3109200.00,2816400.00,376.62,,,
A,15/01/26,12:44:00,443230323937FF171E0D-5,8796000.00,2866200.00,3111600.00,2818200.00,376.62,,,
A,15/01/26,12:49:00,443230323937FF171E0D-5,8802000.00,2868000.00,3114000.00,2820000.00,376.62,,,
A,15/01/26,12:54:00,443230323937FF171E0D-5,8808000.00,2869800.00,3115800.00,2822400.00,376.62,,,
A,15/01/26,12:59:00,443230323937FF171E0D-5,8814600.00,2872200.00,3118200.00,2824200.00,376.62,,,
A,15/01/26,13:04:00,443230323937FF171E0D-5,8820000.00,2874000.00,3120000.00,2826000.00,376.62,,,
A,15/01/26,13:09:00,443230323937FF171E0D-5,8827200.00,2876400.00,3122400.00,2828400.00,376.62,,,
A,15/01/26,13:14:00,443230323937FF171E0D-5,8833200.00,2878200.00,3124800.00,2830200.00,376.62,,,
A,15/01/26,13:19:00,443230323937FF171E0D-5,8839200.00,2880600.00,3126600.00,2832000.00,376.62,,,
A,15/01/26,13:24:00,443230323937FF171E0D-5,8845800.00,2882400.00,3129000.00,2834400.00,376.62,,,
A,15/01/26,13:29:00,443230323937FF171E0D-5,8851200.00,2884200.00,3130800.00,2836200.00,376.62,,,
A,15/01/26,13:34:00,443230323937FF171E0D-5,8857800.00,2886600.00,3133200.00,2838000.00,376.62,,,
A,15/01/26,13:39:00,443230323937FF171E0D-5,8863800.00,2888400.00,3135000.00,2840400.00,376.62,,,
A,15/01/26,13:44:00,443230323937FF171E0D-5,8870400.00,2890800.00,3137400.00,2842200.00,376.62,,,
A,15/01/26,13:49:00,443230323937FF171E0D-5,8876400.00,2892600.00,3139800.00,2844000.00,376.62,,,
A,15/01/26,13:54:00,443230323937FF171E0D-5,8883000.00,2895000.00,3141600.00,2846400.00,376.62,,,
A,15/01/26,13:59:00,443230323937FF171E0D-5,8889000.00,2896800.00,3144000.00,2848200.00,376.62,,,
A,15/01/26,14:04:00,443230323937FF171E0D-5,8895000.00,2899200.00,3145800.00,2850000.00,376.62,,,
A,15/01/26,14:09:00,443230323937FF171E0D-5,8901600.00,2901000.00,3148200.00,2852400.00,376.62,,,
A,15/01/26,14:14:00,443230323937FF171E0D-5,8907600.00,2902800.00,3150600.00,2854200.00,376.62,,,
A,15/01/26,14:19:00,443230323937FF171E0D-5,8913600.00,2905200.00,3152400.00,2856000.00,376.62,,,
A,15/01/26,14:24:00,443230323937FF171E0D-5,8920200.00,2907000.00,3154800.00,2858400.00,376.62,,,
A,15/01/26,14:29:00,443230323937FF171E0D-5,8926200.00,2909400.00,3156600.00,2860200.00,376.62,,,
A,15/01/26,14:34:00,443230323937FF171E0D-5,8932200.00,2911200.00,3159000.00,2862000.00,376.62,,,
A,15/01/26,14:39:00,443230323937FF171E0D-5,8938200.00,2913000.00,3160800.00,2864400.00,376.62,,,
A,15/01/26,14:44:00,443230323937FF171E0D-5,8944800.00,2915400.00,3163200.00,2866200.00,376.62,,,
A,15/01/26,14:49:00,443230323937FF171E0D-5,8950800.00,2917200.00,3165600.00,2868000.00,376.62,,,
A,15/01/26,14:54:00,443230323937FF171E0D-5,8957400.00,2919600.00,3167400.00,2870400.00,376.62,,,
A,15/01/26,14:59:00,443230323937FF171E0D-5,8963400.00,2921400.00,3169800.00,2872200.00,376.62,,,
A,15/01/26,15:04:00,443230323937FF171E0D-5,8969400.00,2923800.00,3171600.00,2874000.00,376.62,,,
A,15/01/26,15:09:00,443230323937FF171E0D-5,8976000.00,2925600.00,3174000.00,2876400.00,376.62,,,
A,15/01/26,15:14:00,443230323937FF171E0D-5,8982000.00,2927400.00,3176400.00,2878200.00,376.62,,,
A,15/01/26,15:19:00,443230323937FF171E0D-5,8988000.00,2929800.00,3178200.00,2880000.00,376.62,,,
A,15/01/26,15:24:00,443230323937FF171E0D-5,8994600.00,2931600.00,3180600.00,2882400.00,376.62,,,
A,15/01/26,15:29:00,443230323937FF171E0D-5,9000600.00,2934000.00,3182400.00,2884200.00,376.62,,,
A,15/01/26,15:34:00,443230323937FF171E0D-5,9006600.00,2935800.00,3184800.00,2886000.00,376.62,,,
A,15/01/26,15:39:00,443230323937FF171E0D-5,9013200.00,2938200.00,3186600.00,2888400.00,376.62,,,
A,15/01/26,15:44:00,443230323937FF171E0D-5,9019200.00,2940000.00,3189000.00,2890200.00,376.62,,,
A,15/01/26,15:49:00,443230323937FF171E0D-5,9025200.00,2941800.00,3191400.00,2892000.00,376.62,,,
A,15/01/26,15:54:00,443230323937FF171E0D-5,9031800.00,2944200.00,3193200.00,2894400.00,376.62,,,
A,15/01/26,15:59:00,443230323937FF171E0D-5,9037800.00,2946000.00,3195600.00,2896200.00,376.62,,,
A,15/01/26,16:04:00,443230323937FF171E0D-5,9043800.00,2948400.00,3197400.00,2898000.00,376.62,,,
A,15/01/26,16:09:00,443230323937FF171E0D-5,9050400.00,2950200.00,3199800.00,2900400.00,376.62,,,
A,15/01/26,16:14:00,443230323937FF171E0D-5,9056400.00,2952600.00,3201600.00,2902200.00,376.62,,,
A,15/01/26,16:19:00,443230323937FF171E0D-5,9062400.00,2954400.00,3204000.00,2904000.00,376.62,,,
A,15/01/26,16:24:00,443230323937FF171E0D-5,9069600.00,2956800.00,3206400.00,2906400.00,376.62,,,
A,15/01/26,16:29:00,443230323937FF171E0D-5,9075000.00,2958600.00,3208200.00,2908200.00,376.62,,,
A,15/01/26,16:34:00,443230323937FF171E0D-5,9081000.00,2960400.00,3210600.00,2910000.00,376.62,,,
A,15/01/26,16:39:00,443230323937FF171E0D-5,9087600.00,2962800.00,3212400.00,2912400.00,376.62,,,
A,15/01/26,16:44:00,443230323937FF171E0D-5,9093600.00,2964600.00,3214800.00,2914200.00,376.62,,,
A,15/01/26,16:49:00,443230323937FF171E0D-5,9099600.00,2967000.00,3216600.00,2916000.00,376.62,,,
A,15/01/26,16:54:00,443230323937FF171E0D-5,9106200.00,2968800.00,3219000.00,2918400.00,376.62,,,
A,15/01/26,16:59:00,443230323937FF171E0D-5,9112800.00,2971200.00,3221400.00,2920200.00,376.62,,,
A,15/01/26,17:04:00,443230323937FF171E0D-5,9118200.00,2973000.00,3223200.00,2922000.00,376.62,,,
A,15/01/26,17:09:00,443230323937FF171E0D-5,9124800.00,2974800.00,3225600.00,2924400.00,376.62,,,
A,15/01/26,17:14:00,443230323937FF171E0D-5,9130800.00,2977200.00,3227400.00,2926200.00,376.62,,,
A,15/01/26,17:19:00,443230323937FF171E0D-5,9136800.00,2979000.00,3229800.00,2928000.00,376.62,,,
A,15/01/26,17:24:00,443230323937FF171E0D-5,9143400.00,2981400.00,3231600.00,2930400.00,376.62,,,
A,15/01/26,17:29:00,443230323937FF171E0D-5,9149400.00,2983200.00,3234000.00,2932200.00,376.62,,,
A,15/01/26,17:34:00,443230323937FF171E0D-5,9156000.00,2985600.00,3236400.00,2934000.00,376.62,,,
A,15/01/26,17:39:00,443230323937FF171E0D-5,9162000.00,2987400.00,3238200.00,2936400.00,376.62,,,
A,15/01/26,17:44:00,443230323937FF171E0D-5,9168000.00,2989200.00,3240600.00,2938200.00,376.62,,,
A,15/01/26,17:49:00,443230323937FF171E0D-5,9174000.00,2991600.00,3242400.00,2940000.00,376.62,,,
A,15/01/26,17:54:00,443230323937FF171E0D-5,9180600.00,2993400.00,3244800.00,2942400.00,376.62,,,
A,15/01/26,17:59:00,443230323937FF171E0D-5,9186600.00,2995800.00,3246600.00,2944200.00,376.62,,,
A,15/01/26,18:04:00,443230323937FF171E0D-5,9193200.00,2997600.00,3249000.00,2946600.00,376.62,,,
A,15/01/26,18:09:00,443230323937FF171E0D-5,9199200.00,2999400.00,3251400.00,2948400.00,376.62,,,
A,15/01/26,18:14:00,443230323937FF171E0D-5,9205200.00,3001800.00,3253200.00,2950200.00,376.62,,,
A,15/01/26,18:19:00,443230323937FF171E0D-5,9211800.00,3003600.00,3255600.00,2952600.00,376.62,,,
A,15/01/26,18:24:00,443230323937FF171E0D-5,9217800.00,3006000.00,3257400.00,2954400.00,376.62,,,
A,15/01/26,18:29:00,443230323937FF171E0D-5,9223800.00,3007800.00,3259800.00,2956200.00,376.62,,,
A,15/01/26,18:34:00,443230323937FF171E0D-5,9230400.00,3010200.00,3261600.00,2958600.00,376.62,,,
A,15/01/26,18:39:00,443230323937FF171E0D-5,9236400.00,3012000.00,3264000.00,2960400.00,376.62,,,
A,15/01/26,18:44:00,443230323937FF171E0D-5,9243000.00,3014400.00,3266400.00,2962200.00,376.62,,,
A,15/01/26,18:49:00,443230323937FF171E0D-5,9249000.00,3016200.00,3268200.00,2964600.00,376.62,,,
A,15/01/26,18:54:00,443230323937FF171E0D-5,9255000.00,3018000.00,3270600.00,2966400.00,376.62,,,
A,15/01/26,18:59:00,443230323937FF171E0D-5,9261000.00,3020400.00,3272400.00,2968200.00,376.62,,,
A,15/01/26,19:04:00,443230323937FF171E0D-5,9267600.00,3022200.00,3274800.00,2970600.00,376.62,,,
A,15/01/26,19:09:00,443230323937FF171E0D-5,9273600.00,3024600.00,3276600.00,2972400.00,376.62,,,
A,15/01/26,19:14:00,443230323937FF171E0D-5,9279600.00,3026400.00,3279000.00,2974200.00,376.62,,,
A,15/01/26,19:19:00,443230323937FF171E0D-5,9286200.00,3028800.00,3280800.00,2976600.00,376.62,,,
A,15/01/26,19:24:00,443230323937FF171E0D-5,9292200.00,3030600.00,3283200.00,2978400.00,376.62,,,
A,15/01/26,19:29:00,443230323937FF171E0D-5,9298200.00,3032400.00,3285600.00,2980200.00,376.62,,,
A,15/01/26,19:34:00,443230323937FF171E0D-5,9304800.00,3034800.00,3287400.00,2982600.00,376.62,,,
A,15/01/26,19:39:00,443230323937FF171E0D-5,9310800.00,3036600.00,3289800.00,2984400.00,376.62,,,
A,15/01/26,19:44:00,443230323937FF171E0D-5,9316800.00,3039000.00,3291600.00,2986200.00,376.62,,,
A,15/01/26,19:49:00,443230323937FF171E0D-5,9323400.00,3040800.00,3294000.00,2988600.00,376.62,,,
A,15/01/26,19:54:00,443230323937FF171E0D-5,9329400.00,3043200.00,3295800.00,2990400.00,376.62,,,
A,15/01/26,19:59:00,443230323937FF171E0D-5,9335400.00,3045000.00,3298200.00,2992200.00,376.62,,,
A,15/01/26,20:04:00,443230323937FF171E0D-5,9342000.00,3047400.00,3300000.00,2994600.00,376.62,,,
A,15/01/26,20:09:00,443230323937FF171E0D-5,9348000.00,3049200.00,3302400.00,2996400.00,376.62,,,
A,15/01/26,20:14:00,443230323937FF171E0D-5,9353400.00,3051000.00,3304200.00,2998200.00,376.62,,,
A,15/01/26,20:19:00,443230323937FF171E0D-5,9360600.00,3053400.00,3306600.00,3000600.00,376.62,,,
A,15/01/26,20:24:00,443230323937FF171E0D-5,9366600.00,3055200.00,3309000.00,3002400.00,376.62,,,
A,15/01/26,20:29:00,443230323937FF171E0D-5,9372600.00,3057600.00,3310800.00,3004200.00,376.62,,,
A,15/01/26,20:34:00,443230323937FF171E0D-5,9378600.00,3059400.00,3312600.00,3006600.00,376.62,,,
A,15/01/26,20:39:00,443230323937FF171E0D-5,9383400.00,3061200.00,3314400.00,3007800.00,376.62,,,
A,15/01/26,20:44:00,443230323937FF171E0D-5,9388800.00,3063000.00,3316200.00,3009600.00,376.62,,,
A,15/01/26,20:49:00,443230323937FF171E0D-5,9393600.00,3064200.00,3318000.00,3011400.00,376.62,,,
A,15/01/26,20:54:00,443230323937FF171E0D-5,9399000.00,3066000.00,3319800.00,3013200.00,376.62,,,
A,15/01/26,20:59:00,443230323937FF171E0D-5,9403800.00,3067800.00,3321600.00,3014400.00,376.62,,,
A,15/01/26,21:04:00,443230323937FF171E0D-5,9409200.00,3069600.00,3323400.00,3016200.00,376.62,,,
A,15/01/26,21:09:00,443230323937FF171E0D-5,9414600.00,3071400.00,3325200.00,3018000.00,376.62,,,
A,15/01/26,21:14:00,443230323937FF171E0D-5,9420000.00,3073200.00,3327000.00,3019800.00,376.62,,,
A,15/01/26,21:19:00,443230323937FF171E0D-5,9424800.00,3074400.00,3328800.00,3021600.00,376.62,,,
A,15/01/26,21:24:00,443230323937FF171E0D-5,9429600.00,3076200.00,3330600.00,3022800.00,376.62,,,
A,15/01/26,21:29:00,443230323937FF171E0D-5,9435000.00,3078000.00,3332400.00,3024600.00,376.62,,,
A,15/01/26,21:34:00,443230323937FF171E0D-5,9440400.00,3079800.00,3334200.00,3026400.00,376.62,,,
A,15/01/26,21:39:00,443230323937FF171E0D-5,9445800.00,3081600.00,3336000.00,3028200.00,376.62,,,
A,15/01/26,21:44:00,443230323937FF171E0D-5,9451200.00,3083400.00,3337800.00,3030000.00,376.62,,,
A,15/01/26,21:49:00,443230323937FF171E0D-5,9456600.00,3085200.00,3339600.00,3031800.00,376.62,,,
A,15/01/26,21:54:00,443230323937FF171E0D-5,9460800.00,3086400.00,3341400.00,3033000.00,376.62,,,
A,15/01/26,21:59:00,443230323937FF171E0D-5,9466200.00,3088200.00,3343200.00,3034800.00,376.62,,,
A,15/01/26,22:04:00,443230323937FF171E0D-5,9471600.00,3090000.00,3345000.00,3036600.00,376.62,,,
A,15/01/26,22:09:00,443230323937FF171E0D-5,9476400.00,3091800.00,3346200.00,3038400.00,376.62,,,
A,15/01/26,22:14:00,443230323937FF171E0D-5,9481800.00,3093600.00,3348000.00,3040200.00,376.62,,,
A,15/01/26,22:19:00,443230323937FF171E0D-5,9486600.00,3095400.00,3349800.00,3041400.00,376.62,,,
A,15/01/26,22:24:00,443230323937FF171E0D-5,9491400.00,3096600.00,3351600.00,3043200.00,376.62,,,
A,15/01/26,22:29:00,443230323937FF171E0D-5,9496800.00,3098400.00,3353400.00,3045000.00,376.62,,,
A,15/01/26,22:34:00,443230323937FF171E0D-5,9502200.00,3100200.00,3355200.00,3046800.00,376.62,,,
A,15/01/26,22:39:00,443230323937FF171E0D-5,9507600.00,3102000.00,3357000.00,3048600.00,376.62,,,
A,15/01/26,22:44:00,443230323937FF171E0D-5,9512400.00,3103800.00,3358800.00,3049800.00,376.62,,,
A,15/01/26,22:49:00,443230323937FF171E0D-5,9517800.00,3105600.00,3360600.00,3051600.00,376.62,,,
A,15/01/26,22:54:00,443230323937FF171E0D-5,9523200.00,3107400.00,3362400.00,3053400.00,376.62,,,
A,15/01/26,22:59:00,443230323937FF171E0D-5,9528000.00,3108600.00,3364200.00,3055200.00,376.62,,,
A,15/01/26,23:04:00,443230323937FF171E0D-5,9533400.00,3110400.00,3366000.00,3057000.00,376.62,,,
A,15/01/26,23:09:00,443230323937FF171E0D-5,9538800.00,3112200.00,3367800.00,3058800.00,376.62,,,
A,15/01/26,23:14:00,443230323937FF171E0D-5,9543600.00,3114000.00,3369600.00,3060000.00,376.62,,,
A,15/01/26,23:19:00,443230323937FF171E0D-5,9549000.00,3115800.00,3371400.00,3061800.00,376.62,,,
A,15/01/26,23:24:00,443230323937FF171E0D-5,9554400.00,3117600.00,3373200.00,3063600.00,376.62,,,
A,15/01/26,23:29:00,443230323937FF171E0D-5,9559200.00,3118800.00,3375000.00,3065400.00,376.62,,,
A,15/01/26,23:34:00,443230323937FF171E0D-5,9564600.00,3120600.00,3376800.00,3067200.00,376.62,,,
A,15/01/26,23:39:00,443230323937FF171E0D-5,9569400.00,3122400.00,3378600.00,3068400.00,376.62,,,
A,15/01/26,23:44:00,443230323937FF171E0D-5,9574800.00,3124200.00,3380400.00,3070200.00,376.62,,,
A,15/01/26,23:49:00,443230323937FF171E0D-5,9580200.00,3126000.00,3382200.00,3072000.00,376.62,,,
A,15/01/26,23:54:00,443230323937FF171E0D-5,9585000.00,3127200.00,3384000.00,3073800.00,376.62,,,
A,15/01/26,23:59:00,443230323937FF171E0D-5,9590400.00,3129000.00,3385800.00,3075600.00,376.62,,,
A,16/01/26,00:04:00,443230323937FF171E0D-5,9595800.00,3130800.00,3387600.00,3077400.00,376.62,,,
A,16/01/26,00:09:00,443230323937FF171E0D-5,9600600.00,3132600.00,3389400.00,3078600.00,376.62,,,
A,16/01/26,00:14:00,443230323937FF171E0D-5,9606000.00,3134400.00,3391200.00,3080400.00,376.62,,,
A,16/01/26,00:19:00,443230323937FF171E0D-5,9611400.00,3136200.00,3393000.00,3082200.00,376.62,,,
A,16/01/26,00:24:00,443230323937FF171E0D-5,9616200.00,3137400.00,3394800.00,3084000.00,376.62,,,
A,16/01/26,00:29:00,443230323937FF171E0D-5,9621600.00,3139200.00,3396600.00,3085800.00,376.62,,,
A,16/01/26,00:34:00,443230323937FF171E0D-5,9626400.00,3141000.00,3398400.00,3087000.00,376.62,,,
A,16/01/26,00:39:00,443230323937FF171E0D-5,9631800.00,3142800.00,3400200.00,3088800.00,376.62,,,
A,16/01/26,00:44:00,443230323937FF171E0D-5,9637200.00,3144600.00,3402000.00,3090600.00,376.62,,,
A,16/01/26,00:49:00,443230323937FF171E0D-5,9642600.00,3146400.00,3403800.00,3092400.00,376.62,,,
A,16/01/26,00:54:00,443230323937FF171E0D-5,9647400.00,3147600.00,3405600.00,3094200.00,376.62,,,
A,16/01/26,00:59:00,443230323937FF171E0D-5,9652200.00,3149400.00,3407400.00,3095400.00,376.62,,,
A,16/01/26,01:04:00,443230323937FF171E0D-5,9657600.00,3151200.00,3409200.00,3097200.00,376.62,,,
A,16/01/26,01:09:00,443230323937FF171E0D-5,9663000.00,3153000.00,3411000.00,3099000.00,376.62,,,
A,16/01/26,01:14:00,443230323937FF171E0D-5,9668400.00,3154800.00,3412800.00,3100800.00,376.62,,,
A,16/01/26,01:19:00,443230323937FF171E0D-5,9673200.00,3156000.00,3414600.00,3102600.00,376.62,,,
A,16/01/26,01:24:00,443230323937FF171E0D-5,9678600.00,3157800.00,3416400.00,3104400.00,376.62,,,
A,16/01/26,01:29:00,443230323937FF171E0D-5,9683400.00,3159600.00,3418200.00,3105600.00,376.62,,,
A,16/01/26,01:34:00,443230323937FF171E0D-5,9688800.00,3161400.00,3420000.00,3107400.00,376.62,,,
A,16/01/26,01:39:00,443230323937FF171E0D-5,9694200.00,3163200.00,3421800.00,3109200.00,376.62,,,
A,16/01/26,01:44:00,443230323937FF171E0D-5,9699600.00,3165000.00,3423600.00,3111000.00,376.62,,,
A,16/01/26,01:49:00,443230323937FF171E0D-5,9704400.00,3166200.00,3425400.00,3112800.00,376.62,,,
A,16/01/26,01:54:00,443230323937FF171E0D-5,9709800.00,3168000.00,3427200.00,3114600.00,376.62,,,
A,16/01/26,01:59:00,443230323937FF171E0D-5,9714600.00,3169800.00,3429000.00,3115800.00,376.62,,,
A,16/01/26,02:04:00,443230323937FF171E0D-5,9720000.00,3171600.00,3430800.00,3117600.00,376.62,,,
A,16/01/26,02:09:00,443230323937FF171E0D-5,9725400.00,3173400.00,3432600.00,3119400.00,376.62,,,
A,16/01/26,02:14:00,443230323937FF171E0D-5,9730800.00,3175200.00,3434400.00,3121200.00,376.62,,,
A,16/01/26,02:19:00,443230323937FF171E0D-5,9735600.00,3176400.00,3436200.00,3123000.00,376.62,,,
A,16/01/26,02:24:00,443230323937FF171E0D-5,9741000.00,3178200.00,3438000.00,3124800.00,376.62,,,
A,16/01/26,02:29:00,443230323937FF171E0D-5,9745800.00,3180000.00,3439800.00,3126000.00,376.62,,,
A,16/01/26,02:34:00,443230323937FF171E0D-5,9751200.00,3181800.00,3441600.00,3127800.00,376.62,,,
A,16/01/26,02:39:00,443230323937FF171E0D-5,9756600.00,3183600.00,3443400.00,3129600.00,376.62,,,
A,16/01/26,02:44:00,443230323937FF171E0D-5,9761400.00,3184800.00,3445200.00,3131400.00,376.62,,,
A,16/01/26,02:49:00,443230323937FF171E0D-5,9766800.00,3186600.00,3447000.00,3133200.00,376.62,,,
A,16/01/26,02:54:00,443230323937FF171E0D-5,9771600.00,3188400.00,3448800.00,3134400.00,376.62,,,
A,16/01/26,02:59:00,443230323937FF171E0D-5,9777000.00,3190200.00,3450600.00,3136200.00,376.62,,,
A,16/01/26,03:04:00,443230323937FF171E0D-5,9782400.00,3192000.00,3452400.00,3138000.00,376.62,,,
A,16/01/26,03:09:00,443230323937FF171E0D-5,9787200.00,3193200.00,3454200.00,3139800.00,376.62,,,
A,16/01/26,03:14:00,443230323937FF171E0D-5,9792600.00,3195000.00,3456000.00,3141600.00,376.62,,,
A,16/01/26,03:19:00,443230323937FF171E0D-5,9797400.00,3196800.00,3457800.00,3142800.00,376.62,,,
A,16/01/26,03:24:00,443230323937FF171E0D-5,9802800.00,3198600.00,3459600.00,3144600.00,376.62,,,
A,16/01/26,03:29:00,443230323937FF171E0D-5,9808200.00,3200400.00,3461400.00,3146400.00,376.62,,,
A,16/01/26,03:34:00,443230323937FF171E0D-5,9813000.00,3201600.00,3463200.00,3148200.00,376.62,,,
A,16/01/26,03:39:00,443230323937FF171E0D-5,9818400.00,3203400.00,3465000.00,3150000.00,376.62,,,
A,16/01/26,03:44:00,443230323937FF171E0D-5,9823800.00,3205200.00,3466800.00,3151800.00,376.62,,,
A,16/01/26,03:49:00,443230323937FF171E0D-5,9828600.00,3207000.00,3468600.00,3153000.00,376.62,,,
A,16/01/26,03:54:00,443230323937FF171E0D-5,9834000.00,3208800.00,3470400.00,3154800.00,376.62,,,
A,16/01/26,03:59:00,443230323937FF171E0D-5,9838200.00,3210000.00,3471600.00,3156600.00,376.62,,,
A,16/01/26,04:04:00,443230323937FF171E0D-5,9843600.00,3211800.00,3473400.00,3158400.00,376.62,,,
A,16/01/26,04:09:00,443230323937FF171E0D-5,9848400.00,3213600.00,3475200.00,3159600.00,376.62,,,
A,16/01/26,04:14:00,443230323937FF171E0D-5,9853800.00,3215400.00,3477000.00,3161400.00,376.62,,,
A,16/01/26,04:19:00,443230323937FF171E0D-5,9859200.00,3217200.00,3478800.00,3163200.00,376.62,,,
A,16/01/26,04:24:00,443230323937FF171E0D-5,9864000.00,3218400.00,3480600.00,3165000.00,376.62,,,
A,16/01/26,04:29:00,443230323937FF171E0D-5,9869400.00,3220200.00,3482400.00,3166800.00,376.62,,,
A,16/01/26,04:34:00,443230323937FF171E0D-5,9874200.00,3222000.00,3484200.00,3168000.00,376.62,,,
A,16/01/26,04:39:00,443230323937FF171E0D-5,9879600.00,3223800.00,3486000.00,3169800.00,376.62,,,
A,16/01/26,04:44:00,443230323937FF171E0D-5,9884400.00,3225000.00,3487800.00,3171600.00,376.62,,,
A,16/01/26,04:49:00,443230323937FF171E0D-5,9889800.00,3226800.00,3489600.00,3173400.00,376.62,,,
A,16/01/26,04:54:00,443230323937FF171E0D-5,9895200.00,3228600.00,3491400.00,3175200.00,376.62,,,
A,16/01/26,04:59:00,443230323937FF171E0D-5,9900000.00,3230400.00,3493200.00,3176400.00,376.62,,,
A,16/01/26,05:04:00,443230323937FF171E0D-5,9904800.00,3231600.00,3495000.00,3178200.00,376.62,,,
A,16/01/26,05:09:00,443230323937FF171E0D-5,9910200.00,3233400.00,3496800.00,3180000.00,376.62,,,
A,16/01/26,05:14:00,443230323937FF171E0D-5,9915600.00,3235200.00,3498600.00,3181800.00,376.62,,,
A,16/01/26,05:19:00,443230323937FF171E0D-5,9920400.00,3237000.00,3500400.00,3183000.00,376.62,,,
A,16/01/26,05:24:00,443230323937FF171E0D-5,9925800.00,3238800.00,3502200.00,3184800.00,376.62,,,
A,16/01/26,05:29:00,443230323937FF171E0D-5,9930600.00,3240000.00,3504000.00,3186600.00,376.62,,,
A,16/01/26,05:34:00,443230323937FF171E0D-5,9935400.00,3241800.00,3505200.00,3188400.00,376.62,,,
A,16/01/26,05:39:00,443230323937FF171E0D-5,9940800.00,3243600.00,3507000.00,3190200.00,376.62,,,
A,16/01/26,05:44:00,443230323937FF171E0D-5,9945600.00,3245400.00,3508800.00,3191400.00,376.62,,,
A,16/01/26,05:49:00,443230323937FF171E0D-5,9951000.00,3247200.00,3510600.00,3193200.00,376.62,,,
A,16/01/26,05:54:00,443230323937FF171E0D-5,9955800.00,3248400.00,3512400.00,3195000.00,376.62,,,
A,16/01/26,05:59:00,443230323937FF171E0D-5,9961200.00,3250200.00,3514200.00,3196800.00,376.62,,,
A,16/01/26,06:04:00,443230323937FF171E0D-5,9966000.00,3252000.00,3516000.00,3198000.00,376.62,,,
A,16/01/26,06:09:00,443230323937FF171E0D-5,9971400.00,3253800.00,3517800.00,3199800.00,376.62,,,
A,16/01/26,06:14:00,443230323937FF171E0D-5,9976800.00,3255600.00,3519600.00,3201600.00,376.62,,,
A,16/01/26,06:19:00,443230323937FF171E0D-5,9981600.00,3256800.00,3521400.00,3203400.00,376.62,,,
A,16/01/26,06:24:00,443230323937FF171E0D-5,9987000.00,3258600.00,3523200.00,3205200.00,376.62,,,
A,16/01/26,06:29:00,443230323937FF171E0D-5,9991800.00,3260400.00,3525000.00,3206400.00,376.62,,,
A,16/01/26,06:34:00,443230323937FF171E0D-5,9997200.00,3262200.00,3526800.00,3208200.00,376.62,,,
A,16/01/26,06:39:00,443230323937FF171E0D-5,10002600.00,3264000.00,3528600.00,3210000.00,376.62,,,
A,16/01/26,06:44:00,443230323937FF171E0D-5,10007400.00,3265200.00,3530400.00,3211800.00,376.62,,,
A,16/01/26,06:49:00,443230323937FF171E0D-5,10012200.00,3267000.00,3532200.00,3213000.00,376.62,,,
A,16/01/26,06:54:00,443230323937FF171E0D-5,10017600.00,3268800.00,3534000.00,3214800.00,376.62,,,
A,16/01/26,06:59:00,443230323937FF171E0D-5,10022400.00,3270600.00,3535200.00,3216600.00,376.62,,,
A,16/01/26,07:04:00,443230323937FF171E0D-5,10027200.00,3272400.00,3537000.00,3217800.00,376.62,,,
A,16/01/26,07:09:00,443230323937FF171E0D-5,10032600.00,3274200.00,3538800.00,3219600.00,376.62,,,
A,16/01/26,07:14:00,443230323937FF171E0D-5,10037400.00,3275400.00,3540600.00,3221400.00,376.62,,,
A,16/01/26,07:19:00,443230323937FF171E0D-5,10042800.00,3277200.00,3542400.00,3223200.00,376.62,,,
A,16/01/26,07:24:00,443230323937FF171E0D-5,10047600.00,3279000.00,3544200.00,3224400.00,376.62,,,
A,16/01/26,07:29:00,443230323937FF171E0D-5,10053000.00,3280800.00,3546000.00,3226200.00,376.62,,,
A,16/01/26,07:34:00,443230323937FF171E0D-5,10057200.00,3282000.00,3547800.00,3227400.00,376.62,,,
A,16/01/26,07:39:00,443230323937FF171E0D-5,10062600.00,3283800.00,3549600.00,3229200.00,376.62,,,
A,16/01/26,07:44:00,443230323937FF171E0D-5,10067400.00,3285600.00,3550800.00,3231000.00,376.62,,,
A,16/01/26,07:49:00,443230323937FF171E0D-5,10071600.00,3286800.00,3552600.00,3232200.00,376.62,,,
A,16/01/26,07:54:00,443230323937FF171E0D-5,10077000.00,3288600.00,3554400.00,3234000.00,376.62,,,
A,16/01/26,07:59:00,443230323937FF171E0D-5,10081800.00,3290400.00,3556200.00,3235200.00,376.62,,,
A,16/01/26,08:04:00,443230323937FF171E0D-5,10086000.00,3291600.00,3557400.00,3237000.00,376.62,,,
A,16/01/26,08:09:00,443230323937FF171E0D-5,10091400.00,3293400.00,3559200.00,3238800.00,376.62,,,
A,16/01/26,08:14:00,443230323937FF171E0D-5,10096200.00,3295200.00,3561000.00,3240000.00,376.62,,,
A,16/01/26,08:19:00,443230323937FF171E0D-5,10101000.00,3296400.00,3562800.00,3241800.00,376.62,,,
A,16/01/26,08:24:00,443230323937FF171E0D-5,10105800.00,3298200.00,3564600.00,3243000.00,376.62,,,
A,16/01/26,08:29:00,443230323937FF171E0D-5,10110600.00,3300000.00,3565800.00,3244800.00,376.62,,,
A,16/01/26,08:34:00,443230323937FF171E0D-5,10114800.00,3301200.00,3567600.00,3246000.00,376.62,,,
A,16/01/26,08:39:00,443230323937FF171E0D-5,10120200.00,3303000.00,3569400.00,3247800.00,376.62,,,
A,16/01/26,08:44:00,443230323937FF171E0D-5,10125600.00,3304800.00,3571200.00,3249600.00,376.62,,,
A,16/01/26,08:49:00,443230323937FF171E0D-5,10129200.00,3306000.00,3572400.00,3250800.00,376.62,,,
A,16/01/26,08:54:00,443230323937FF171E0D-5,10134600.00,3307800.00,3574200.00,3252600.00,376.62,,,
A,16/01/26,08:59:00,443230323937FF171E0D-5,10139400.00,3309600.00,3576000.00,3253800.00,376.62,,,
A,16/01/26,09:04:00,443230323937FF171E0D-5,10144200.00,3310800.00,3577800.00,3255600.00,376.62,,,
A,16/01/26,09:09:00,443230323937FF171E0D-5,10149600.00,3312600.00,3579600.00,3257400.00,376.62,,,
A,16/01/26,09:14:00,443230323937FF171E0D-5,10153800.00,3314400.00,3580800.00,3258600.00,376.62,,,
A,16/01/26,09:19:00,443230323937FF171E0D-5,10158600.00,3315600.00,3582600.00,3260400.00,376.62,,,
A,16/01/26,09:24:00,443230323937FF171E0D-5,10163400.00,3317400.00,3584400.00,3261600.00,376.62,,,
A,16/01/26,09:29:00,443230323937FF171E0D-5,10168800.00,3319200.00,3586200.00,3263400.00,376.62,,,
A,16/01/26,09:34:00,443230323937FF171E0D-5,10173000.00,3320400.00,3587400.00,3265200.00,376.62,,,
A,16/01/26,09:39:00,443230323937FF171E0D-5,10177800.00,3322200.00,3589200.00,3266400.00,376.62,,,
A,16/01/26,09:44:00,443230323937FF171E0D-5,10183200.00,3324000.00,3591000.00,3268200.00,376.62,,,
A,16/01/26,09:49:00,443230323937FF171E0D-5,10187400.00,3325200.00,3592800.00,3269400.00,376.62,,,
A,16/01/26,09:54:00,443230323937FF171E0D-5,10192200.00,3327000.00,3594000.00,3271200.00,376.62,,,
A,16/01/26,09:59:00,443230323937FF171E0D-5,10197600.00,3328800.00,3595800.00,3273000.00,376.62,,,
A,16/01/26,10:04:00,443230323937FF171E0D-5,10201800.00,3330000.00,3597600.00,3274200.00,376.62,,,
A,16/01/26,10:09:00,443230323937FF171E0D-5,10207200.00,3331800.00,3599400.00,3276000.00,376.62,,,
A,16/01/26,10:14:00,443230323937FF171E0D-5,10212000.00,3333600.00,3601200.00,3277200.00,376.62,,,
A,16/01/26,10:19:00,443230323937FF171E0D-5,10216200.00,3334800.00,3602400.00,3279000.00,376.62,,,
A,16/01/26,10:24:00,443230323937FF171E0D-5,10221000.00,3336600.00,3604200.00,3280200.00,376.62,,,
A,16/01/26,10:29:00,443230323937FF171E0D-5,10226400.00,3338400.00,3606000.00,3282000.00,376.62,,,
A,16/01/26,10:34:00,443230323937FF171E0D-5,10230600.00,3339600.00,3607800.00,3283200.00,376.62,,,
A,16/01/26,10:39:00,443230323937FF171E0D-5,10235400.00,3341400.00,3609000.00,3285000.00,376.62,,,
A,16/01/26,10:44:00,443230323937FF171E0D-5,10240800.00,3343200.00,3610800.00,3286800.00,376.62,,,
A,16/01/26,10:49:00,443230323937FF171E0D-5,10245000.00,3344400.00,3612600.00,3288000.00,376.62,,,
A,16/01/26,10:54:00,443230323937FF171E0D-5,10250400.00,3346200.00,3614400.00,3289800.00,376.62,,,
A,16/01/26,10:59:00,443230323937FF171E0D-5,10254000.00,3347400.00,3615600.00,3291000.00,376.62,,,
A,16/01/26,11:04:00,443230323937FF171E0D-5,10259400.00,3349200.00,3617400.00,3292800.00,376.62,,,
A,16/01/26,11:09:00,443230323937FF171E0D-5,10264200.00,3351000.00,3619200.00,3294000.00,376.62,,,
A,16/01/26,11:14:00,443230323937FF171E0D-5,10269000.00,3352200.00,3621000.00,3295800.00,376.62,,,
A,16/01/26,11:19:00,443230323937FF171E0D-5,10273800.00,3354000.00,3622200.00,3297600.00,376.62,,,
A,16/01/26,11:24:00,443230323937FF171E0D-5,10278600.00,3355800.00,3624000.00,3298800.00,376.62,,,
A,16/01/26,11:29:00,443230323937FF171E0D-5,10283400.00,3357000.00,3625800.00,3300600.00,376.62,,,
A,16/01/26,11:34:00,443230323937FF171E0D-5,10288200.00,3358800.00,3627600.00,3301800.00,376.62,,,
A,16/01/26,11:39:00,443230323937FF171E0D-5,10293000.00,3360600.00,3628800.00,3303600.00,376.62,,,
A,16/01/26,11:44:00,443230323937FF171E0D-5,10297200.00,3361800.00,3630600.00,3304800.00,376.62,,,
A,16/01/26,11:49:00,443230323937FF171E0D-5,10302600.00,3363600.00,3632400.00,3306600.00,376.62,,,
A,16/01/26,11:54:00,443230323937FF171E0D-5,10308000.00,3365400.00,3634200.00,3308400.00,376.62,,,
A,16/01/26,11:59:00,443230323937FF171E0D-5,10311600.00,3366600.00,3635400.00,3309600.00,376.62,,,
A,16/01/26,12:04:00,443230323937FF171E0D-5,10317000.00,3368400.00,3637200.00,3311400.00,376.62,,,
A,16/01/26,12:09:00,443230323937FF171E0D-5,10321800.00,3370200.00,3639000.00,3312600.00,376.62,,,
A,16/01/26,12:14:00,443230323937FF171E0D-5,10326600.00,3371400.00,3640800.00,3314400.00,376.62,,,
A,16/01/26,12:19:00,443230323937FF171E0D-5,10332000.00,3373200.00,3642600.00,3316200.00,376.62,,,
A,16/01/26,12:24:00,443230323937FF171E0D-5,10336200.00,3375000.00,3643800.00,3317400.00,376.62,,,
A,16/01/26,12:29:00,443230323937FF171E0D-5,10341000.00,3376200.00,3645600.00,3319200.00,376.62,,,
A,16/01/26,12:34:00,443230323937FF171E0D-5,10345800.00,3378000.00,3647400.00,3320400.00,376.62,,,
A,16/01/26,12:39:00,443230323937FF171E0D-5,10351200.00,3379800.00,3649200.00,3322200.00,376.62,,,
A,16/01/26,12:44:00,443230323937FF171E0D-5,10356600.00,3381600.00,3651000.00,3324000.00,376.62,,,
A,16/01/26,12:49:00,443230323937FF171E0D-5,10360800.00,3382800.00,3652800.00,3325200.00,376.62,,,
A,16/01/26,12:54:00,443230323937FF171E0D-5,10365600.00,3384600.00,3654000.00,3327000.00,376.62,,,
A,16/01/26,12:59:00,443230323937FF171E0D-5,10371000.00,3386400.00,3655800.00,3328800.00,376.62,,,
A,16/01/26,13:04:00,443230323937FF171E0D-5,10375200.00,3387600.00,3657600.00,3330000.00,376.62,,,
A,16/01/26,13:09:00,443230323937FF171E0D-5,10380600.00,3389400.00,3659400.00,3331800.00,376.62,,,
A,16/01/26,13:14:00,443230323937FF171E0D-5,10384800.00,3391200.00,3660600.00,3333000.00,376.62,,,
A,16/01/26,13:19:00,443230323937FF171E0D-5,10389600.00,3392400.00,3662400.00,3334800.00,376.62,,,
A,16/01/26,13:24:00,443230323937FF171E0D-5,10394400.00,3394200.00,3664200.00,3336000.00,376.62,,,
A,16/01/26,13:29:00,443230323937FF171E0D-5,10399800.00,3396000.00,3666000.00,3337800.00,376.62,,,
A,16/01/26,13:34:00,443230323937FF171E0D-5,10403400.00,3397200.00,3667200.00,3339000.00,376.62,,,
A,16/01/26,13:39:00,443230323937FF171E0D-5,10408800.00,3399000.00,3669000.00,3340800.00,376.62,,,
A,16/01/26,13:44:00,443230323937FF171E0D-5,10414200.00,3400800.00,3670800.00,3342600.00,376.62,,,
A,16/01/26,13:49:00,443230323937FF171E0D-5,10418400.00,3402000.00,3672600.00,3343800.00,376.62,,,
A,16/01/26,13:54:00,443230323937FF171E0D-5,10423200.00,3403800.00,3673800.00,3345600.00,376.62,,,
A,16/01/26,13:59:00,443230323937FF171E0D-5,10428000.00,3405600.00,3675600.00,3346800.00,376.62,,,
A,16/01/26,14:04:00,443230323937FF171E0D-5,10432800.00,3406800.00,3677400.00,3348600.00,376.62,,,
A,16/01/26,14:09:00,443230323937FF171E0D-5,10437600.00,3408600.00,3679200.00,3349800.00,376.62,,,
A,16/01/26,14:14:00,443230323937FF171E0D-5,10441800.00,3409800.00,3680400.00,3351600.00,376.62,,,
A,16/01/26,14:19:00,443230323937FF171E0D-5,10446600.00,3411600.00,3682200.00,3352800.00,376.62,,,
A,16/01/26,14:24:00,443230323937FF171E0D-5,10452000.00,3413400.00,3684000.00,3354600.00,376.62,,,
A,16/01/26,14:29:00,443230323937FF171E0D-5,10456800.00,3414600.00,3685800.00,3356400.00,376.62,,,
A,16/01/26,14:34:00,443230323937FF171E0D-5,10461000.00,3416400.00,3687000.00,3357600.00,376.62,,,
A,16/01/26,14:39:00,443230323937FF171E0D-5,10466400.00,3418200.00,3688800.00,3359400.00,376.62,,,
A,16/01/26,14:44:00,443230323937FF171E0D-5,10470600.00,3419400.00,3690600.00,3360600.00,376.62,,,
A,16/01/26,14:49:00,443230323937FF171E0D-5,10476000.00,3421200.00,3692400.00,3362400.00,376.62,,,
A,16/01/26,14:54:00,443230323937FF171E0D-5,10480200.00,3422400.00,3693600.00,3364200.00,376.62,,,
A,16/01/26,14:59:00,443230323937FF171E0D-5,10485000.00,3424200.00,3695400.00,3365400.00,376.62,,,
A,16/01/26,15:04:00,443230323937FF171E0D-5,10490400.00,3426000.00,3697200.00,3367200.00,376.62,,,
A,16/01/26,15:09:00,443230323937FF171E0D-5,10495800.00,3427800.00,3699000.00,3369000.00,376.62,,,
A,16/01/26,15:14:00,443230323937FF171E0D-5,10500000.00,3429000.00,3700800.00,3370200.00,376.62,,,
A,16/01/26,15:19:00,443230323937FF171E0D-5,10504800.00,3430800.00,3702000.00,3372000.00,376.62,,,
A,16/01/26,15:24:00,443230323937FF171E0D-5,10509600.00,3432600.00,3703800.00,3373200.00,376.62,,,
A,16/01/26,15:29:00,443230323937FF171E0D-5,10514400.00,3433800.00,3705600.00,3375000.00,376.62,,,
A,16/01/26,15:34:00,443230323937FF171E0D-5,10519800.00,3435600.00,3707400.00,3376800.00,376.62,,,
A,16/01/26,15:39:00,443230323937FF171E0D-5,10524600.00,3437400.00,3709200.00,3378000.00,376.62,,,
A,16/01/26,15:44:00,443230323937FF171E0D-5,10529400.00,3438600.00,3711000.00,3379800.00,376.62,,,
A,16/01/26,15:49:00,443230323937FF171E0D-5,10534200.00,3440400.00,3712200.00,3381600.00,376.62,,,
A,16/01/26,15:54:00,443230323937FF171E0D-5,10539000.00,3442200.00,3714000.00,3382800.00,376.62,,,
A,16/01/26,15:59:00,443230323937FF171E0D-5,10543800.00,3443400.00,3715800.00,3384600.00,376.62,,,
A,16/01/26,16:04:00,443230323937FF171E0D-5,10548600.00,3445200.00,3717600.00,3385800.00,376.62,,,
A,16/01/26,16:09:00,443230323937FF171E0D-5,10554000.00,3447000.00,3719400.00,3387600.00,376.62,,,
A,16/01/26,16:14:00,443230323937FF171E0D-5,10558800.00,3448800.00,3720600.00,3389400.00,376.62,,,
A,16/01/26,16:19:00,443230323937FF171E0D-5,10563000.00,3450000.00,3722400.00,3390600.00,376.62,,,
A,16/01/26,16:24:00,443230323937FF171E0D-5,10568400.00,3451800.00,3724200.00,3392400.00,376.62,,,
A,16/01/26,16:29:00,443230323937FF171E0D-5,10573800.00,3453600.00,3726000.00,3394200.00,376.62,,,
A,16/01/26,16:34:00,443230323937FF171E0D-5,10578000.00,3454800.00,3727800.00,3395400.00,376.62,,,
A,16/01/26,16:39:00,443230323937FF171E0D-5,10582800.00,3456600.00,3729000.00,3397200.00,376.62,,,
A,16/01/26,16:44:00,443230323937FF171E0D-5,10587600.00,3458400.00,3730800.00,3398400.00,376.62,,,
A,16/01/26,16:49:00,443230323937FF171E0D-5,10592400.00,3459600.00,3732600.00,3400200.00,376.62,,,
A,16/01/26,16:54:00,443230323937FF171E0D-5,10597800.00,3461400.00,3734400.00,3402000.00,376.62,,,
A,16/01/26,16:59:00,443230323937FF171E0D-5,10602600.00,3463200.00,3736200.00,3403200.00,376.62,,,
A,16/01/26,17:04:00,443230323937FF171E0D-5,10606800.00,3464400.00,3737400.00,3405000.00,376.62,,,
A,16/01/26,17:09:00,443230323937FF171E0D-5,10611600.00,3466200.00,3739200.00,3406200.00,376.62,,,
A,16/01/26,17:14:00,443230323937FF171E0D-5,10617000.00,3468000.00,3741000.00,3408000.00,376.62,,,
A,16/01/26,17:19:00,443230323937FF171E0D-5,10621800.00,3469200.00,3742800.00,3409800.00,376.62,,,
A,16/01/26,17:24:00,443230323937FF171E0D-5,10626600.00,3471000.00,3744600.00,3411000.00,376.62,,,
A,16/01/26,17:29:00,443230323937FF171E0D-5,10632000.00,3472800.00,3746400.00,3412800.00,376.62,,,
A,16/01/26,17:34:00,443230323937FF171E0D-5,10636800.00,3474600.00,3747600.00,3414600.00,376.62,,,
A,16/01/26,17:39:00,443230323937FF171E0D-5,10641000.00,3475800.00,3749400.00,3415800.00,376.62,,,
A,16/01/26,17:44:00,443230323937FF171E0D-5,10646400.00,3477600.00,3751200.00,3417600.00,376.62,,,
A,16/01/26,17:49:00,443230323937FF171E0D-5,10651200.00,3479400.00,3753000.00,3418800.00,376.62,,,
A,16/01/26,17:54:00,443230323937FF171E0D-5,10656000.00,3480600.00,3754800.00,3420600.00,376.62,,,
A,16/01/26,17:59:00,443230323937FF171E0D-5,10661400.00,3482400.00,3756600.00,3422400.00,376.62,,,
A,16/01/26,18:04:00,443230323937FF171E0D-5,10665600.00,3484200.00,3757800.00,3423600.00,376.62,,,
A,16/01/26,18:09:00,443230323937FF171E0D-5,10670400.00,3485400.00,3759600.00,3425400.00,376.62,,,
A,16/01/26,18:14:00,443230323937FF171E0D-5,10675800.00,3487200.00,3761400.00,3427200.00,376.62,,,
A,16/01/26,18:19:00,443230323937FF171E0D-5,10680600.00,3489000.00,3763200.00,3428400.00,376.62,,,
A,16/01/26,18:24:00,443230323937FF171E0D-5,10685400.00,3490200.00,3765000.00,3430200.00,376.62,,,
A,16/01/26,18:29:00,443230323937FF171E0D-5,10690800.00,3492000.00,3766800.00,3432000.00,376.62,,,
A,16/01/26,18:34:00,443230323937FF171E0D-5,10695000.00,3493800.00,3768000.00,3433200.00,376.62,,,
A,16/01/26,18:39:00,443230323937FF171E0D-5,10700400.00,3495600.00,3769800.00,3435000.00,376.62,,,
A,16/01/26,18:44:00,443230323937FF171E0D-5,10704600.00,3496800.00,3771600.00,3436200.00,376.62,,,
A,16/01/26,18:49:00,443230323937FF171E0D-5,10710000.00,3498600.00,3773400.00,3438000.00,376.62,,,
A,16/01/26,18:54:00,443230323937FF171E0D-5,10715400.00,3500400.00,3775200.00,3439800.00,376.62,,,
A,16/01/26,18:59:00,443230323937FF171E0D-5,10719000.00,3501600.00,3776400.00,3441000.00,376.62,,,
A,16/01/26,19:04:00,443230323937FF171E0D-5,10724400.00,3503400.00,3778200.00,3442800.00,376.62,,,
A,16/01/26,19:09:00,443230323937FF171E0D-5,10729800.00,3505200.00,3780000.00,3444600.00,376.62,,,
A,16/01/26,19:14:00,443230323937FF171E0D-5,10734000.00,3506400.00,3781800.00,3445800.00,376.62,,,
A,16/01/26,19:19:00,443230323937FF171E0D-5,10739400.00,3508200.00,3783600.00,3447600.00,376.62,,,
A,16/01/26,19:24:00,443230323937FF171E0D-5,10744200.00,3510000.00,3784800.00,3449400.00,376.62,,,
A,16/01/26,19:29:00,443230323937FF171E0D-5,10749000.00,3511800.00,3786600.00,3450600.00,376.62,,,
A,16/01/26,19:34:00,443230323937FF171E0D-5,10753800.00,3513000.00,3788400.00,3452400.00,376.62,,,
A,16/01/26,19:39:00,443230323937FF171E0D-5,10759200.00,3514800.00,3790200.00,3454200.00,376.62,,,
A,16/01/26,19:44:00,443230323937FF171E0D-5,10764000.00,3516600.00,3792000.00,3455400.00,376.62,,,
A,16/01/26,19:49:00,443230323937FF171E0D-5,10768800.00,3517800.00,3793800.00,3457200.00,376.62,,,
A,16/01/26,19:54:00,443230323937FF171E0D-5,10773600.00,3519600.00,3795000.00,3459000.00,376.62,,,
A,16/01/26,19:59:00,443230323937FF171E0D-5,10778400.00,3521400.00,3796800.00,3460200.00,376.62,,,
A,16/01/26,20:04:00,443230323937FF171E0D-5,10783800.00,3523200.00,3798600.00,3462000.00,376.62,,,
A,16/01/26,20:09:00,443230323937FF171E0D-5,10788600.00,3524400.00,3800400.00,3463800.00,376.62,,,
A,16/01/26,20:14:00,443230323937FF171E0D-5,10792800.00,3526200.00,3801600.00,3465000.00,376.62,,,
A,16/01/26,20:19:00,443230323937FF171E0D-5,10798200.00,3528000.00,3803400.00,3466800.00,376.62,,,
A,16/01/26,20:24:00,443230323937FF171E0D-5,10802400.00,3529200.00,3805200.00,3468000.00,376.62,,,
A,16/01/26,20:29:00,443230323937FF171E0D-5,10807800.00,3531000.00,3807000.00,3469800.00,376.62,,,
A,16/01/26,20:34:00,443230323937FF171E0D-5,10813200.00,3532800.00,3808800.00,3471600.00,376.62,,,
A,16/01/26,20:39:00,443230323937FF171E0D-5,10817400.00,3534600.00,3810000.00,3472800.00,376.62,,,
A,16/01/26,20:44:00,443230323937FF171E0D-5,10822200.00,3535800.00,3811800.00,3474600.00,376.62,,,
A,16/01/26,20:49:00,443230323937FF171E0D-5,10827600.00,3537600.00,3813600.00,3476400.00,376.62,,,
A,16/01/26,20:54:00,443230323937FF171E0D-5,10832400.00,3539400.00,3815400.00,3477600.00,376.62,,,
A,16/01/26,20:59:00,443230323937FF171E0D-5,10837200.00,3540600.00,3817200.00,3479400.00,376.62,,,
A,16/01/26,21:04:00,443230323937FF171E0D-5,10842000.00,3542400.00,3818400.00,3481200.00,376.62,,,
A,16/01/26,21:09:00,443230323937FF171E0D-5,10846800.00,3544200.00,3820200.00,3482400.00,376.62,,,
A,16/01/26,21:14:00,443230323937FF171E0D-5,10852200.00,3546000.00,3822000.00,3484200.00,376.62,,,
A,16/01/26,21:19:00,443230323937FF171E0D-5,10857000.00,3547200.00,3823800.00,3486000.00,376.62,,,
A,16/01/26,21:24:00,443230323937FF171E0D-5,10861200.00,3549000.00,3825000.00,3487200.00,376.62,,,
A,16/01/26,21:29:00,443230323937FF171E0D-5,10866600.00,3550800.00,3826800.00,3489000.00,376.62,,,
A,16/01/26,21:34:00,443230323937FF171E0D-5,10871400.00,3552000.00,3828600.00,3490800.00,376.62,,,
A,16/01/26,21:39:00,443230323937FF171E0D-5,10876200.00,3553800.00,3830400.00,3492000.00,376.62,,,
A,16/01/26,21:44:00,443230323937FF171E0D-5,10881600.00,3555600.00,3832200.00,3493800.00,376.62,,,
A,16/01/26,21:49:00,443230323937FF171E0D-5,10885800.00,3556800.00,3833400.00,3495600.00,376.62,,,
A,16/01/26,21:54:00,443230323937FF171E0D-5,10890600.00,3558600.00,3835200.00,3496800.00,376.62,,,
A,16/01/26,21:59:00,443230323937FF171E0D-5,10896000.00,3560400.00,3837000.00,3498600.00,376.62,,,
A,16/01/26,22:04:00,443230323937FF171E0D-5,10900200.00,3561600.00,3838800.00,3499800.00,376.62,,,
A,16/01/26,22:09:00,443230323937FF171E0D-5,10905000.00,3563400.00,3840000.00,3501600.00,376.62,,,
A,16/01/26,22:14:00,443230323937FF171E0D-5,10910400.00,3565200.00,3841800.00,3503400.00,376.62,,,
A,16/01/26,22:19:00,443230323937FF171E0D-5,10914600.00,3566400.00,3843600.00,3504600.00,376.62,,,
A,16/01/26,22:24:00,443230323937FF171E0D-5,10920000.00,3568200.00,3845400.00,3506400.00,376.62,,,
A,16/01/26,22:29:00,443230323937FF171E0D-5,10925400.00,3570000.00,3847200.00,3508200.00,376.62,,,
A,16/01/26,22:34:00,443230323937FF171E0D-5,10929000.00,3571200.00,3848400.00,3509400.00,376.62,,,
A,16/01/26,22:39:00,443230323937FF171E0D-5,10934400.00,3573000.00,3850200.00,3511200.00,376.62,,,
A,16/01/26,22:44:00,443230323937FF171E0D-5,10939800.00,3574800.00,3852000.00,3513000.00,376.62,,,
A,16/01/26,22:49:00,443230323937FF171E0D-5,10944000.00,3576000.00,3853800.00,3514200.00,376.62,,,
A,16/01/26,22:54:00,443230323937FF171E0D-5,10949400.00,3577800.00,3855600.00,3516000.00,376.62,,,
A,16/01/26,22:59:00,443230323937FF171E0D-5,10954200.00,3579600.00,3856800.00,3517800.00,376.62,,,
A,16/01/26,23:04:00,443230323937FF171E0D-5,10958400.00,3580800.00,3858600.00,3519000.00,376.62,,,
A,16/01/26,23:09:00,443230323937FF171E0D-5,10963800.00,3582600.00,3860400.00,3520800.00,376.62,,,
A,16/01/26,23:14:00,443230323937FF171E0D-5,10968600.00,3583800.00,3862200.00,3522600.00,376.62,,,
A,16/01/26,23:19:00,443230323937FF171E0D-5,10973400.00,3585600.00,3864000.00,3523800.00,376.62,,,
A,16/01/26,23:24:00,443230323937FF171E0D-5,10978800.00,3587400.00,3865800.00,3525600.00,376.62,,,
A,16/01/26,23:29:00,443230323937FF171E0D-5,10983000.00,3588600.00,3867000.00,3527400.00,376.62,,,
A,16/01/26,23:34:00,443230323937FF171E0D-5,10987800.00,3590400.00,3868800.00,3528600.00,376.62,,,
A,16/01/26,23:39:00,443230323937FF171E0D-5,10993200.00,3592200.00,3870600.00,3530400.00,376.62,,,
A,16/01/26,23:44:00,443230323937FF171E0D-5,10998000.00,3593400.00,3872400.00,3532200.00,376.62,,,
A,16/01/26,23:49:00,443230323937FF171E0D-5,11002800.00,3595200.00,3874200.00,3533400.00,376.62,,,
A,16/01/26,23:54:00,443230323937FF171E0D-5,11007000.00,3596400.00,3875400.00,3535200.00,376.62,,,
A,16/01/26,23:59:00,443230323937FF171E0D-5,11012400.00,3598200.00,3877200.00,3537000.00,376.62,,,
A,17/01/26,00:04:00,443230323937FF171E0D-5,11017200.00,3600000.00,3879000.00,3538200.00,376.62,,,
A,17/01/26,00:09:00,443230323937FF171E0D-5,11022000.00,3601200.00,3880800.00,3540000.00,376.62,,,
A,17/01/26,00:14:00,443230323937FF171E0D-5,11027400.00,3603000.00,3882600.00,3541800.00,376.62,,,
A,17/01/26,00:19:00,443230323937FF171E0D-5,11031600.00,3604200.00,3884400.00,3543000.00,376.62,,,
A,17/01/26,00:24:00,443230323937FF171E0D-5,11036400.00,3606000.00,3885600.00,3544800.00,376.62,,,
A,17/01/26,00:29:00,443230323937FF171E0D-5,11041200.00,3607800.00,3887400.00,3546000.00,376.62,,,
A,17/01/26,00:34:00,443230323937FF171E0D-5,11046000.00,3609000.00,3889200.00,3547800.00,376.62,,,
A,17/01/26,00:39:00,443230323937FF171E0D-5,11051400.00,3610800.00,3891000.00,3549600.00,376.62,,,
A,17/01/26,00:44:00,443230323937FF171E0D-5,11056200.00,3612600.00,3892800.00,3550800.00,376.62,,,
A,17/01/26,00:49:00,443230323937FF171E0D-5,11060400.00,3613800.00,3894000.00,3552600.00,376.62,,,
A,17/01/26,00:54:00,443230323937FF171E0D-5,11065800.00,3615600.00,3895800.00,3554400.00,376.62,,,
A,17/01/26,00:59:00,443230323937FF171E0D-5,11070000.00,3616800.00,3897600.00,3555600.00,376.62,,,
A,17/01/26,01:04:00,443230323937FF171E0D-5,11075400.00,3618600.00,3899400.00,3557400.00,376.62,,,
A,17/01/26,01:09:00,443230323937FF171E0D-5,11080200.00,3620400.00,3901200.00,3558600.00,376.62,,,
A,17/01/26,01:14:00,443230323937FF171E0D-5,11085000.00,3621600.00,3903000.00,3560400.00,376.62,,,
A,17/01/26,01:19:00,443230323937FF171E0D-5,11090400.00,3623400.00,3904800.00,3562200.00,376.62,,,
A,17/01/26,01:24:00,443230323937FF171E0D-5,11094000.00,3624600.00,3906000.00,3563400.00,376.62,,,
A,17/01/26,01:29:00,443230323937FF171E0D-5,11099400.00,3626400.00,3907800.00,3565200.00,376.62,,,
A,17/01/26,01:34:00,443230323937FF171E0D-5,11104800.00,3628200.00,3909600.00,3567000.00,376.62,,,
A,17/01/26,01:39:00,443230323937FF171E0D-5,11109000.00,3629400.00,3911400.00,3568200.00,376.62,,,
A,17/01/26,01:44:00,443230323937FF171E0D-5,11114400.00,3631200.00,3913200.00,3570000.00,376.62,,,
A,17/01/26,01:49:00,443230323937FF171E0D-5,11119200.00,3632400.00,3915000.00,3571800.00,376.62,,,
A,17/01/26,01:54:00,443230323937FF171E0D-5,11123400.00,3634200.00,3916200.00,3573000.00,376.62,,,
A,17/01/26,01:59:00,443230323937FF171E0D-5,11128800.00,3636000.00,3918000.00,3574800.00,376.62,,,
A,17/01/26,02:04:00,443230323937FF171E0D-5,11133000.00,3637200.00,3919800.00,3576000.00,376.62,,,
A,17/01/26,02:09:00,443230323937FF171E0D-5,11138400.00,3639000.00,3921600.00,3577800.00,376.62,,,
A,17/01/26,02:14:00,443230323937FF171E0D-5,11143200.00,3640200.00,3923400.00,3579600.00,376.62,,,
A,17/01/26,02:19:00,443230323937FF171E0D-5,11147400.00,3642000.00,3924600.00,3580800.00,376.62,,,
A,17/01/26,02:24:00,443230323937FF171E0D-5,11152200.00,3643200.00,3926400.00,3582600.00,376.62,,,
A,17/01/26,02:29:00,443230323937FF171E0D-5,11157000.00,3645000.00,3928200.00,3583800.00,376.62,,,
A,17/01/26,02:34:00,443230323937FF171E0D-5,11161800.00,3646200.00,3930000.00,3585600.00,376.62,,,
A,17/01/26,02:39:00,443230323937FF171E0D-5,11167200.00,3648000.00,3931800.00,3587400.00,376.62,,,
A,17/01/26,02:44:00,443230323937FF171E0D-5,11171400.00,3649800.00,3933000.00,3588600.00,376.62,,,
A,17/01/26,02:49:00,443230323937FF171E0D-5,11176200.00,3651000.00,3934800.00,3590400.00,376.62,,,
A,17/01/26,02:54:00,443230323937FF171E0D-5,11181000.00,3652800.00,3936600.00,3591600.00,376.62,,,
A,17/01/26,02:59:00,443230323937FF171E0D-5,11185800.00,3654000.00,3938400.00,3593400.00,376.62,,,
A,17/01/26,03:04:00,443230323937FF171E0D-5,11191200.00,3655800.00,3940200.00,3595200.00,376.62,,,
A,17/01/26,03:09:00,443230323937FF171E0D-5,11194800.00,3657000.00,3941400.00,3596400.00,376.62,,,
A,17/01/26,03:14:00,443230323937FF171E0D-5,11200200.00,3658800.00,3943200.00,3598200.00,376.62,,,
A,17/01/26,03:19:00,443230323937FF171E0D-5,11204400.00,3660000.00,3945000.00,3599400.00,376.62,,,
A,17/01/26,03:24:00,443230323937FF171E0D-5,11209200.00,3661800.00,3946200.00,3601200.00,376.62,,,
A,17/01/26,03:29:00,443230323937FF171E0D-5,11213400.00,3663000.00,3948000.00,3602400.00,376.62,,,
A,17/01/26,03:34:00,443230323937FF171E0D-5,11218800.00,3664800.00,3949800.00,3604200.00,376.62,,,
A,17/01/26,03:39:00,443230323937FF171E0D-5,11222400.00,3666000.00,3951000.00,3605400.00,376.62,,,
A,17/01/26,03:44:00,443230323937FF171E0D-5,11226600.00,3667200.00,3952800.00,3606600.00,376.62,,,
A,17/01/26,03:49:00,443230323937FF171E0D-5,11232000.00,3669000.00,3954600.00,3608400.00,376.62,,,
A,17/01/26,03:54:00,443230323937FF171E0D-5,11235600.00,3670200.00,3955800.00,3609600.00,376.62,,,
A,17/01/26,03:59:00,443230323937FF171E0D-5,11241000.00,3672000.00,3957600.00,3611400.00,376.62,,,
A,17/01/26,04:04:00,443230323937FF171E0D-5,11245200.00,3673200.00,3959400.00,3612600.00,376.62,,,
A,17/01/26,04:09:00,443230323937FF171E0D-5,11250000.00,3675000.00,3960600.00,3614400.00,376.62,,,
A,17/01/26,04:14:00,443230323937FF171E0D-5,11254200.00,3676200.00,3962400.00,3615600.00,376.62,,,
A,17/01/26,04:19:00,443230323937FF171E0D-5,11259600.00,3678000.00,3964200.00,3617400.00,376.62,,,
A,17/01/26,04:24:00,443230323937FF171E0D-5,11263800.00,3679200.00,3966000.00,3618600.00,376.62,,,
A,17/01/26,04:29:00,443230323937FF171E0D-5,11268600.00,3681000.00,3967200.00,3620400.00,376.62,,,
A,17/01/26,04:34:00,443230323937FF171E0D-5,11272800.00,3682200.00,3969000.00,3621600.00,376.62,,,
A,17/01/26,04:39:00,443230323937FF171E0D-5,11277600.00,3683400.00,3970800.00,3623400.00,376.62,,,
A,17/01/26,04:44:00,443230323937FF171E0D-5,11281800.00,3685200.00,3972000.00,3624600.00,376.62,,,
A,17/01/26,04:49:00,443230323937FF171E0D-5,11286600.00,3686400.00,3973800.00,3626400.00,376.62,,,
A,17/01/26,04:54:00,443230323937FF171E0D-5,11291400.00,3688200.00,3975600.00,3627600.00,376.62,,,
A,17/01/26,04:59:00,443230323937FF171E0D-5,11295600.00,3689400.00,3976800.00,3629400.00,376.62,,,
A,17/01/26,05:04:00,443230323937FF171E0D-5,11300400.00,3691200.00,3978600.00,3630600.00,376.62,,,
A,17/01/26,05:09:00,443230323937FF171E0D-5,11305200.00,3692400.00,3980400.00,3632400.00,376.62,,,
A,17/01/26,05:14:00,443230323937FF171E0D-5,11310000.00,3694200.00,3982200.00,3633600.00,376.62,,,
A,17/01/26,05:19:00,443230323937FF171E0D-5,11314200.00,3695400.00,3983400.00,3635400.00,376.62,,,
A,17/01/26,05:24:00,443230323937FF171E0D-5,11319000.00,3697200.00,3985200.00,3636600.00,376.62,,,
A,17/01/26,05:29:00,443230323937FF171E0D-5,11323800.00,3698400.00,3987000.00,3638400.00,376.62,,,
A,17/01/26,05:34:00,443230323937FF171E0D-5,11327400.00,3699600.00,3988200.00,3639600.00,376.62,,,
A,17/01/26,05:39:00,443230323937FF171E0D-5,11332800.00,3701400.00,3990000.00,3641400.00,376.62,,,
A,17/01/26,05:44:00,443230323937FF171E0D-5,11337000.00,3702600.00,3991800.00,3642600.00,376.62,,,
A,17/01/26,05:49:00,443230323937FF171E0D-5,11341800.00,3704400.00,3993000.00,3644400.00,376.62,,,
A,17/01/26,05:54:00,443230323937FF171E0D-5,11346000.00,3705600.00,3994800.00,3645600.00,376.62,,,
A,17/01/26,05:59:00,443230323937FF171E0D-5,11351400.00,3707400.00,3996600.00,3647400.00,376.62,,,
A,17/01/26,06:04:00,443230323937FF171E0D-5,11355000.00,3708600.00,3997800.00,3648600.00,376.62,,,
A,17/01/26,06:09:00,443230323937FF171E0D-5,11360400.00,3710400.00,3999600.00,3650400.00,376.62,,,
A,17/01/26,06:14:00,443230323937FF171E0D-5,11364600.00,3711600.00,4001400.00,3651600.00,376.62,,,
A,17/01/26,06:19:00,443230323937FF171E0D-5,11369400.00,3713400.00,4002600.00,3653400.00,376.62,,,
A,17/01/26,06:24:00,443230323937FF171E0D-5,11373600.00,3714600.00,4004400.00,3654600.00,376.62,,,
A,17/01/26,06:29:00,443230323937FF171E0D-5,11379000.00,3716400.00,4006200.00,3656400.00,376.62,,,
A,17/01/26,06:34:00,443230323937FF171E0D-5,11382600.00,3717600.00,4007400.00,3657600.00,376.62,,,
A,17/01/26,06:39:00,443230323937FF171E0D-5,11388000.00,3719400.00,4009200.00,3659400.00,376.62,,,
A,17/01/26,06:44:00,443230323937FF171E0D-5,11392200.00,3720600.00,4011000.00,3660600.00,376.62,,,
A,17/01/26,06:49:00,443230323937FF171E0D-5,11395800.00,3721800.00,4012200.00,3661800.00,376.62,,,
A,17/01/26,06:54:00,443230323937FF171E0D-5,11401200.00,3723600.00,4014000.00,3663600.00,376.62,,,
A,17/01/26,06:59:00,443230323937FF171E0D-5,11404800.00,3724800.00,4015200.00,3664800.00,376.62,,,
A,17/01/26,07:04:00,443230323937FF171E0D-5,11410200.00,3726600.00,4017000.00,3666600.00,376.62,,,
A,17/01/26,07:09:00,443230323937FF171E0D-5,11414400.00,3727800.00,4018800.00,3667800.00,376.62,,,
A,17/01/26,07:14:00,443230323937FF171E0D-5,11419200.00,3729600.00,4020000.00,3669600.00,376.62,,,
A,17/01/26,07:19:00,443230323937FF171E0D-5,11423400.00,3730800.00,4021800.00,3670800.00,376.62,,,
A,17/01/26,07:24:00,443230323937FF171E0D-5,11428200.00,3732600.00,4023600.00,3672000.00,376.62,,,
A,17/01/26,07:29:00,443230323937FF171E0D-5,11432400.00,3733800.00,4024800.00,3673800.00,376.62,,,
A,17/01/26,07:34:00,443230323937FF171E0D-5,11436600.00,3735000.00,4026600.00,3675000.00,376.62,,,
A,17/01/26,07:39:00,443230323937FF171E0D-5,11441400.00,3736800.00,4027800.00,3676800.00,376.62,,,
A,17/01/26,07:44:00,443230323937FF171E0D-5,11445600.00,3738000.00,4029600.00,3678000.00,376.62,,,
A,17/01/26,07:49:00,443230323937FF171E0D-5,11450400.00,3739800.00,4031400.00,3679200.00,376.62,,,
A,17/01/26,07:54:00,443230323937FF171E0D-5,11454600.00,3741000.00,4032600.00,3681000.00,376.62,,,
A,17/01/26,07:59:00,443230323937FF171E0D-5,11458800.00,3742200.00,4034400.00,3682200.00,376.62,,,
A,17/01/26,08:04:00,443230323937FF171E0D-5,11464200.00,3744000.00,4036200.00,3684000.00,376.62,,,
A,17/01/26,08:09:00,443230323937FF171E0D-5,11467800.00,3745200.00,4037400.00,3685200.00,376.62,,,
A,17/01/26,08:14:00,443230323937FF171E0D-5,11472600.00,3747000.00,4039200.00,3686400.00,376.62,,,
A,17/01/26,08:19:00,443230323937FF171E0D-5,11476800.00,3748200.00,4040400.00,3688200.00,376.62,,,
A,17/01/26,08:24:00,443230323937FF171E0D-5,11481600.00,3750000.00,4042200.00,3689400.00,376.62,,,
A,17/01/26,08:29:00,443230323937FF171E0D-5,11486400.00,3751200.00,4044000.00,3691200.00,376.62,,,
A,17/01/26,08:34:00,443230323937FF171E0D-5,11490000.00,3752400.00,4045200.00,3692400.00,376.62,,,
A,17/01/26,08:39:00,443230323937FF171E0D-5,11494800.00,3754200.00,4047000.00,3693600.00,376.62,,,
A,17/01/26,08:44:00,443230323937FF171E0D-5,11499000.00,3755400.00,4048200.00,3695400.00,376.62,,,
A,17/01/26,08:49:00,443230323937FF171E0D-5,11503200.00,3756600.00,4050000.00,3696600.00,376.62,,,
A,17/01/26,08:54:00,443230323937FF171E0D-5,11507400.00,3758400.00,4051200.00,3697800.00,376.62,,,
A,17/01/26,08:59:00,443230323937FF171E0D-5,11512200.00,3759600.00,4053000.00,3699600.00,376.62,,,
A,17/01/26,09:04:00,443230323937FF171E0D-5,11516400.00,3761400.00,4054200.00,3700800.00,376.62,,,
A,17/01/26,09:09:00,443230323937FF171E0D-5,11521200.00,3762600.00,4056000.00,3702600.00,376.62,,,
A,17/01/26,09:14:00,443230323937FF171E0D-5,11525400.00,3763800.00,4057800.00,3703800.00,376.62,,,
A,17/01/26,09:19:00,443230323937FF171E0D-5,11529600.00,3765600.00,4059000.00,3705000.00,376.62,,,
A,17/01/26,09:24:00,443230323937FF171E0D-5,11534400.00,3766800.00,4060800.00,3706800.00,376.62,,,
A,17/01/26,09:29:00,443230323937FF171E0D-5,11538600.00,3768600.00,4062000.00,3708000.00,376.62,,,
A,17/01/26,09:34:00,443230323937FF171E0D-5,11543400.00,3769800.00,4063800.00,3709800.00,376.62,,,
A,17/01/26,09:39:00,443230323937FF171E0D-5,11547600.00,3771600.00,4065000.00,3711000.00,376.62,,,
A,17/01/26,09:44:00,443230323937FF171E0D-5,11551800.00,3772800.00,4066800.00,3712200.00,376.62,,,
A,17/01/26,09:49:00,443230323937FF171E0D-5,11556000.00,3774000.00,4068000.00,3714000.00,376.62,,,
A,17/01/26,09:54:00,443230323937FF171E0D-5,11560800.00,3775800.00,4069800.00,3715200.00,376.62,,,
A,17/01/26,09:59:00,443230323937FF171E0D-5,11565000.00,3777000.00,4071000.00,3717000.00,376.62,,,
A,17/01/26,10:04:00,443230323937FF171E0D-5,11569200.00,3778200.00,4072800.00,3718200.00,376.62,,,
A,17/01/26,10:09:00,443230323937FF171E0D-5,11574000.00,3780000.00,4074600.00,3719400.00,376.62,,,
A,17/01/26,10:14:00,443230323937FF171E0D-5,11578200.00,3781200.00,4075800.00,3721200.00,376.62,,,
A,17/01/26,10:19:00,443230323937FF171E0D-5,11583000.00,3783000.00,4077600.00,3722400.00,376.62,,,
A,17/01/26,10:24:00,443230323937FF171E0D-5,11586600.00,3784200.00,4078800.00,3723600.00,376.62,,,
A,17/01/26,10:29:00,443230323937FF171E0D-5,11591400.00,3785400.00,4080600.00,3725400.00,376.62,,,
A,17/01/26,10:34:00,443230323937FF171E0D-5,11595600.00,3787200.00,4081800.00,3726600.00,376.62,,,
A,17/01/26,10:39:00,443230323937FF171E0D-5,11600400.00,3788400.00,4083600.00,3728400.00,376.62,,,
A,17/01/26,10:44:00,443230323937FF171E0D-5,11604600.00,3790200.00,4084800.00,3729600.00,376.62,,,
A,17/01/26,10:49:00,443230323937FF171E0D-5,11608800.00,3791400.00,4086600.00,3730800.00,376.62,,,
A,17/01/26,10:54:00,443230323937FF171E0D-5,11613000.00,3792600.00,4087800.00,3732600.00,376.62,,,
A,17/01/26,10:59:00,443230323937FF171E0D-5,11617800.00,3794400.00,4089600.00,3733800.00,376.62,,,
A,17/01/26,11:04:00,443230323937FF171E0D-5,11622000.00,3795600.00,4090800.00,3735600.00,376.62,,,
A,17/01/26,11:09:00,443230323937FF171E0D-5,11626800.00,3797400.00,4092600.00,3736800.00,376.62,,,
A,17/01/26,11:14:00,443230323937FF171E0D-5,11631000.00,3798600.00,4094400.00,3738000.00,376.62,,,
A,17/01/26,11:19:00,443230323937FF171E0D-5,11635200.00,3799800.00,4095600.00,3739800.00,376.62,,,
A,17/01/26,11:24:00,443230323937FF171E0D-5,11640000.00,3801600.00,4097400.00,3741000.00,376.62,,,
A,17/01/26,11:29:00,443230323937FF171E0D-5,11643600.00,3802800.00,4098600.00,3742200.00,376.62,,,
A,17/01/26,11:34:00,443230323937FF171E0D-5,11649000.00,3804600.00,4100400.00,3744000.00,376.62,,,
A,17/01/26,11:39:00,443230323937FF171E0D-5,11652600.00,3805800.00,4101600.00,3745200.00,376.62,,,
A,17/01/26,11:44:00,443230323937FF171E0D-5,11658000.00,3807600.00,4103400.00,3747000.00,376.62,,,
A,17/01/26,11:49:00,443230323937FF171E0D-5,11661600.00,3808800.00,4104600.00,3748200.00,376.62,,,
A,17/01/26,11:54:00,443230323937FF171E0D-5,11665800.00,3810000.00,4106400.00,3749400.00,376.62,,,
A,17/01/26,11:59:00,443230323937FF171E0D-5,11671200.00,3811800.00,4108200.00,3751200.00,376.62,,,
A,17/01/26,12:04:00,443230323937FF171E0D-5,11674800.00,3813000.00,4109400.00,3752400.00,376.62,,,
A,17/01/26,12:09:00,443230323937FF171E0D-5,11679600.00,3814800.00,4111200.00,3753600.00,376.62,,,
A,17/01/26,12:14:00,443230323937FF171E0D-5,11683800.00,3816000.00,4112400.00,3755400.00,376.62,,,
A,17/01/26,12:19:00,443230323937FF171E0D-5,11688000.00,3817200.00,4114200.00,3756600.00,376.62,,,
A,17/01/26,12:24:00,443230323937FF171E0D-5,11693400.00,3819000.00,4116000.00,3758400.00,376.62,,,
A,17/01/26,12:29:00,443230323937FF171E0D-5,11697000.00,3820200.00,4117200.00,3759600.00,376.62,,,
A,17/01/26,12:34:00,443230323937FF171E0D-5,11701200.00,3821400.00,4119000.00,3760800.00,376.62,,,
A,17/01/26,12:39:00,443230323937FF171E0D-5,11706000.00,3823200.00,4120200.00,3762600.00,376.62,,,
A,17/01/26,12:44:00,443230323937FF171E0D-5,11710200.00,3824400.00,4122000.00,3763800.00,376.62,,,
A,17/01/26,12:49:00,443230323937FF171E0D-5,11714400.00,3826200.00,4123200.00,3765000.00,376.62,,,
A,17/01/26,12:54:00,443230323937FF171E0D-5,11719200.00,3827400.00,4125000.00,3766800.00,376.62,,,
A,17/01/26,12:59:00,443230323937FF171E0D-5,11723400.00,3828600.00,4126800.00,3768000.00,376.62,,,
A,17/01/26,13:04:00,443230323937FF171E0D-5,11728200.00,3830400.00,4128000.00,3769800.00,376.62,,,
A,17/01/26,13:09:00,443230323937FF171E0D-5,11732400.00,3831600.00,4129800.00,3771000.00,376.62,,,
A,17/01/26,13:14:00,443230323937FF171E0D-5,11736600.00,3833400.00,4131000.00,3772200.00,376.62,,,
A,17/01/26,13:19:00,443230323937FF171E0D-5,11741400.00,3834600.00,4132800.00,3774000.00,376.62,,,
A,17/01/26,13:24:00,443230323937FF171E0D-5,11745600.00,3835800.00,4134600.00,3775200.00,376.62,,,
A,17/01/26,13:29:00,443230323937FF171E0D-5,11749800.00,3837600.00,4135800.00,3776400.00,376.62,,,
A,17/01/26,13:34:00,443230323937FF171E0D-5,11754600.00,3838800.00,4137600.00,3778200.00,376.62,,,
A,17/01/26,13:39:00,443230323937FF171E0D-5,11758800.00,3840600.00,4138800.00,3779400.00,376.62,,,
A,17/01/26,13:44:00,443230323937FF171E0D-5,11763600.00,3841800.00,4140600.00,3781200.00,376.62,,,
A,17/01/26,13:49:00,443230323937FF171E0D-5,11767800.00,3843000.00,4142400.00,3782400.00,376.62,,,
A,17/01/26,13:54:00,443230323937FF171E0D-5,11772000.00,3844800.00,4143600.00,3783600.00,376.62,,,
A,17/01/26,13:59:00,443230323937FF171E0D-5,11776800.00,3846000.00,4145400.00,3785400.00,376.62,,,
A,17/01/26,14:04:00,443230323937FF171E0D-5,11781000.00,3847800.00,4146600.00,3786600.00,376.62,,,
A,17/01/26,14:09:00,443230323937FF171E0D-5,11785800.00,3849000.00,4148400.00,3788400.00,376.62,,,
A,17/01/26,14:14:00,443230323937FF171E0D-5,11790000.00,3850200.00,4150200.00,3789600.00,376.62,,,
A,17/01/26,14:19:00,443230323937FF171E0D-5,11794200.00,3852000.00,4151400.00,3790800.00,376.62,,,
A,17/01/26,14:24:00,443230323937FF171E0D-5,11799000.00,3853200.00,4153200.00,3792600.00,376.62,,,
A,17/01/26,14:29:00,443230323937FF171E0D-5,11803200.00,3855000.00,4154400.00,3793800.00,376.62,,,
A,17/01/26,14:34:00,443230323937FF171E0D-5,11808000.00,3856200.00,4156200.00,3795600.00,376.62,,,
A,17/01/26,14:39:00,443230323937FF171E0D-5,11811600.00,3857400.00,4157400.00,3796800.00,376.62,,,
A,17/01/26,14:44:00,443230323937FF171E0D-5,11816400.00,3859200.00,4159200.00,3798000.00,376.62,,,
A,17/01/26,14:49:00,443230323937FF171E0D-5,11821200.00,3860400.00,4161000.00,3799800.00,376.62,,,
A,17/01/26,14:54:00,443230323937FF171E0D-5,11825400.00,3862200.00,4162200.00,3801000.00,376.62,,,
A,17/01/26,14:59:00,443230323937FF171E0D-5,11829600.00,3863400.00,4164000.00,3802200.00,376.62,,,
A,17/01/26,15:04:00,443230323937FF171E0D-5,11834400.00,3865200.00,4165200.00,3804000.00,376.62,,,
A,17/01/26,15:09:00,443230323937FF171E0D-5,11838600.00,3866400.00,4167000.00,3805200.00,376.62,,,
A,17/01/26,15:14:00,443230323937FF171E0D-5,11843400.00,3867600.00,4168800.00,3807000.00,376.62,,,
A,17/01/26,15:19:00,443230323937FF171E0D-5,11847600.00,3869400.00,4170000.00,3808200.00,376.62,,,
A,17/01/26,15:24:00,443230323937FF171E0D-5,11851800.00,3870600.00,4171800.00,3809400.00,376.62,,,
A,17/01/26,15:29:00,443230323937FF171E0D-5,11856600.00,3872400.00,4173000.00,3811200.00,376.62,,,
A,17/01/26,15:34:00,443230323937FF171E0D-5,11860800.00,3873600.00,4174800.00,3812400.00,376.62,,,
A,17/01/26,15:39:00,443230323937FF171E0D-5,11865600.00,3874800.00,4176600.00,3814200.00,376.62,,,
A,17/01/26,15:44:00,443230323937FF171E0D-5,11869800.00,3876600.00,4177800.00,3815400.00,376.62,,,
A,17/01/26,15:49:00,443230323937FF171E0D-5,11874000.00,3877800.00,4179600.00,3816600.00,376.62,,,
A,17/01/26,15:54:00,443230323937FF171E0D-5,11878800.00,3879600.00,4180800.00,3818400.00,376.62,,,
A,17/01/26,15:59:00,443230323937FF171E0D-5,11883000.00,3880800.00,4182600.00,3819600.00,376.62,,,
A,17/01/26,16:04:00,443230323937FF171E0D-5,11887800.00,3882000.00,4184400.00,3821400.00,376.62,,,
A,17/01/26,16:09:00,443230323937FF171E0D-5,11892000.00,3883800.00,4185600.00,3822600.00,376.62,,,
A,17/01/26,16:14:00,443230323937FF171E0D-5,11896200.00,3885000.00,4187400.00,3823800.00,376.62,,,
A,17/01/26,16:19:00,443230323937FF171E0D-5,11901600.00,3886800.00,4189200.00,3825600.00,376.62,,,
A,17/01/26,16:24:00,443230323937FF171E0D-5,11905200.00,3888000.00,4190400.00,3826800.00,376.62,,,
A,17/01/26,16:29:00,443230323937FF171E0D-5,11910000.00,3889800.00,4192200.00,3828000.00,376.62,,,
A,17/01/26,16:34:00,443230323937FF171E0D-5,11914200.00,3891000.00,4193400.00,3829800.00,376.62,,,
A,17/01/26,16:39:00,443230323937FF171E0D-5,11918400.00,3892200.00,4195200.00,3831000.00,376.62,,,
A,17/01/26,16:44:00,443230323937FF171E0D-5,11923800.00,3894000.00,4197000.00,3832800.00,376.62,,,
A,17/01/26,16:49:00,443230323937FF171E0D-5,11927400.00,3895200.00,4198200.00,3834000.00,376.62,,,
A,17/01/26,16:54:00,443230323937FF171E0D-5,11932200.00,3897000.00,4200000.00,3835200.00,376.62,,,
A,17/01/26,16:59:00,443230323937FF171E0D-5,11936400.00,3898200.00,4201200.00,3837000.00,376.62,,,
A,17/01/26,17:04:00,443230323937FF171E0D-5,11941200.00,3900000.00,4203000.00,3838200.00,376.62,,,
A,17/01/26,17:09:00,443230323937FF171E0D-5,11946000.00,3901200.00,4204800.00,3840000.00,376.62,,,
A,17/01/26,17:14:00,443230323937FF171E0D-5,11950200.00,3903000.00,4206000.00,3841200.00,376.62,,,
A,17/01/26,17:19:00,443230323937FF171E0D-5,11954400.00,3904200.00,4207800.00,3842400.00,376.62,,,
A,17/01/26,17:24:00,443230323937FF171E0D-5,11958600.00,3905400.00,4209000.00,3844200.00,376.62,,,
A,17/01/26,17:29:00,443230323937FF171E0D-5,11963400.00,3907200.00,4210800.00,3845400.00,376.62,,,
A,17/01/26,17:34:00,443230323937FF171E0D-5,11967600.00,3908400.00,4212600.00,3846600.00,376.62,,,
A,17/01/26,17:39:00,443230323937FF171E0D-5,11972400.00,3910200.00,4213800.00,3848400.00,376.62,,,
A,17/01/26,17:44:00,443230323937FF171E0D-5,11976600.00,3911400.00,4215600.00,3849600.00,376.62,,,
A,17/01/26,17:49:00,443230323937FF171E0D-5,11981400.00,3912600.00,4217400.00,3851400.00,376.62,,,
A,17/01/26,17:54:00,443230323937FF171E0D-5,11985600.00,3914400.00,4218600.00,3852600.00,376.62,,,
A,17/01/26,17:59:00,443230323937FF171E0D-5,11989800.00,3915600.00,4220400.00,3853800.00,376.62,,,
A,17/01/26,18:04:00,443230323937FF171E0D-5,11994600.00,3917400.00,4221600.00,3855600.00,376.62,,,
A,17/01/26,18:09:00,443230323937FF171E0D-5,11998800.00,3918600.00,4223400.00,3856800.00,376.62,,,
A,17/01/26,18:14:00,443230323937FF171E0D-5,12004200.00,3920400.00,4225200.00,3858600.00,376.62,,,
A,17/01/26,18:19:00,443230323937FF171E0D-5,12007800.00,3921600.00,4226400.00,3859800.00,376.62,,,
A,17/01/26,18:24:00,443230323937FF171E0D-5,12012000.00,3922800.00,4228200.00,3861000.00,376.62,,,
A,17/01/26,18:29:00,443230323937FF171E0D-5,12017400.00,3924600.00,4230000.00,3862800.00,376.62,,,
A,17/01/26,18:34:00,443230323937FF171E0D-5,12021000.00,3925800.00,4231200.00,3864000.00,376.62,,,
A,17/01/26,18:39:00,443230323937FF171E0D-5,12025800.00,3927000.00,4233000.00,3865800.00,376.62,,,
A,17/01/26,18:44:00,443230323937FF171E0D-5,12030000.00,3928800.00,4234200.00,3867000.00,376.62,,,
A,17/01/26,18:49:00,443230323937FF171E0D-5,12034800.00,3930000.00,4236000.00,3868800.00,376.62,,,
A,17/01/26,18:54:00,443230323937FF171E0D-5,12039600.00,3931800.00,4237800.00,3870000.00,376.62,,,
A,17/01/26,18:59:00,443230323937FF171E0D-5,12043200.00,3933000.00,4239000.00,3871200.00,376.62,,,
A,17/01/26,19:04:00,443230323937FF171E0D-5,12048000.00,3934200.00,4240800.00,3873000.00,376.62,,,
A,17/01/26,19:09:00,443230323937FF171E0D-5,12052200.00,3936000.00,4242000.00,3874200.00,376.62,,,
A,17/01/26,19:14:00,443230323937FF171E0D-5,12057000.00,3937200.00,4243800.00,3876000.00,376.62,,,
A,17/01/26,19:19:00,443230323937FF171E0D-5,12061800.00,3939000.00,4245600.00,3877200.00,376.62,,,
A,17/01/26,19:24:00,443230323937FF171E0D-5,12066000.00,3940200.00,4246800.00,3879000.00,376.62,,,
A,17/01/26,19:29:00,443230323937FF171E0D-5,12070200.00,3941400.00,4248600.00,3880200.00,376.62,,,
A,17/01/26,19:34:00,443230323937FF171E0D-5,12075000.00,3943200.00,4249800.00,3882000.00,376.62,,,
A,17/01/26,19:39:00,443230323937FF171E0D-5,12079200.00,3944400.00,4251600.00,3883200.00,376.62,,,
A,17/01/26,19:44:00,443230323937FF171E0D-5,12083400.00,3945600.00,4253400.00,3884400.00,376.62,,,
A,17/01/26,19:49:00,443230323937FF171E0D-5,12088200.00,3947400.00,4254600.00,3886200.00,376.62,,,
A,17/01/26,19:54:00,443230323937FF171E0D-5,12092400.00,3948600.00,4256400.00,3887400.00,376.62,,,
A,17/01/26,19:59:00,443230323937FF171E0D-5,12097200.00,3950400.00,4257600.00,3889200.00,376.62,,,
A,17/01/26,20:04:00,443230323937FF171E0D-5,12101400.00,3951600.00,4259400.00,3890400.00,376.62,,,
A,17/01/26,20:09:00,443230323937FF171E0D-5,12106200.00,3952800.00,4261200.00,3892200.00,376.62,,,
A,17/01/26,20:14:00,443230323937FF171E0D-5,12110400.00,3954600.00,4262400.00,3893400.00,376.62,,,
A,17/01/26,20:19:00,443230323937FF171E0D-5,12115200.00,3955800.00,4264200.00,3895200.00,376.62,,,
A,17/01/26,20:24:00,443230323937FF171E0D-5,12119400.00,3957600.00,4265400.00,3896400.00,376.62,,,
A,17/01/26,20:29:00,443230323937FF171E0D-5,12124200.00,3958800.00,4267200.00,3898200.00,376.62,,,
A,17/01/26,20:34:00,443230323937FF171E0D-5,12127800.00,3960000.00,4268400.00,3899400.00,376.62,,,
A,17/01/26,20:39:00,443230323937FF171E0D-5,12132600.00,3961800.00,4270200.00,3900600.00,376.62,,,
A,17/01/26,20:44:00,443230323937FF171E0D-5,12137400.00,3963000.00,4272000.00,3902400.00,376.62,,,
A,17/01/26,20:49:00,443230323937FF171E0D-5,12141000.00,3964200.00,4273200.00,3903600.00,376.62,,,
A,17/01/26,20:54:00,443230323937FF171E0D-5,12146400.00,3966000.00,4275000.00,3905400.00,376.62,,,
A,17/01/26,20:59:00,443230323937FF171E0D-5,12150600.00,3967200.00,4276800.00,3906600.00,376.62,,,
A,17/01/26,21:04:00,443230323937FF171E0D-5,12155400.00,3969000.00,4278000.00,3908400.00,376.62,,,
A,17/01/26,21:09:00,443230323937FF171E0D-5,12159600.00,3970200.00,4279800.00,3909600.00,376.62,,,
A,17/01/26,21:14:00,443230323937FF171E0D-5,12163800.00,3971400.00,4281000.00,3911400.00,376.62,,,
A,17/01/26,21:19:00,443230323937FF171E0D-5,12168600.00,3973200.00,4282800.00,3912600.00,376.62,,,
A,17/01/26,21:24:00,443230323937FF171E0D-5,12173400.00,3974400.00,4284600.00,3914400.00,376.62,,,
A,17/01/26,21:29:00,443230323937FF171E0D-5,12177000.00,3975600.00,4285800.00,3915600.00,376.62,,,
A,17/01/26,21:34:00,443230323937FF171E0D-5,12182400.00,3977400.00,4287600.00,3917400.00,376.62,,,
A,17/01/26,21:39:00,443230323937FF171E0D-5,12186000.00,3978600.00,4288800.00,3918600.00,376.62,,,
A,17/01/26,21:44:00,443230323937FF171E0D-5,12190800.00,3980400.00,4290600.00,3919800.00,376.62,,,
A,17/01/26,21:49:00,443230323937FF171E0D-5,12195600.00,3981600.00,4292400.00,3921600.00,376.62,,,
A,17/01/26,21:54:00,443230323937FF171E0D-5,12199200.00,3982800.00,4293600.00,3922800.00,376.62,,,
A,17/01/26,21:59:00,443230323937FF171E0D-5,12204600.00,3984600.00,4295400.00,3924600.00,376.62,,,
A,17/01/26,22:04:00,443230323937FF171E0D-5,12208200.00,3985800.00,4296600.00,3925800.00,376.62,,,
A,17/01/26,22:09:00,443230323937FF171E0D-5,12213000.00,3987000.00,4298400.00,3927600.00,376.62,,,
A,17/01/26,22:14:00,443230323937FF171E0D-5,12217200.00,3988800.00,4299600.00,3928800.00,376.62,,,
A,17/01/26,22:19:00,443230323937FF171E0D-5,12222000.00,3990000.00,4301400.00,3930600.00,376.62,,,
A,17/01/26,22:24:00,443230323937FF171E0D-5,12226800.00,3991800.00,4303200.00,3931800.00,376.62,,,
A,17/01/26,22:29:00,443230323937FF171E0D-5,12231000.00,3993000.00,4304400.00,3933600.00,376.62,,,
A,17/01/26,22:34:00,443230323937FF171E0D-5,12235200.00,3994200.00,4306200.00,3934800.00,376.62,,,
A,17/01/26,22:39:00,443230323937FF171E0D-5,12240000.00,3996000.00,4307400.00,3936600.00,376.62,,,
A,17/01/26,22:44:00,443230323937FF171E0D-5,12244200.00,3997200.00,4309200.00,3937800.00,376.62,,,
A,17/01/26,22:49:00,443230323937FF171E0D-5,12249600.00,3999000.00,4311000.00,3939600.00,376.62,,,
A,17/01/26,22:54:00,443230323937FF171E0D-5,12253200.00,4000200.00,4312200.00,3940800.00,376.62,,,
A,17/01/26,22:59:00,443230323937FF171E0D-5,12257400.00,4001400.00,4314000.00,3942000.00,376.62,,,
A,17/01/26,23:04:00,443230323937FF171E0D-5,12262200.00,4003200.00,4315200.00,3943800.00,376.62,,,
A,17/01/26,23:09:00,443230323937FF171E0D-5,12266400.00,4004400.00,4317000.00,3945000.00,376.62,,,
A,17/01/26,23:14:00,443230323937FF171E0D-5,12271200.00,4005600.00,4318800.00,3946800.00,376.62,,,
A,17/01/26,23:19:00,443230323937FF171E0D-5,12275400.00,4007400.00,4320000.00,3948000.00,376.62,,,
A,17/01/26,23:24:00,443230323937FF171E0D-5,12280200.00,4008600.00,4321800.00,3949800.00,376.62,,,
A,17/01/26,23:29:00,443230323937FF171E0D-5,12283800.00,4009800.00,4323000.00,3951000.00,376.62,,,
A,17/01/26,23:34:00,443230323937FF171E0D-5,12289200.00,4011600.00,4324800.00,3952800.00,376.62,,,
A,17/01/26,23:39:00,443230323937FF171E0D-5,12293400.00,4012800.00,4326600.00,3954000.00,376.62,,,
A,17/01/26,23:44:00,443230323937FF171E0D-5,12298200.00,4014600.00,4327800.00,3955800.00,376.62,,,
A,17/01/26,23:49:00,443230323937FF171E0D-5,12302400.00,4015800.00,4329600.00,3957000.00,376.62,,,
A,17/01/26,23:54:00,443230323937FF171E0D-5,12306600.00,4017000.00,4330800.00,3958800.00,376.62,,,
A,17/01/26,23:59:00,443230323937FF171E0D-5,12311400.00,4018800.00,4332600.00,3960000.00,376.62,,,
A,18/01/26,00:04:00,443230323937FF171E0D-5,12315600.00,4020000.00,4333800.00,3961800.00,376.62,,,
A,18/01/26,00:09:00,443230323937FF171E0D-5,12319800.00,4021200.00,4335600.00,3963000.00,376.62,,,
A,18/01/26,00:14:00,443230323937FF171E0D-5,12325200.00,4023000.00,4337400.00,3964800.00,376.62,,,
A,18/01/26,00:19:00,443230323937FF171E0D-5,12328800.00,4024200.00,4338600.00,3966000.00,376.62,,,
A,18/01/26,00:24:00,443230323937FF171E0D-5,12333000.00,4025400.00,4340400.00,3967200.00,376.62,,,
A,18/01/26,00:29:00,443230323937FF171E0D-5,12337800.00,4027200.00,4341600.00,3969000.00,376.62,,,
A,18/01/26,00:34:00,443230323937FF171E0D-5,12342000.00,4028400.00,4343400.00,3970200.00,376.62,,,
A,18/01/26,00:39:00,443230323937FF171E0D-5,12346800.00,4029600.00,4345200.00,3972000.00,376.62,,,
A,18/01/26,00:44:00,443230323937FF171E0D-5,12351000.00,4031400.00,4346400.00,3973200.00,376.62,,,
A,18/01/26,00:49:00,443230323937FF171E0D-5,12355800.00,4032600.00,4348200.00,3975000.00,376.62,,,
A,18/01/26,00:54:00,443230323937FF171E0D-5,12360000.00,4034400.00,4349400.00,3976200.00,376.62,,,
A,18/01/26,00:59:00,443230323937FF171E0D-5,12364800.00,4035600.00,4351200.00,3978000.00,376.62,,,
A,18/01/26,01:04:00,443230323937FF171E0D-5,12369000.00,4036800.00,4353000.00,3979200.00,376.62,,,
A,18/01/26,01:09:00,443230323937FF171E0D-5,12373800.00,4038600.00,4354200.00,3981000.00,376.62,,,
A,18/01/26,01:14:00,443230323937FF171E0D-5,12378000.00,4039800.00,4356000.00,3982200.00,376.62,,,
A,18/01/26,01:19:00,443230323937FF171E0D-5,12382800.00,4041000.00,4357800.00,3984000.00,376.62,,,
A,18/01/26,01:24:00,443230323937FF171E0D-5,12387000.00,4042800.00,4359000.00,3985200.00,376.62,,,
A,18/01/26,01:29:00,443230323937FF171E0D-5,12391800.00,4044000.00,4360800.00,3987000.00,376.62,,,
A,18/01/26,01:34:00,443230323937FF171E0D-5,12395400.00,4045200.00,4362000.00,3988200.00,376.62,,,
A,18/01/26,01:39:00,443230323937FF171E0D-5,12400800.00,4047000.00,4363800.00,3990000.00,376.62,,,
A,18/01/26,01:44:00,443230323937FF171E0D-5,12405000.00,4048200.00,4365600.00,3991200.00,376.62,,,
A,18/01/26,01:49:00,443230323937FF171E0D-5,12409200.00,4050000.00,4366800.00,3992400.00,376.62,,,
A,18/01/26,01:54:00,443230323937FF171E0D-5,12414000.00,4051200.00,4368600.00,3994200.00,376.62,,,
A,18/01/26,01:59:00,443230323937FF171E0D-5,12417600.00,4052400.00,4369800.00,3995400.00,376.62,,,
A,18/01/26,02:04:00,443230323937FF171E0D-5,12423000.00,4054200.00,4371600.00,3997200.00,376.62,,,
A,18/01/26,02:09:00,443230323937FF171E0D-5,12427200.00,4055400.00,4373400.00,3998400.00,376.62,,,
A,18/01/26,02:14:00,443230323937FF171E0D-5,12431400.00,4056600.00,4374600.00,4000200.00,376.62,,,
A,18/01/26,02:19:00,443230323937FF171E0D-5,12436200.00,4058400.00,4376400.00,4001400.00,376.62,,,
A,18/01/26,02:24:00,443230323937FF171E0D-5,12441000.00,4059600.00,4378200.00,4003200.00,376.62,,,
A,18/01/26,02:29:00,443230323937FF171E0D-5,12444600.00,4060800.00,4379400.00,4004400.00,376.62,,,
A,18/01/26,02:34:00,443230323937FF171E0D-5,12450000.00,4062600.00,4381200.00,4006200.00,376.62,,,
A,18/01/26,02:39:00,443230323937FF171E0D-5,12453600.00,4063800.00,4382400.00,4007400.00,376.62,,,
A,18/01/26,02:44:00,443230323937FF171E0D-5,12458400.00,4065600.00,4384200.00,4008600.00,376.62,,,
A,18/01/26,02:49:00,443230323937FF171E0D-5,12463200.00,4066800.00,4386000.00,4010400.00,376.62,,,
A,18/01/26,02:54:00,443230323937FF171E0D-5,12466800.00,4068000.00,4387200.00,4011600.00,376.62,,,
A,18/01/26,02:59:00,443230323937FF171E0D-5,12472200.00,4069800.00,4389000.00,4013400.00,376.62,,,
A,18/01/26,03:04:00,443230323937FF171E0D-5,12475800.00,4071000.00,4390200.00,4014600.00,376.62,,,
A,18/01/26,03:09:00,443230323937FF171E0D-5,12480600.00,4072200.00,4392000.00,4016400.00,376.62,,,
A,18/01/26,03:14:00,443230323937FF171E0D-5,12485400.00,4074000.00,4393800.00,4017600.00,376.62,,,
A,18/01/26,03:19:00,443230323937FF171E0D-5,12489600.00,4075200.00,4395000.00,4019400.00,376.62,,,
A,18/01/26,03:24:00,443230323937FF171E0D-5,12494400.00,4077000.00,4396800.00,4020600.00,376.62,,,
A,18/01/26,03:29:00,443230323937FF171E0D-5,12498600.00,4078200.00,4398600.00,4021800.00,376.62,,,
A,18/01/26,03:34:00,443230323937FF171E0D-5,12502800.00,4079400.00,4399800.00,4023600.00,376.62,,,
A,18/01/26,03:39:00,443230323937FF171E0D-5,12507600.00,4081200.00,4401600.00,4024800.00,376.62,,,
A,18/01/26,03:44:00,443230323937FF171E0D-5,12511800.00,4082400.00,4402800.00,4026600.00,376.62,,,
A,18/01/26,03:49:00,443230323937FF171E0D-5,12516600.00,4084200.00,4404600.00,4027800.00,376.62,,,
A,18/01/26,03:54:00,443230323937FF171E0D-5,12521400.00,4085400.00,4406400.00,4029600.00,376.62,,,
A,18/01/26,03:59:00,443230323937FF171E0D-5,12525000.00,4086600.00,4407600.00,4030800.00,376.62,,,
A,18/01/26,04:04:00,443230323937FF171E0D-5,12529800.00,4088400.00,4409400.00,4032000.00,376.62,,,
A,18/01/26,04:09:00,443230323937FF171E0D-5,12534000.00,4089600.00,4410600.00,4033800.00,376.62,,,
A,18/01/26,04:14:00,443230323937FF171E0D-5,12538200.00,4090800.00,4412400.00,4035000.00,376.62,,,
A,18/01/26,04:19:00,443230323937FF171E0D-5,12543600.00,4092600.00,4414200.00,4036800.00,376.62,,,
A,18/01/26,04:24:00,443230323937FF171E0D-5,12547200.00,4093800.00,4415400.00,4038000.00,376.62,,,
A,18/01/26,04:29:00,443230323937FF171E0D-5,12552000.00,4095600.00,4417200.00,4039200.00,376.62,,,
A,18/01/26,04:34:00,443230323937FF171E0D-5,12556800.00,4096800.00,4419000.00,4041000.00,376.62,,,
A,18/01/26,04:39:00,443230323937FF171E0D-5,12560400.00,4098000.00,4420200.00,4042200.00,376.62,,,
A,18/01/26,04:44:00,443230323937FF171E0D-5,12565800.00,4099800.00,4422000.00,4044000.00,376.62,,,
A,18/01/26,04:49:00,443230323937FF171E0D-5,12569400.00,4101000.00,4423200.00,4045200.00,376.62,,,
A,18/01/26,04:54:00,443230323937FF171E0D-5,12574200.00,4102200.00,4425000.00,4047000.00,376.62,,,
A,18/01/26,04:59:00,443230323937FF171E0D-5,12579000.00,4104000.00,4426800.00,4048200.00,376.62,,,
A,18/01/26,05:04:00,443230323937FF171E0D-5,12582600.00,4105200.00,4428000.00,4049400.00,376.62,,,
A,18/01/26,05:09:00,443230323937FF171E0D-5,12588000.00,4107000.00,4429800.00,4051200.00,376.62,,,
A,18/01/26,05:14:00,443230323937FF171E0D-5,12592200.00,4108200.00,4431600.00,4052400.00,376.62,,,
A,18/01/26,05:19:00,443230323937FF171E0D-5,12596400.00,4109400.00,4432800.00,4054200.00,376.62,,,
A,18/01/26,05:24:00,443230323937FF171E0D-5,12601200.00,4111200.00,4434600.00,4055400.00,376.62,,,
A,18/01/26,05:29:00,443230323937FF171E0D-5,12605400.00,4112400.00,4435800.00,4057200.00,376.62,,,
A,18/01/26,05:34:00,443230323937FF171E0D-5,12610200.00,4114200.00,4437600.00,4058400.00,376.62,,,
A,18/01/26,05:39:00,443230323937FF171E0D-5,12614400.00,4115400.00,4439400.00,4059600.00,376.62,,,
A,18/01/26,05:44:00,443230323937FF171E0D-5,12618600.00,4116600.00,4440600.00,4061400.00,376.62,,,
A,18/01/26,05:49:00,443230323937FF171E0D-5,12623400.00,4118400.00,4442400.00,4062600.00,376.62,,,
A,18/01/26,05:54:00,443230323937FF171E0D-5,12628200.00,4119600.00,4444200.00,4064400.00,376.62,,,
A,18/01/26,05:59:00,443230323937FF171E0D-5,12631800.00,4120800.00,4445400.00,4065600.00,376.62,,,
A,18/01/26,06:04:00,443230323937FF171E0D-5,12636600.00,4122600.00,4447200.00,4066800.00,376.62,,,
A,18/01/26,06:09:00,443230323937FF171E0D-5,12640800.00,4123800.00,4448400.00,4068600.00,376.62,,,
A,18/01/26,06:14:00,443230323937FF171E0D-5,12645600.00,4125600.00,4450200.00,4069800.00,376.62,,,
A,18/01/26,06:19:00,443230323937FF171E0D-5,12650400.00,4126800.00,4452000.00,4071600.00,376.62,,,
A,18/01/26,06:24:00,443230323937FF171E0D-5,12654600.00,4128600.00,4453200.00,4072800.00,376.62,,,
A,18/01/26,06:29:00,443230323937FF171E0D-5,12658800.00,4129800.00,4455000.00,4074000.00,376.62,,,
A,18/01/26,06:34:00,443230323937FF171E0D-5,12663600.00,4131000.00,4456800.00,4075800.00,376.62,,,
A,18/01/26,06:39:00,443230323937FF171E0D-5,12667800.00,4132800.00,4458000.00,4077000.00,376.62,,,
A,18/01/26,06:44:00,443230323937FF171E0D-5,12672600.00,4134000.00,4459800.00,4078800.00,376.62,,,
A,18/01/26,06:49:00,443230323937FF171E0D-5,12676800.00,4135800.00,4461000.00,4080000.00,376.62,,,
A,18/01/26,06:54:00,443230323937FF171E0D-5,12681000.00,4137000.00,4462800.00,4081200.00,376.62,,,
A,18/01/26,06:59:00,443230323937FF171E0D-5,12686400.00,4138800.00,4464600.00,4083000.00,376.62,,,
A,18/01/26,07:04:00,443230323937FF171E0D-5,12690000.00,4140000.00,4465800.00,4084200.00,376.62,,,
A,18/01/26,07:09:00,443230323937FF171E0D-5,12694200.00,4141200.00,4467600.00,4085400.00,376.62,,,
A,18/01/26,07:14:00,443230323937FF171E0D-5,12699600.00,4143000.00,4469400.00,4087200.00,376.62,,,
A,18/01/26,07:19:00,443230323937FF171E0D-5,12706800.00,4145400.00,4471800.00,4089600.00,376.62,,,
A,18/01/26,07:24:00,443230323937FF171E0D-5,12714000.00,4147800.00,4474200.00,4092000.00,376.62,,,
A,18/01/26,07:29:00,443230323937FF171E0D-5,12721200.00,4150200.00,4476600.00,4094400.00,376.62,,,
A,18/01/26,07:34:00,443230323937FF171E0D-5,12728400.00,4152600.00,4479000.00,4096800.00,376.62,,,
A,18/01/26,07:39:00,443230323937FF171E0D-5,12735000.00,4155000.00,4481400.00,4098600.00,376.62,,,
A,18/01/26,07:44:00,443230323937FF171E0D-5,12742800.00,4157400.00,4484400.00,4101000.00,376.62,,,
A,18/01/26,07:49:00,443230323937FF171E0D-5,12749400.00,4159200.00,4486800.00,4103400.00,376.62,,,
A,18/01/26,07:54:00,443230323937FF171E0D-5,12756600.00,4161600.00,4489200.00,4105800.00,376.62,,,
A,18/01/26,07:59:00,443230323937FF171E0D-5,12763800.00,4164000.00,4491600.00,4108200.00,376.62,,,
A,18/01/26,08:04:00,443230323937FF171E0D-5,12771000.00,4166400.00,4494000.00,4110600.00,376.62,,,
A,18/01/26,08:09:00,443230323937FF171E0D-5,12777600.00,4168800.00,4496400.00,4112400.00,376.62,,,
A,18/01/26,08:14:00,443230323937FF171E0D-5,12784800.00,4171200.00,4498800.00,4114800.00,376.62,,,
A,18/01/26,08:19:00,443230323937FF171E0D-5,12792000.00,4173600.00,4501200.00,4117200.00,376.62,,,
A,18/01/26,08:24:00,443230323937FF171E0D-5,12799200.00,4176000.00,4503600.00,4119600.00,376.62,,,
A,18/01/26,08:29:00,443230323937FF171E0D-5,12806400.00,4178400.00,4506000.00,4122000.00,376.62,,,
A,18/01/26,08:34:00,443230323937FF171E0D-5,12813600.00,4180200.00,4509000.00,4124400.00,376.62,,,
A,18/01/26,08:39:00,443230323937FF171E0D-5,12820200.00,4182600.00,4511400.00,4126200.00,376.62,,,
A,18/01/26,08:44:00,443230323937FF171E0D-5,12827400.00,4185000.00,4513800.00,4128600.00,376.62,,,
A,18/01/26,08:49:00,443230323937FF171E0D-5,12834600.00,4187400.00,4516200.00,4131000.00,376.62,,,
A,18/01/26,08:54:00,443230323937FF171E0D-5,12841800.00,4189800.00,4518600.00,4133400.00,376.62,,,
A,18/01/26,08:59:00,443230323937FF171E0D-5,12849000.00,4192200.00,4521000.00,4135800.00,376.62,,,
A,18/01/26,09:04:00,443230323937FF171E0D-5,12856200.00,4194600.00,4523400.00,4138200.00,376.62,,,
A,18/01/26,09:09:00,443230323937FF171E0D-5,12862800.00,4197000.00,4525800.00,4140000.00,376.62,,,
A,18/01/26,09:14:00,443230323937FF171E0D-5,12870000.00,4198800.00,4528800.00,4142400.00,376.62,,,
A,18/01/26,09:19:00,443230323937FF171E0D-5,12877200.00,4201200.00,4531200.00,4144800.00,376.62,,,
A,18/01/26,09:24:00,443230323937FF171E0D-5,12884400.00,4203600.00,4533600.00,4147200.00,376.62,,,
A,18/01/26,09:29:00,443230323937FF171E0D-5,12891600.00,4206000.00,4536000.00,4149600.00,376.62,,,
A,18/01/26,09:34:00,443230323937FF171E0D-5,12898200.00,4208400.00,4538400.00,4151400.00,376.62,,,
A,18/01/26,09:39:00,443230323937FF171E0D-5,12905400.00,4210800.00,4540800.00,4153800.00,376.62,,,
A,18/01/26,09:44:00,443230323937FF171E0D-5,12912600.00,4213200.00,4543200.00,4156200.00,376.62,,,
A,18/01/26,09:49:00,443230323937FF171E0D-5,12919800.00,4215000.00,4546200.00,4158600.00,376.62,,,
A,18/01/26,09:54:00,443230323937FF171E0D-5,12927000.00,4217400.00,4548600.00,4161000.00,376.62,,,
A,18/01/26,09:59:00,443230323937FF171E0D-5,12934200.00,4219800.00,4551000.00,4163400.00,376.62,,,
A,18/01/26,10:04:00,443230323937FF171E0D-5,12940800.00,4222200.00,4553400.00,4165200.00,376.62,,,
A,18/01/26,10:09:00,443230323937FF171E0D-5,12948000.00,4224600.00,4555800.00,4167600.00,376.62,,,
A,18/01/26,10:14:00,443230323937FF171E0D-5,12955200.00,4227000.00,4558200.00,4170000.00,376.62,,,
A,18/01/26,10:19:00,443230323937FF171E0D-5,12962400.00,4229400.00,4560600.00,4172400.00,376.62,,,
A,18/01/26,10:24:00,443230323937FF171E0D-5,12969600.00,4231200.00,4563600.00,4174800.00,376.62,,,
A,18/01/26,10:29:00,443230323937FF171E0D-5,12976800.00,4233600.00,4566000.00,4177200.00,376.62,,,
A,18/01/26,10:34:00,443230323937FF171E0D-5,12983400.00,4236000.00,4568400.00,4179000.00,376.62,,,
A,18/01/26,10:39:00,443230323937FF171E0D-5,12990600.00,4238400.00,4570800.00,4181400.00,376.62,,,
A,18/01/26,10:44:00,443230323937FF171E0D-5,12997800.00,4240800.00,4573200.00,4183800.00,376.62,,,
A,18/01/26,10:49:00,443230323937FF171E0D-5,13005000.00,4243200.00,4575600.00,4186200.00,376.62,,,
A,18/01/26,10:54:00,443230323937FF171E0D-5,13012200.00,4245600.00,4578000.00,4188600.00,376.62,,,
A,18/01/26,10:59:00,443230323937FF171E0D-5,13019400.00,4248000.00,4580400.00,4191000.00,376.62,,,
A,18/01/26,11:04:00,443230323937FF171E0D-5,13026000.00,4249800.00,4583400.00,4192800.00,376.62,,,
A,18/01/26,11:09:00,443230323937FF171E0D-5,13033200.00,4252200.00,4585800.00,4195200.00,376.62,,,
A,18/01/26,11:14:00,443230323937FF171E0D-5,13040400.00,4254600.00,4588200.00,4197600.00,376.62,,,
A,18/01/26,11:19:00,443230323937FF171E0D-5,13047600.00,4257000.00,4590600.00,4200000.00,376.62,,,
A,18/01/26,11:24:00,443230323937FF171E0D-5,13054800.00,4259400.00,4593000.00,4202400.00,376.62,,,
A,18/01/26,11:29:00,443230323937FF171E0D-5,13062000.00,4261800.00,4595400.00,4204800.00,376.62,,,
A,18/01/26,11:34:00,443230323937FF171E0D-5,13068600.00,4264200.00,4597800.00,4206600.00,376.62,,,
A,18/01/26,11:39:00,443230323937FF171E0D-5,13075200.00,4266000.00,4600200.00,4209000.00,376.62,,,
A,18/01/26,11:44:00,443230323937FF171E0D-5,13083000.00,4268400.00,4603200.00,4211400.00,376.62,,,
A,18/01/26,11:49:00,443230323937FF171E0D-5,13090200.00,4270800.00,4605600.00,4213800.00,376.62,,,
A,18/01/26,11:54:00,443230323937FF171E0D-5,13097400.00,4273200.00,4608000.00,4216200.00,376.62,,,
A,18/01/26,11:59:00,443230323937FF171E0D-5,13104600.00,4275600.00,4610400.00,4218600.00,376.62,,,
A,18/01/26,12:04:00,443230323937FF171E0D-5,13111200.00,4278000.00,4612800.00,4220400.00,376.62,,,
A,18/01/26,12:09:00,443230323937FF171E0D-5,13118400.00,4280400.00,4615200.00,4222800.00,376.62,,,
A,18/01/26,12:14:00,443230323937FF171E0D-5,13125000.00,4282200.00,4617600.00,4225200.00,376.62,,,
A,18/01/26,12:19:00,443230323937FF171E0D-5,13132200.00,4284600.00,4620000.00,4227600.00,376.62,,,
A,18/01/26,12:24:00,443230323937FF171E0D-5,13140000.00,4287000.00,4623000.00,4230000.00,376.62,,,
A,18/01/26,12:29:00,443230323937FF171E0D-5,13147200.00,4289400.00,4625400.00,4232400.00,376.62,,,
A,18/01/26,12:34:00,443230323937FF171E0D-5,13153800.00,4291800.00,4627800.00,4234200.00,376.62,,,
A,18/01/26,12:39:00,443230323937FF171E0D-5,13161000.00,4294200.00,4630200.00,4236600.00,376.62,,,
A,18/01/26,12:44:00,443230323937FF171E0D-5,13168200.00,4296600.00,4632600.00,4239000.00,376.62,,,
A,18/01/26,12:49:00,443230323937FF171E0D-5,13175400.00,4299000.00,4635000.00,4241400.00,376.62,,,
A,18/01/26,12:54:00,443230323937FF171E0D-5,13182000.00,4300800.00,4637400.00,4243800.00,376.62,,,
A,18/01/26,12:59:00,443230323937FF171E0D-5,13189800.00,4303200.00,4640400.00,4246200.00,376.62,,,
A,18/01/26,13:04:00,443230323937FF171E0D-5,13196400.00,4305600.00,4642800.00,4248000.00,376.62,,,
A,18/01/26,13:09:00,443230323937FF171E0D-5,13203600.00,4308000.00,4645200.00,4250400.00,376.62,,,
A,18/01/26,13:14:00,443230323937FF171E0D-5,13210800.00,4310400.00,4647600.00,4252800.00,376.62,,,
A,18/01/26,13:19:00,443230323937FF171E0D-5,13218000.00,4312800.00,4650000.00,4255200.00,376.62,,,
A,18/01/26,13:24:00,443230323937FF171E0D-5,13225200.00,4315200.00,4652400.00,4257600.00,376.62,,,
A,18/01/26,13:29:00,443230323937FF171E0D-5,13232400.00,4317600.00,4654800.00,4260000.00,376.62,,,
A,18/01/26,13:34:00,443230323937FF171E0D-5,13239000.00,4319400.00,4657200.00,4262400.00,376.62,,,
A,18/01/26,13:39:00,443230323937FF171E0D-5,13245600.00,4321800.00,4659600.00,4264200.00,376.62,,,
A,18/01/26,13:44:00,443230323937FF171E0D-5,13253400.00,4324200.00,4662600.00,4266600.00,376.62,,,
A,18/01/26,13:49:00,443230323937FF171E0D-5,13260600.00,4326600.00,4665000.00,4269000.00,376.62,,,
A,18/01/26,13:54:00,443230323937FF171E0D-5,13267800.00,4329000.00,4667400.00,4271400.00,376.62,,,
A,18/01/26,13:59:00,443230323937FF171E0D-5,13275000.00,4331400.00,4669800.00,4273800.00,376.62,,,
A,18/01/26,14:04:00,443230323937FF171E0D-5,13282200.00,4333800.00,4672200.00,4276200.00,376.62,,,
A,18/01/26,14:09:00,443230323937FF171E0D-5,13288200.00,4335600.00,4674600.00,4278000.00,376.62,,,
A,18/01/26,14:14:00,443230323937FF171E0D-5,13295400.00,4338000.00,4677000.00,4280400.00,376.62,,,
A,18/01/26,14:19:00,443230323937FF171E0D-5,13302600.00,4340400.00,4679400.00,4282800.00,376.62,,,
A,18/01/26,14:24:00,443230323937FF171E0D-5,13309800.00,4342800.00,4681800.00,4285200.00,376.62,,,
A,18/01/26,14:29:00,443230323937FF171E0D-5,13317600.00,4345200.00,4684800.00,4287600.00,376.62,,,
A,18/01/26,14:34:00,443230323937FF171E0D-5,13324200.00,4347600.00,4687200.00,4289400.00,376.62,,,
A,18/01/26,14:39:00,443230323937FF171E0D-5,13331400.00,4350000.00,4689600.00,4291800.00,376.62,,,
A,18/01/26,14:44:00,443230323937FF171E0D-5,13338600.00,4352400.00,4692000.00,4294200.00,376.62,,,
A,18/01/26,14:49:00,443230323937FF171E0D-5,13345200.00,4354200.00,4694400.00,4296600.00,376.62,,,
A,18/01/26,14:54:00,443230323937FF171E0D-5,13352400.00,4356600.00,4696800.00,4299000.00,376.62,,,
A,18/01/26,14:59:00,443230323937FF171E0D-5,13359600.00,4359000.00,4699200.00,4301400.00,376.62,,,
A,18/01/26,15:04:00,443230323937FF171E0D-5,13366200.00,4361400.00,4701600.00,4303200.00,376.62,,,
A,18/01/26,15:09:00,443230323937FF171E0D-5,13374000.00,4363800.00,4704600.00,4305600.00,376.62,,,
A,18/01/26,15:14:00,443230323937FF171E0D-5,13381200.00,4366200.00,4707000.00,4308000.00,376.62,,,
A,18/01/26,15:19:00,443230323937FF171E0D-5,13388400.00,4368600.00,4709400.00,4310400.00,376.62,,,
A,18/01/26,15:24:00,443230323937FF171E0D-5,13395600.00,4371000.00,4711800.00,4312800.00,376.62,,,
A,18/01/26,15:29:00,443230323937FF171E0D-5,13401600.00,4372800.00,4714200.00,4314600.00,376.62,,,
A,18/01/26,15:34:00,443230323937FF171E0D-5,13408800.00,4375200.00,4716600.00,4317000.00,376.62,,,
A,18/01/26,15:39:00,443230323937FF171E0D-5,13416000.00,4377600.00,4719000.00,4319400.00,376.62,,,
A,18/01/26,15:44:00,443230323937FF171E0D-5,13423200.00,4380000.00,4721400.00,4321800.00,376.62,,,
A,18/01/26,15:49:00,443230323937FF171E0D-5,13431000.00,4382400.00,4724400.00,4324200.00,376.62,,,
A,18/01/26,15:54:00,443230323937FF171E0D-5,13438200.00,4384800.00,4726800.00,4326600.00,376.62,,,
A,18/01/26,15:59:00,443230323937FF171E0D-5,13444800.00,4387200.00,4729200.00,4328400.00,376.62,,,
A,18/01/26,16:04:00,443230323937FF171E0D-5,13452000.00,4389600.00,4731600.00,4330800.00,376.62,,,
A,18/01/26,16:09:00,443230323937FF171E0D-5,13459200.00,4392000.00,4734000.00,4333200.00,376.62,,,
A,18/01/26,16:14:00,443230323937FF171E0D-5,13465800.00,4393800.00,4736400.00,4335600.00,376.62,,,
A,18/01/26,16:19:00,443230323937FF171E0D-5,13473000.00,4396200.00,4738800.00,4338000.00,376.62,,,
A,18/01/26,16:24:00,443230323937FF171E0D-5,13479600.00,4398600.00,4741200.00,4339800.00,376.62,,,
A,18/01/26,16:29:00,443230323937FF171E0D-5,13486200.00,4400400.00,4743600.00,4342200.00,376.62,,,
A,18/01/26,16:34:00,443230323937FF171E0D-5,13492800.00,4402800.00,4746000.00,4344000.00,376.62,,,
A,18/01/26,16:39:00,443230323937FF171E0D-5,13500000.00,4405200.00,4748400.00,4346400.00,376.62,,,
A,18/01/26,16:44:00,443230323937FF171E0D-5,13506600.00,4407000.00,4750800.00,4348800.00,376.62,,,
A,18/01/26,16:49:00,443230323937FF171E0D-5,13512600.00,4409400.00,4752600.00,4350600.00,376.62,,,
A,18/01/26,16:54:00,443230323937FF171E0D-5,13519800.00,4411800.00,4755000.00,4353000.00,376.62,,,
A,18/01/26,16:59:00,443230323937FF171E0D-5,13525800.00,4413600.00,4757400.00,4354800.00,376.62,,,
A,18/01/26,17:04:00,443230323937FF171E0D-5,13533000.00,4416000.00,4759800.00,4357200.00,376.62,,,
A,18/01/26,17:09:00,443230323937FF171E0D-5,13540200.00,4418400.00,4762200.00,4359600.00,376.62,,,
A,18/01/26,17:14:00,443230323937FF171E0D-5,13546200.00,4420200.00,4764600.00,4361400.00,376.62,,,
A,18/01/26,17:19:00,443230323937FF171E0D-5,13553400.00,4422600.00,4767000.00,4363800.00,376.62,,,
A,18/01/26,17:24:00,443230323937FF171E0D-5,13559400.00,4424400.00,4769400.00,4365600.00,376.62,,,
A,18/01/26,17:29:00,443230323937FF171E0D-5,13566000.00,4426800.00,4771200.00,4368000.00,376.62,,,
A,18/01/26,17:34:00,443230323937FF171E0D-5,13573200.00,4429200.00,4773600.00,4370400.00,376.62,,,
A,18/01/26,17:39:00,443230323937FF171E0D-5,13579200.00,4431000.00,4776000.00,4372200.00,376.62,,,
A,18/01/26,17:44:00,443230323937FF171E0D-5,13586400.00,4433400.00,4778400.00,4374600.00,376.62,,,
A,18/01/26,17:49:00,443230323937FF171E0D-5,13593000.00,4435800.00,4780800.00,4376400.00,376.62,,,
A,18/01/26,17:54:00,443230323937FF171E0D-5,13599600.00,4437600.00,4783200.00,4378800.00,376.62,,,
A,18/01/26,17:59:00,443230323937FF171E0D-5,13606800.00,4440000.00,4785600.00,4381200.00,376.62,,,
A,18/01/26,18:04:00,443230323937FF171E0D-5,13612800.00,4441800.00,4788000.00,4383000.00,376.62,,,
A,18/01/26,18:09:00,443230323937FF171E0D-5,13620000.00,4444200.00,4790400.00,4385400.00,376.62,,,
A,18/01/26,18:14:00,443230323937FF171E0D-5,13626600.00,4446600.00,4792800.00,4387200.00,376.62,,,
A,18/01/26,18:19:00,443230323937FF171E0D-5,13632600.00,4448400.00,4794600.00,4389600.00,376.62,,,
A,18/01/26,18:24:00,443230323937FF171E0D-5,13639800.00,4450800.00,4797000.00,4392000.00,376.62,,,
A,18/01/26,18:29:00,443230323937FF171E0D-5,13646400.00,4453200.00,4799400.00,4393800.00,376.62,,,
A,18/01/26,18:34:00,443230323937FF171E0D-5,13653000.00,4455000.00,4801800.00,4396200.00,376.62,,,
A,18/01/26,18:39:00,443230323937FF171E0D-5,13660200.00,4457400.00,4804200.00,4398600.00,376.62,,,
A,18/01/26,18:44:00,443230323937FF171E0D-5,13666200.00,4459200.00,4806600.00,4400400.00,376.62,,,
A,18/01/26,18:49:00,443230323937FF171E0D-5,13673400.00,4461600.00,4809000.00,4402800.00,376.62,,,
A,18/01/26,18:54:00,443230323937FF171E0D-5,13680600.00,4464000.00,4811400.00,4405200.00,376.62,,,
A,18/01/26,18:59:00,443230323937FF171E0D-5,13686600.00,4465800.00,4813800.00,4407000.00,376.62,,,
A,18/01/26,19:04:00,443230323937FF171E0D-5,13693800.00,4468200.00,4816200.00,4409400.00,376.62,,,
A,18/01/26,19:09:00,443230323937FF171E0D-5,13700400.00,4470600.00,4818000.00,4411800.00,376.62,,,
A,18/01/26,19:14:00,443230323937FF171E0D-5,13706400.00,4472400.00,4820400.00,4413600.00,376.62,,,
A,18/01/26,19:19:00,443230323937FF171E0D-5,13713600.00,4474800.00,4822800.00,4416000.00,376.62,,,
A,18/01/26,19:24:00,443230323937FF171E0D-5,13720800.00,4477200.00,4825200.00,4418400.00,376.62,,,
A,18/01/26,19:29:00,443230323937FF171E0D-5,13726800.00,4479000.00,4827600.00,4420200.00,376.62,,,
A,18/01/26,19:34:00,443230323937FF171E0D-5,13734000.00,4481400.00,4830000.00,4422600.00,376.62,,,
A,18/01/26,19:39:00,443230323937FF171E0D-5,13741200.00,4483800.00,4832400.00,4425000.00,376.62,,,
A,18/01/26,19:44:00,443230323937FF171E0D-5,13747200.00,4485600.00,4834800.00,4426800.00,376.62,,,
A,18/01/26,19:49:00,443230323937FF171E0D-5,13753800.00,4488000.00,4836600.00,4429200.00,376.62,,,
A,18/01/26,19:54:00,443230323937FF171E0D-5,13761000.00,4490400.00,4839000.00,4431600.00,376.62,,,
A,18/01/26,19:59:00,443230323937FF171E0D-5,13767000.00,4492200.00,4841400.00,4433400.00,376.62,,,
A,18/01/26,20:04:00,443230323937FF171E0D-5,13774200.00,4494600.00,4843800.00,4435800.00,376.62,,,
A,18/01/26,20:09:00,443230323937FF171E0D-5,13781400.00,4497000.00,4846200.00,4438200.00,376.62,,,
A,18/01/26,20:14:00,443230323937FF171E0D-5,13787400.00,4498800.00,4848600.00,4440000.00,376.62,,,
A,18/01/26,20:19:00,443230323937FF171E0D-5,13794600.00,4501200.00,4851000.00,4442400.00,376.62,,,
A,18/01/26,20:24:00,443230323937FF171E0D-5,13801200.00,4503000.00,4853400.00,4444800.00,376.62,,,
A,18/01/26,20:29:00,443230323937FF171E0D-5,13807200.00,4505400.00,4855200.00,4446600.00,376.62,,,
A,18/01/26,20:34:00,443230323937FF171E0D-5,13814400.00,4507800.00,4857600.00,4449000.00,376.62,,,
A,18/01/26,20:39:00,443230323937FF171E0D-5,13821000.00,4509600.00,4860000.00,4451400.00,376.62,,,
A,18/01/26,20:44:00,443230323937FF171E0D-5,13827600.00,4512000.00,4862400.00,4453200.00,376.62,,,
A,18/01/26,20:49:00,443230323937FF171E0D-5,13834800.00,4514400.00,4864800.00,4455600.00,376.62,,,
A,18/01/26,20:54:00,443230323937FF171E0D-5,13841400.00,4516200.00,4867200.00,4458000.00,376.62,,,
A,18/01/26,20:59:00,443230323937FF171E0D-5,13848000.00,4518600.00,4869600.00,4459800.00,376.62,,,
A,18/01/26,21:04:00,443230323937FF171E0D-5,13854600.00,4521000.00,4871400.00,4462200.00,376.62,,,
A,18/01/26,21:09:00,443230323937FF171E0D-5,13861200.00,4522800.00,4873800.00,4464600.00,376.62,,,
A,18/01/26,21:14:00,443230323937FF171E0D-5,13867800.00,4525200.00,4876200.00,4466400.00,376.62,,,
A,18/01/26,21:19:00,443230323937FF171E0D-5,13874400.00,4527000.00,4878600.00,4468800.00,376.62,,,
A,18/01/26,21:24:00,443230323937FF171E0D-5,13881600.00,4529400.00,4881000.00,4471200.00,376.62,,,
A,18/01/26,21:29:00,443230323937FF171E0D-5,13888200.00,4531800.00,4883400.00,4473000.00,376.62,,,
A,18/01/26,21:34:00,443230323937FF171E0D-5,13894800.00,4533600.00,4885800.00,4475400.00,376.62,,,
A,18/01/26,21:39:00,443230323937FF171E0D-5,13902000.00,4536000.00,4888200.00,4477800.00,376.62,,,
A,18/01/26,21:44:00,443230323937FF171E0D-5,13908000.00,4537800.00,4890000.00,4480200.00,376.62,,,
A,18/01/26,21:49:00,443230323937FF171E0D-5,13914600.00,4540200.00,4892400.00,4482000.00,376.62,,,
A,18/01/26,21:54:00,443230323937FF171E0D-5,13921800.00,4542600.00,4894800.00,4484400.00,376.62,,,
A,18/01/26,21:59:00,443230323937FF171E0D-5,13928400.00,4544400.00,4897200.00,4486800.00,376.62,,,
A,18/01/26,22:04:00,443230323937FF171E0D-5,13935000.00,4546800.00,4899600.00,4488600.00,376.62,,,
A,18/01/26,22:09:00,443230323937FF171E0D-5,13941600.00,4548600.00,4902000.00,4491000.00,376.62,,,
A,18/01/26,22:14:00,443230323937FF171E0D-5,13948800.00,4551000.00,4904400.00,4493400.00,376.62,,,
A,18/01/26,22:19:00,443230323937FF171E0D-5,13956000.00,4553400.00,4906800.00,4495800.00,376.62,,,
A,18/01/26,22:24:00,443230323937FF171E0D-5,13962000.00,4555200.00,4909200.00,4497600.00,376.62,,,
A,18/01/26,22:29:00,443230323937FF171E0D-5,13968600.00,4557600.00,4911000.00,4500000.00,376.62,,,
A,18/01/26,22:34:00,443230323937FF171E0D-5,13975200.00,4559400.00,4913400.00,4502400.00,376.62,,,
A,18/01/26,22:39:00,443230323937FF171E0D-5,13981800.00,4561800.00,4915800.00,4504200.00,376.62,,,
A,18/01/26,22:44:00,443230323937FF171E0D-5,13989000.00,4564200.00,4918200.00,4506600.00,376.62,,,
A,18/01/26,22:49:00,443230323937FF171E0D-5,13995600.00,4566000.00,4920600.00,4509000.00,376.62,,,
A,18/01/26,22:54:00,443230323937FF171E0D-5,14002800.00,4568400.00,4923000.00,4511400.00,376.62,,,
A,18/01/26,22:59:00,443230323937FF171E0D-5,14008800.00,4570200.00,4925400.00,4513200.00,376.62,,,
A,18/01/26,23:04:00,443230323937FF171E0D-5,14016000.00,4572600.00,4927800.00,4515600.00,376.62,,,
A,18/01/26,23:09:00,443230323937FF171E0D-5,14022600.00,4575000.00,4929600.00,4518000.00,376.62,,,
A,18/01/26,23:14:00,443230323937FF171E0D-5,14028600.00,4576800.00,4932000.00,4519800.00,376.62,,,
A,18/01/26,23:19:00,443230323937FF171E0D-5,14035800.00,4579200.00,4934400.00,4522200.00,376.62,,,
A,18/01/26,23:24:00,443230323937FF171E0D-5,14043000.00,4581600.00,4936800.00,4524600.00,376.62,,,
A,18/01/26,23:29:00,443230323937FF171E0D-5,14049600.00,4583400.00,4939200.00,4527000.00,376.62,,,
A,18/01/26,23:34:00,443230323937FF171E0D-5,14056200.00,4585800.00,4941600.00,4528800.00,376.62,,,
A,18/01/26,23:39:00,443230323937FF171E0D-5,14062800.00,4587600.00,4944000.00,4531200.00,376.62,,,
A,18/01/26,23:44:00,443230323937FF171E0D-5,14070000.00,4590000.00,4946400.00,4533600.00,376.62,,,
A,18/01/26,23:49:00,443230323937FF171E0D-5,14076600.00,4592400.00,4948800.00,4535400.00,376.62,,,
A,18/01/26,23:54:00,443230323937FF171E0D-5,14083200.00,4594200.00,4951200.00,4537800.00,376.62,,,
A,18/01/26,23:59:00,443230323937FF171E0D-5,14090400.00,4596600.00,4953600.00,4540200.00,376.62,,,
A,19/01/26,00:04:00,443230323937FF171E0D-5,14097000.00,4598400.00,4956000.00,4542600.00,376.62,,,
A,19/01/26,00:09:00,443230323937FF171E0D-5,14103000.00,4600800.00,4957800.00,4544400.00,376.62,,,
A,19/01/26,00:14:00,443230323937FF171E0D-5,14110200.00,4603200.00,4960200.00,4546800.00,376.62,,,
A,19/01/26,00:19:00,443230323937FF171E0D-5,14116800.00,4605000.00,4962600.00,4549200.00,376.62,,,
A,19/01/26,00:24:00,443230323937FF171E0D-5,14123400.00,4607400.00,4965000.00,4551000.00,376.62,,,
A,19/01/26,00:29:00,443230323937FF171E0D-5,14130600.00,4609800.00,4967400.00,4553400.00,376.62,,,
A,19/01/26,00:34:00,443230323937FF171E0D-5,14137200.00,4611600.00,4969800.00,4555800.00,376.62,,,
A,19/01/26,00:39:00,443230323937FF171E0D-5,14144400.00,4614000.00,4972200.00,4558200.00,376.62,,,
A,19/01/26,00:44:00,443230323937FF171E0D-5,14151000.00,4616400.00,4974600.00,4560000.00,376.62,,,
A,19/01/26,00:49:00,443230323937FF171E0D-5,14157600.00,4618200.00,4977000.00,4562400.00,376.62,,,
A,19/01/26,00:54:00,443230323937FF171E0D-5,14164200.00,4620600.00,4978800.00,4564800.00,376.62,,,
A,19/01/26,00:59:00,443230323937FF171E0D-5,14170200.00,4622400.00,4981200.00,4566600.00,376.62,,,
A,19/01/26,01:04:00,443230323937FF171E0D-5,14177400.00,4624800.00,4983600.00,4569000.00,376.62,,,
A,19/01/26,01:09:00,443230323937FF171E0D-5,14184600.00,4627200.00,4986000.00,4571400.00,376.62,,,
A,19/01/26,01:14:00,443230323937FF171E0D-5,14190600.00,4629000.00,4988400.00,4573200.00,376.62,,,
A,19/01/26,01:19:00,443230323937FF171E0D-5,14197800.00,4631400.00,4990800.00,4575600.00,376.62,,,
A,19/01/26,01:24:00,443230323937FF171E0D-5,14205000.00,4633800.00,4993200.00,4578000.00,376.62,,,
A,19/01/26,01:29:00,443230323937FF171E0D-5,14211600.00,4635600.00,4995600.00,4580400.00,376.62,,,
A,19/01/26,01:34:00,443230323937FF171E0D-5,14218200.00,4638000.00,4998000.00,4582200.00,376.62,,,
A,19/01/26,01:39:00,443230323937FF171E0D-5,14225400.00,4640400.00,5000400.00,4584600.00,376.62,,,
A,19/01/26,01:44:00,443230323937FF171E0D-5,14232000.00,4642200.00,5002800.00,4587000.00,376.62,,,
A,19/01/26,01:49:00,443230323937FF171E0D-5,14238000.00,4644600.00,5004600.00,4588800.00,376.62,,,
A,19/01/26,01:54:00,443230323937FF171E0D-5,14244600.00,4646400.00,5007000.00,4591200.00,376.62,,,
A,19/01/26,01:59:00,443230323937FF171E0D-5,14251800.00,4648800.00,5009400.00,4593600.00,376.62,,,
A,19/01/26,02:04:00,443230323937FF171E0D-5,14259000.00,4651200.00,5011800.00,4596000.00,376.62,,,
A,19/01/26,02:09:00,443230323937FF171E0D-5,14265000.00,4653000.00,5014200.00,4597800.00,376.62,,,
A,19/01/26,02:14:00,443230323937FF171E0D-5,14272200.00,4655400.00,5016600.00,4600200.00,376.62,,,
A,19/01/26,02:19:00,443230323937FF171E0D-5,14279400.00,4657800.00,5019000.00,4602600.00,376.62,,,
A,19/01/26,02:24:00,443230323937FF171E0D-5,14285400.00,4659600.00,5021400.00,4604400.00,376.62,,,
A,19/01/26,02:29:00,443230323937FF171E0D-5,14292600.00,4662000.00,5023800.00,4606800.00,376.62,,,
A,19/01/26,02:34:00,443230323937FF171E0D-5,14299800.00,4664400.00,5026200.00,4609200.00,376.62,,,
A,19/01/26,02:39:00,443230323937FF171E0D-5,14306400.00,4666200.00,5028600.00,4611600.00,376.62,,,
A,19/01/26,02:44:00,443230323937FF171E0D-5,14313000.00,4668600.00,5031000.00,4613400.00,376.62,,,
A,19/01/26,02:49:00,443230323937FF171E0D-5,14320200.00,4671000.00,5033400.00,4615800.00,376.62,,,
A,19/01/26,02:54:00,443230323937FF171E0D-5,14326200.00,4672800.00,5035200.00,4618200.00,376.62,,,
A,19/01/26,02:59:00,443230323937FF171E0D-5,14332800.00,4675200.00,5037600.00,4620000.00,376.62,,,
A,19/01/26,03:04:00,443230323937FF171E0D-5,14339400.00,4677000.00,5040000.00,4622400.00,376.62,,,
A,19/01/26,03:09:00,443230323937FF171E0D-5,14346600.00,4679400.00,5042400.00,4624800.00,376.62,,,
A,19/01/26,03:14:00,443230323937FF171E0D-5,14353800.00,4681800.00,5044800.00,4627200.00,376.62,,,
A,19/01/26,03:19:00,443230323937FF171E0D-5,14359800.00,4683600.00,5047200.00,4629000.00,376.62,,,
A,19/01/26,03:24:00,443230323937FF171E0D-5,14367000.00,4686000.00,5049600.00,4631400.00,376.62,,,
A,19/01/26,03:29:00,443230323937FF171E0D-5,14374200.00,4688400.00,5052000.00,4633800.00,376.62,,,
A,19/01/26,03:34:00,443230323937FF171E0D-5,14380200.00,4690200.00,5054400.00,4635600.00,376.62,,,
A,19/01/26,03:39:00,443230323937FF171E0D-5,14387400.00,4692600.00,5056800.00,4638000.00,376.62,,,
A,19/01/26,03:44:00,443230323937FF171E0D-5,14394600.00,4695000.00,5059200.00,4640400.00,376.62,,,
A,19/01/26,03:49:00,443230323937FF171E0D-5,14401800.00,4697400.00,5061600.00,4642800.00,376.62,,,
A,19/01/26,03:54:00,443230323937FF171E0D-5,14407800.00,4699200.00,5064000.00,4644600.00,376.62,,,
A,19/01/26,03:59:00,443230323937FF171E0D-5,14415000.00,4701600.00,5066400.00,4647000.00,376.62,,,
A,19/01/26,04:04:00,443230323937FF171E0D-5,14422200.00,4704000.00,5068800.00,4649400.00,376.62,,,
A,19/01/26,04:09:00,443230323937FF171E0D-5,14428200.00,4705800.00,5071200.00,4651200.00,376.62,,,
A,19/01/26,04:14:00,443230323937FF171E0D-5,14435400.00,4708200.00,5073600.00,4653600.00,376.62,,,
A,19/01/26,04:19:00,443230323937FF171E0D-5,14442000.00,4710600.00,5075400.00,4656000.00,376.62,,,
A,19/01/26,04:24:00,443230323937FF171E0D-5,14448600.00,4712400.00,5077800.00,4658400.00,376.62,,,
A,19/01/26,04:29:00,443230323937FF171E0D-5,14455200.00,4714800.00,5080200.00,4660200.00,376.62,,,
A,19/01/26,04:34:00,443230323937FF171E0D-5,14462400.00,4717200.00,5082600.00,4662600.00,376.62,,,
A,19/01/26,04:39:00,443230323937FF171E0D-5,14469000.00,4719000.00,5085000.00,4665000.00,376.62,,,
A,19/01/26,04:44:00,443230323937FF171E0D-5,14476200.00,4721400.00,5087400.00,4667400.00,376.62,,,
A,19/01/26,04:49:00,443230323937FF171E0D-5,14482800.00,4723800.00,5089800.00,4669200.00,376.62,,,
A,19/01/26,04:54:00,443230323937FF171E0D-5,14490000.00,4726200.00,5092200.00,4671600.00,376.62,,,
A,19/01/26,04:59:00,443230323937FF171E0D-5,14496600.00,4728000.00,5094600.00,4674000.00,376.62,,,
A,19/01/26,05:04:00,443230323937FF171E0D-5,14503800.00,4730400.00,5097000.00,4676400.00,376.62,,,
A,19/01/26,05:09:00,443230323937FF171E0D-5,14510400.00,4732800.00,5099400.00,4678200.00,376.62,,,
A,19/01/26,05:14:00,443230323937FF171E0D-5,14517000.00,4734600.00,5101800.00,4680600.00,376.62,,,
A,19/01/26,05:19:00,443230323937FF171E0D-5,14524200.00,4737000.00,5104200.00,4683000.00,376.62,,,
A,19/01/26,05:24:00,443230323937FF171E0D-5,14530800.00,4739400.00,5106600.00,4684800.00,376.62,,,
A,19/01/26,05:29:00,443230323937FF171E0D-5,14538000.00,4741800.00,5109000.00,4687200.00,376.62,,,
A,19/01/26,05:34:00,443230323937FF171E0D-5,14544600.00,4743600.00,5111400.00,4689600.00,376.62,,,
A,19/01/26,05:39:00,443230323937FF171E0D-5,14551800.00,4746000.00,5113800.00,4692000.00,376.62,,,
A,19/01/26,05:44:00,443230323937FF171E0D-5,14558400.00,4748400.00,5116200.00,4693800.00,376.62,,,
A,19/01/26,05:49:00,443230323937FF171E0D-5,14565000.00,4750200.00,5118600.00,4696200.00,376.62,,,
A,19/01/26,05:54:00,443230323937FF171E0D-5,14572200.00,4752600.00,5121000.00,4698600.00,376.62,,,
A,19/01/26,05:59:00,443230323937FF171E0D-5,14579400.00,4755000.00,5123400.00,4701000.00,376.62,,,
A,19/01/26,06:04:00,443230323937FF171E0D-5,14586000.00,4757400.00,5125800.00,4702800.00,376.62,,,
A,19/01/26,06:09:00,443230323937FF171E0D-5,14592600.00,4759200.00,5128200.00,4705200.00,376.62,,,
A,19/01/26,06:14:00,443230323937FF171E0D-5,14599800.00,4761600.00,5130600.00,4707600.00,376.62,,,
A,19/01/26,06:19:00,443230323937FF171E0D-5,14606400.00,4764000.00,5133000.00,4709400.00,376.62,,,
A,19/01/26,06:24:00,443230323937FF171E0D-5,14613600.00,4766400.00,5135400.00,4711800.00,376.62,,,
A,19/01/26,06:29:00,443230323937FF171E0D-5,14620200.00,4768200.00,5137800.00,4714200.00,376.62,,,
A,19/01/26,06:34:00,443230323937FF171E0D-5,14626800.00,4770600.00,5140200.00,4716000.00,376.62,,,
A,19/01/26,06:39:00,443230323937FF171E0D-5,14634000.00,4773000.00,5142600.00,4718400.00,376.62,,,
A,19/01/26,06:44:00,443230323937FF171E0D-5,14641200.00,4775400.00,5145000.00,4720800.00,376.62,,,
A,19/01/26,06:49:00,443230323937FF171E0D-5,14647200.00,4777200.00,5147400.00,4722600.00,376.62,,,
A,19/01/26,06:54:00,443230323937FF171E0D-5,14654400.00,4779600.00,5149800.00,4725000.00,376.62,,,
A,19/01/26,06:59:00,443230323937FF171E0D-5,14661600.00,4782000.00,5152200.00,4727400.00,376.62,,,
A,19/01/26,07:04:00,443230323937FF171E0D-5,14668200.00,4784400.00,5154600.00,4729200.00,376.62,,,
A,19/01/26,07:09:00,443230323937FF171E0D-5,14675400.00,4786800.00,5157000.00,4731600.00,376.62,,,
A,19/01/26,07:14:00,443230323937FF171E0D-5,14682000.00,4788600.00,5159400.00,4734000.00,376.62,,,
A,19/01/26,07:19:00,443230323937FF171E0D-5,14688600.00,4791000.00,5161800.00,4735800.00,376.62,,,
A,19/01/26,07:24:00,443230323937FF171E0D-5,14695800.00,4793400.00,5164200.00,4738200.00,376.62,,,
A,19/01/26,07:29:00,443230323937FF171E0D-5,14702400.00,4795200.00,5166600.00,4740600.00,376.62,,,
A,19/01/26,07:34:00,443230323937FF171E0D-5,14709000.00,4797600.00,5169000.00,4742400.00,376.62,,,
A,19/01/26,07:39:00,443230323937FF171E0D-5,14716200.00,4800000.00,5171400.00,4744800.00,376.62,,,
A,19/01/26,07:44:00,443230323937FF171E0D-5,14723400.00,4802400.00,5173800.00,4747200.00,376.62,,,
A,19/01/26,07:49:00,443230323937FF171E0D-5,14729400.00,4804200.00,5176200.00,4749000.00,376.62,,,
A,19/01/26,07:54:00,443230323937FF171E0D-5,14736600.00,4806600.00,5178600.00,4751400.00,376.62,,,
A,19/01/26,07:59:00,443230323937FF171E0D-5,14743800.00,4809000.00,5181000.00,4753800.00,376.62,,,
A,19/01/26,08:04:00,443230323937FF171E0D-5,14749200.00,4810800.00,5182800.00,4755600.00,376.62,,,
A,19/01/26,08:09:00,443230323937FF171E0D-5,14756400.00,4813200.00,5185200.00,4758000.00,376.62,,,
A,19/01/26,08:14:00,443230323937FF171E0D-5,14763600.00,4815600.00,5187600.00,4760400.00,376.62,,,
A,19/01/26,08:19:00,443230323937FF171E0D-5,14770200.00,4818000.00,5190000.00,4762200.00,376.62,,,
A,19/01/26,08:24:00,443230323937FF171E0D-5,14776800.00,4819800.00,5192400.00,4764600.00,376.62,,,
A,19/01/26,08:29:00,443230323937FF171E0D-5,14784000.00,4822200.00,5194800.00,4767000.00,376.62,,,
A,19/01/26,08:34:00,443230323937FF171E0D-5,14790600.00,4824600.00,5197200.00,4768800.00,376.62,,,
A,19/01/26,08:39:00,443230323937FF171E0D-5,14797800.00,4827000.00,5199600.00,4771200.00,376.62,,,
A,19/01/26,08:44:00,443230323937FF171E0D-5,14804400.00,4828800.00,5202000.00,4773600.00,376.62,,,
A,19/01/26,08:49:00,443230323937FF171E0D-5,14811000.00,4831200.00,5204400.00,4775400.00,376.62,,,
A,19/01/26,08:54:00,443230323937FF171E0D-5,14818200.00,4833600.00,5206800.00,4777800.00,376.62,,,
A,19/01/26,08:59:00,443230323937FF171E0D-5,14824200.00,4835400.00,5209200.00,4779600.00,376.62,,,
A,19/01/26,09:04:00,443230323937FF171E0D-5,14831400.00,4837800.00,5211600.00,4782000.00,376.62,,,
A,19/01/26,09:09:00,443230323937FF171E0D-5,14838600.00,4840200.00,5214000.00,4784400.00,376.62,,,
A,19/01/26,09:14:00,443230323937FF171E0D-5,14844600.00,4842600.00,5215800.00,4786200.00,376.62,,,
A,19/01/26,09:19:00,443230323937FF171E0D-5,14851200.00,4844400.00,5218200.00,4788600.00,376.62,,,
A,19/01/26,09:24:00,443230323937FF171E0D-5,14858400.00,4846800.00,5220600.00,4791000.00,376.62,,,
A,19/01/26,09:29:00,443230323937FF171E0D-5,14865000.00,4849200.00,5223000.00,4792800.00,376.62,,,
A,19/01/26,09:34:00,443230323937FF171E0D-5,14872200.00,4851600.00,5225400.00,4795200.00,376.62,,,
A,19/01/26,09:39:00,443230323937FF171E0D-5,14878800.00,4853400.00,5227800.00,4797600.00,376.62,,,
A,19/01/26,09:44:00,443230323937FF171E0D-5,14885400.00,4855800.00,5230200.00,4799400.00,376.62,,,
A,19/01/26,09:49:00,443230323937FF171E0D-5,14892600.00,4858200.00,5232600.00,4801800.00,376.62,,,
A,19/01/26,09:54:00,443230323937FF171E0D-5,14899200.00,4860000.00,5235000.00,4804200.00,376.62,,,
A,19/01/26,09:59:00,443230323937FF171E0D-5,14905800.00,4862400.00,5237400.00,4806000.00,376.62,,,
A,19/01/26,10:04:00,443230323937FF171E0D-5,14912400.00,4864800.00,5239200.00,4808400.00,376.62,,,
A,19/01/26,10:09:00,443230323937FF171E0D-5,14919000.00,4867200.00,5241600.00,4810200.00,376.62,,,
A,19/01/26,10:14:00,443230323937FF171E0D-5,14919000.00,4867200.00,5241600.00,4810200.00,376.62,,,
A,19/01/26,10:19:00,443230323937FF171E0D-5,14919000.00,4867200.00,5241600.00,4810200.00,376.62,,,
A,19/01/26,10:24:00,443230323937FF171E0D-5,14919000.00,4867200.00,5241600.00,4810200.00,376.62,,,
A,19/01/26,10:29:00,443230323937FF171E0D-5,14919000.00,4867200.00,5241600.00,4810200.00,376.62,,,
A,19/01/26,10:34:00,443230323937FF171E0D-5,14919000.00,4867200.00,5241600.00,4810200.00,376.62,,,
A,19/01/26,10:39:00,443230323937FF171E0D-5,14919000.00,4867200.00,5241600.00,4810200.00,376.62,,,
A,19/01/26,10:44:00,443230323937FF171E0D-5,14919000.00,4867200.00,5241600.00,4810200.00,376.62,,,
A,19/01/26,10:49:00,443230323937FF171E0D-5,14919000.00,4867200.00,5241600.00,4810200.00,376.62,,,
A,19/01/26,10:54:00,443230323937FF171E0D-5,14919000.00,4867200.00,5241600.00,4810200.00,376.62,,,
A,19/01/26,10:59:00,443230323937FF171E0D-5,14919000.00,4867200.00,5241600.00,4810200.00,376.62,,,
A,19/01/26,11:04:00,443230323937FF171E0D-5,14919000.00,4867200.00,5241600.00,4810200.00,376.62,,,
A,19/01/26,11:09:00,443230323937FF171E0D-5,14919000.00,4867200.00,5241600.00,4810200.00,376.62,,,
A,19/01/26,11:14:00,443230323937FF171E0D-5,14919000.00,4867200.00,5241600.00,4810200.00,376.62,,,
A,19/01/26,11:19:00,443230323937FF171E0D-5,14919000.00,4867200.00,5241600.00,4810200.00,376.62,,,
A,19/01/26,11:24:00,443230323937FF171E0D-5,14919000.00,4867200.00,5241600.00,4810200.00,376.62,,,
A,19/01/26,11:29:00,443230323937FF171E0D-5,14919000.00,4867200.00,5241600.00,4810200.00,376.62,,,
A,19/01/26,11:34:00,443230323937FF171E0D-5,14919000.00,4867200.00,5241600.00,4810200.00,376.62,,,
A,19/01/26,11:39:00,443230323937FF171E0D-5,14919000.00,4867200.00,5241600.00,4810200.00,376.62,,,
A,19/01/26,11:44:00,443230323937FF171E0D-5,14919000.00,4867200.00,5241600.00,4810200.00,376.62,,,
A,19/01/26,11:49:00,443230323937FF171E0D-5,14919000.00,4867200.00,5241600.00,4810200.00,376.62,,,
A,19/01/26,11:54:00,443230323937FF171E0D-5,14919000.00,4867200.00,5241600.00,4810200.00,376.62,,,
A,19/01/26,11:59:00,443230323937FF171E0D-5,14919000.00,4867200.00,5241600.00,4810200.00,376.62,,,
A,19/01/26,12:04:00,443230323937FF171E0D-5,14919000.00,4867200.00,5241600.00,4810200.00,376.62,,,
A,19/01/26,12:09:00,443230323937FF171E0D-5,14919000.00,4867200.00,5241600.00,4810200.00,376.62,,,
A,19/01/26,12:14:00,443230323937FF171E0D-5,14919000.00,4867200.00,5241600.00,4810200.00,376.62,,,
A,19/01/26,12:19:00,443230323937FF171E0D-5,14919000.00,4867200.00,5241600.00,4810200.00,376.62,,,
A,19/01/26,12:24:00,443230323937FF171E0D-5,14919000.00,4867200.00,5241600.00,4810200.00,376.62,,,
A,19/01/26,12:29:00,443230323937FF171E0D-5,14919000.00,4867200.00,5241600.00,4810200.00,376.62,,,
A,19/01/26,12:34:00,443230323937FF171E0D-5,14919000.00,4867200.00,5241600.00,4810200.00,376.62,,,
A,19/01/26,12:39:00,443230323937FF171E0D-5,14919000.00,4867200.00,5241600.00,4810200.00,376.62,,,
A,19/01/26,12:44:00,443230323937FF171E0D-5,14919000.00,4867200.00,5241600.00,4810200.00,376.62,,,
A,19/01/26,12:49:00,443230323937FF171E0D-5,14919000.00,4867200.00,5241600.00,4810200.00,376.62,,,
A,19/01/26,12:54:00,443230323937FF171E0D-5,14919000.00,4867200.00,5241600.00,4810200.00,376.62,,,
A,19/01/26,12:59:00,443230323937FF171E0D-5,14919000.00,4867200.00,5241600.00,4810200.00,376.62,,,
A,19/01/26,13:04:00,443230323937FF171E0D-5,14919000.00,4867200.00,5241600.00,4810200.00,376.62,,,
A,19/01/26,13:09:00,443230323937FF171E0D-5,14919000.00,4867200.00,5241600.00,4810200.00,376.62,,,
A,19/01/26,13:14:00,443230323937FF171E0D-5,14919000.00,4867200.00,5241600.00,4810200.00,376.62,,,
A,19/01/26,13:19:00,443230323937FF171E0D-5,14919000.00,4867200.00,5241600.00,4810200.00,376.62,,,
A,19/01/26,13:24:00,443230323937FF171E0D-5,14919000.00,4867200.00,5241600.00,4810200.00,376.62,,,
A,19/01/26,13:29:00,443230323937FF171E0D-5,14919000.00,4867200.00,5241600.00,4810200.00,376.62,,,
A,19/01/26,13:34:00,443230323937FF171E0D-5,14919000.00,4867200.00,5241600.00,4810200.00,376.62,,,
A,19/01/26,13:39:00,443230323937FF171E0D-5,14919000.00,4867200.00,5241600.00,4810200.00,376.62,,,
A,19/01/26,13:44:00,443230323937FF171E0D-5,14919000.00,4867200.00,5241600.00,4810200.00,376.62,,,
A,19/01/26,13:49:00,443230323937FF171E0D-5,14919000.00,4867200.00,5241600.00,4810200.00,376.62,,,
A,19/01/26,13:54:00,443230323937FF171E0D-5,14919000.00,4867200.00,5241600.00,4810200.00,376.62,,,
A,19/01/26,13:59:00,443230323937FF171E0D-5,14919000.00,4867200.00,5241600.00,4810200.00,376.62,,,
A,19/01/26,14:04:00,443230323937FF171E0D-5,14919000.00,4867200.00,5241600.00,4810200.00,376.62,,,
A,19/01/26,14:09:00,443230323937FF171E0D-5,14919000.00,4867200.00,5241600.00,4810200.00,376.62,,,
A,19/01/26,14:14:00,443230323937FF171E0D-5,14919000.00,4867200.00,5241600.00,4810200.00,376.62,,,
A,19/01/26,14:19:00,443230323937FF171E0D-5,14919000.00,4867200.00,5241600.00,4810200.00,376.62,,,
A,19/01/26,14:24:00,443230323937FF171E0D-5,14919000.00,4867200.00,5241600.00,4810200.00,376.62,,,
A,19/01/26,14:29:00,443230323937FF171E0D-5,14919000.00,4867200.00,5241600.00,4810200.00,376.62,,,
A,19/01/26,14:34:00,443230323937FF171E0D-5,14919000.00,4867200.00,5241600.00,4810200.00,376.62,,,
A,19/01/26,14:39:00,443230323937FF171E0D-5,14919000.00,4867200.00,5241600.00,4810200.00,376.62,,,
A,19/01/26,14:44:00,443230323937FF171E0D-5,14919000.00,4867200.00,5241600.00,4810200.00,376.62,,,
A,19/01/26,14:49:00,443230323937FF171E0D-5,14919000.00,4867200.00,5241600.00,4810200.00,376.62,,,
A,19/01/26,14:54:00,443230323937FF171E0D-5,14919000.00,4867200.00,5241600.00,4810200.00,376.62,,,
A,19/01/26,14:59:00,443230323937FF171E0D-5,14919000.00,4867200.00,5241600.00,4810200.00,376.62,,,
A,19/01/26,15:04:00,443230323937FF171E0D-5,14919000.00,4867200.00,5241600.00,4810200.00,376.62,,,
A,19/01/26,15:09:00,443230323937FF171E0D-5,14919000.00,4867200.00,5241600.00,4810200.00,376.62,,,
A,19/01/26,15:14:00,443230323937FF171E0D-5,14919000.00,4867200.00,5241600.00,4810200.00,376.62,,,
A,19/01/26,15:19:00,443230323937FF171E0D-5,14919000.00,4867200.00,5241600.00,4810200.00,376.62,,,
A,19/01/26,15:24:00,443230323937FF171E0D-5,14919000.00,4867200.00,5241600.00,4810200.00,376.62,,,
A,19/01/26,15:29:00,443230323937FF171E0D-5,14919000.00,4867200.00,5241600.00,4810200.00,376.62,,,
A,19/01/26,15:34:00,443230323937FF171E0D-5,14919000.00,4867200.00,5241600.00,4810200.00,376.62,,,
A,19/01/26,15:39:00,443230323937FF171E0D-5,14919000.00,4867200.00,5241600.00,4810200.00,376.62,,,
A,19/01/26,15:44:00,443230323937FF171E0D-5,14919000.00,4867200.00,5241600.00,4810200.00,376.62,,,
A,19/01/26,15:49:00,443230323937FF171E0D-5,14919000.00,4867200.00,5241600.00,4810200.00,376.62,,,
A,19/01/26,15:54:00,443230323937FF171E0D-5,14919000.00,4867200.00,5241600.00,4810200.00,376.62,,,
A,19/01/26,15:59:00,443230323937FF171E0D-5,14919000.00,4867200.00,5241600.00,4810200.00,376.62,,,
A,19/01/26,16:04:00,443230323937FF171E0D-5,14919000.00,4867200.00,5241600.00,4810200.00,376.62,,,
A,19/01/26,16:09:00,443230323937FF171E0D-5,14919000.00,4867200.00,5241600.00,4810200.00,376.62,,,
A,19/01/26,16:14:00,443230323937FF171E0D-5,14919000.00,4867200.00,5241600.00,4810200.00,376.62,,,
A,19/01/26,16:19:00,443230323937FF171E0D-5,14919000.00,4867200.00,5241600.00,4810200.00,376.62,,,
A,19/01/26,16:24:00,443230323937FF171E0D-5,14919000.00,4867200.00,5241600.00,4810200.00,376.62,,,
A,19/01/26,16:29:00,443230323937FF171E0D-5,14919000.00,4867200.00,5241600.00,4810200.00,376.62,,,
A,19/01/26,16:34:00,443230323937FF171E0D-5,14919000.00,4867200.00,5241600.00,4810200.00,376.62,,,
A,19/01/26,16:39:00,443230323937FF171E0D-5,14919000.00,4867200.00,5241600.00,4810200.00,376.62,,,
A,19/01/26,16:44:00,443230323937FF171E0D-5,14919000.00,4867200.00,5241600.00,4810200.00,376.62,,,
A,19/01/26,16:49:00,443230323937FF171E0D-5,14919000.00,4867200.00,5241600.00,4810200.00,376.62,,,
A,19/01/26,16:54:00,443230323937FF171E0D-5,14919000.00,4867200.00,5241600.00,4810200.00,376.62,,,
A,19/01/26,16:59:00,443230323937FF171E0D-5,14920200.00,4867200.00,5242200.00,4810800.00,376.62,,,
A,19/01/26,17:04:00,443230323937FF171E0D-5,14925000.00,4869000.00,5244000.00,4812000.00,376.62,,,
A,19/01/26,17:09:00,443230323937FF171E0D-5,14929200.00,4870200.00,5245200.00,4813800.00,376.62,,,
A,19/01/26,17:14:00,443230323937FF171E0D-5,14934600.00,4872000.00,5247000.00,4815600.00,376.62,,,
A,19/01/26,17:19:00,443230323937FF171E0D-5,14940000.00,4873800.00,5248800.00,4817400.00,376.62,,,
A,19/01/26,17:24:00,443230323937FF171E0D-5,14946000.00,4875600.00,5251200.00,4819200.00,376.62,,,
A,19/01/26,17:29:00,443230323937FF171E0D-5,14951400.00,4877400.00,5253000.00,4821000.00,376.62,,,
A,19/01/26,17:34:00,443230323937FF171E0D-5,14956800.00,4879200.00,5254800.00,4822800.00,376.62,,,
A,19/01/26,17:39:00,443230323937FF171E0D-5,14962200.00,4881000.00,5256600.00,4824600.00,376.62,,,
A,19/01/26,17:44:00,443230323937FF171E0D-5,14968200.00,4882800.00,5259000.00,4826400.00,376.62,,,
A,19/01/26,17:49:00,443230323937FF171E0D-5,14973600.00,4884600.00,5260800.00,4828200.00,376.62,,,
A,19/01/26,17:54:00,443230323937FF171E0D-5,14979000.00,4886400.00,5262600.00,4830000.00,376.62,,,
A,19/01/26,17:59:00,443230323937FF171E0D-5,14984400.00,4888200.00,5264400.00,4831800.00,376.62,,,
A,19/01/26,18:04:00,443230323937FF171E0D-5,14990400.00,4890000.00,5266800.00,4833600.00,376.62,,,
A,19/01/26,18:09:00,443230323937FF171E0D-5,14996400.00,4892400.00,5268600.00,4835400.00,376.62,,,
A,19/01/26,18:14:00,443230323937FF171E0D-5,15001800.00,4894200.00,5270400.00,4837200.00,376.62,,,
A,19/01/26,18:19:00,443230323937FF171E0D-5,15006600.00,4896000.00,5272200.00,4838400.00,376.62,,,
A,19/01/26,18:24:00,443230323937FF171E0D-5,15012000.00,4897800.00,5274000.00,4840200.00,376.62,,,
A,19/01/26,18:29:00,443230323937FF171E0D-5,15018000.00,4899600.00,5276400.00,4842000.00,376.62,,,
A,19/01/26,18:34:00,443230323937FF171E0D-5,15023400.00,4901400.00,5278200.00,4843800.00,376.62,,,
A,19/01/26,18:39:00,443230323937FF171E0D-5,15028800.00,4903200.00,5280000.00,4845600.00,376.62,,,
A,19/01/26,18:44:00,443230323937FF171E0D-5,15034200.00,4905000.00,5281800.00,4847400.00,376.62,,,
A,19/01/26,18:49:00,443230323937FF171E0D-5,15040200.00,4906800.00,5284200.00,4849200.00,376.62,,,
A,19/01/26,18:54:00,443230323937FF171E0D-5,15045600.00,4908600.00,5286000.00,4851000.00,376.62,,,
A,19/01/26,18:59:00,443230323937FF171E0D-5,15051000.00,4910400.00,5287800.00,4852800.00,376.62,,,
A,19/01/26,19:04:00,443230323937FF171E0D-5,15056400.00,4912200.00,5289600.00,4854600.00,376.62,,,
A,19/01/26,19:09:00,443230323937FF171E0D-5,15061800.00,4914000.00,5291400.00,4856400.00,376.62,,,
A,19/01/26,19:14:00,443230323937FF171E0D-5,15067800.00,4915800.00,5293800.00,4858200.00,376.62,,,
A,19/01/26,19:19:00,443230323937FF171E0D-5,15073800.00,4917600.00,5295600.00,4860600.00,376.62,,,
A,19/01/26,19:24:00,443230323937FF171E0D-5,15079200.00,4919400.00,5297400.00,4862400.00,376.62,,,
A,19/01/26,19:29:00,443230323937FF171E0D-5,15084600.00,4921200.00,5299200.00,4864200.00,376.62,,,
A,19/01/26,19:34:00,443230323937FF171E0D-5,15090000.00,4923000.00,5301000.00,4866000.00,376.62,,,
A,19/01/26,19:39:00,443230323937FF171E0D-5,15096000.00,4924800.00,5303400.00,4867800.00,376.62,,,
A,19/01/26,19:44:00,443230323937FF171E0D-5,15101400.00,4926600.00,5305200.00,4869600.00,376.62,,,
A,19/01/26,19:49:00,443230323937FF171E0D-5,15107400.00,4929000.00,5307000.00,4871400.00,376.62,,,
A,19/01/26,19:54:00,443230323937FF171E0D-5,15112800.00,4930800.00,5308800.00,4873200.00,376.62,,,
A,19/01/26,19:59:00,443230323937FF171E0D-5,15118200.00,4932600.00,5310600.00,4875000.00,376.62,,,
A,19/01/26,20:04:00,443230323937FF171E0D-5,15124200.00,4934400.00,5313000.00,4876800.00,376.62,,,
A,19/01/26,20:09:00,443230323937FF171E0D-5,15129600.00,4936200.00,5314800.00,4878600.00,376.62,,,
A,19/01/26,20:14:00,443230323937FF171E0D-5,15135000.00,4938000.00,5316600.00,4880400.00,376.62,,,
A,19/01/26,20:19:00,443230323937FF171E0D-5,15140400.00,4939800.00,5318400.00,4882200.00,376.62,,,
A,19/01/26,20:24:00,443230323937FF171E0D-5,15145800.00,4941600.00,5320200.00,4884000.00,376.62,,,
A,19/01/26,20:29:00,443230323937FF171E0D-5,15151800.00,4943400.00,5322600.00,4885800.00,376.62,,,
A,19/01/26,20:34:00,443230323937FF171E0D-5,15157200.00,4945200.00,5324400.00,4887600.00,376.62,,,
A,19/01/26,20:39:00,443230323937FF171E0D-5,15162600.00,4947000.00,5326200.00,4889400.00,376.62,,,
A,19/01/26,20:44:00,443230323937FF171E0D-5,15168000.00,4948800.00,5328000.00,4891200.00,376.62,,,
A,19/01/26,20:49:00,443230323937FF171E0D-5,15173400.00,4950600.00,5329800.00,4893000.00,376.62,,,
A,19/01/26,20:54:00,443230323937FF171E0D-5,15179400.00,4952400.00,5332200.00,4894800.00,376.62,,,
A,19/01/26,20:59:00,443230323937FF171E0D-5,15184800.00,4954200.00,5334000.00,4896600.00,376.62,,,
A,19/01/26,21:04:00,443230323937FF171E0D-5,15190200.00,4956000.00,5335800.00,4898400.00,376.62,,,
A,19/01/26,21:09:00,443230323937FF171E0D-5,15195600.00,4957800.00,5337600.00,4900200.00,376.62,,,
A,19/01/26,21:14:00,443230323937FF171E0D-5,15201000.00,4959600.00,5339400.00,4902000.00,376.62,,,
A,19/01/26,21:19:00,443230323937FF171E0D-5,15207000.00,4961400.00,5341800.00,4903800.00,376.62,,,
A,19/01/26,21:24:00,443230323937FF171E0D-5,15212400.00,4963200.00,5343600.00,4905600.00,376.62,,,
A,19/01/26,21:29:00,443230323937FF171E0D-5,15217800.00,4965000.00,5345400.00,4907400.00,376.62,,,
A,19/01/26,21:34:00,443230323937FF171E0D-5,15223200.00,4966800.00,5347200.00,4909200.00,376.62,,,
A,19/01/26,21:39:00,443230323937FF171E0D-5,15228600.00,4968600.00,5349000.00,4911000.00,376.62,,,
A,19/01/26,21:44:00,443230323937FF171E0D-5,15234600.00,4970400.00,5351400.00,4912800.00,376.62,,,
A,19/01/26,21:49:00,443230323937FF171E0D-5,15240000.00,4972200.00,5353200.00,4914600.00,376.62,,,
A,19/01/26,21:54:00,443230323937FF171E0D-5,15245400.00,4974000.00,5355000.00,4916400.00,376.62,,,
A,19/01/26,21:59:00,443230323937FF171E0D-5,15251400.00,4975800.00,5356800.00,4918800.00,376.62,,,
A,19/01/26,22:04:00,443230323937FF171E0D-5,15256800.00,4977600.00,5358600.00,4920600.00,376.62,,,
A,19/01/26,22:09:00,443230323937FF171E0D-5,15263400.00,4980000.00,5361000.00,4922400.00,376.62,,,
A,19/01/26,22:14:00,443230323937FF171E0D-5,15268800.00,4981800.00,5362800.00,4924200.00,376.62,,,
A,19/01/26,22:19:00,443230323937FF171E0D-5,15274200.00,4983600.00,5364600.00,4926000.00,376.62,,,
A,19/01/26,22:24:00,443230323937FF171E0D-5,15279600.00,4985400.00,5366400.00,4927800.00,376.62,,,
A,19/01/26,22:29:00,443230323937FF171E0D-5,15285000.00,4987200.00,5368200.00,4929600.00,376.62,,,
A,19/01/26,22:34:00,443230323937FF171E0D-5,15291000.00,4989000.00,5370600.00,4931400.00,376.62,,,
A,19/01/26,22:39:00,443230323937FF171E0D-5,15296400.00,4990800.00,5372400.00,4933200.00,376.62,,,
A,19/01/26,22:44:00,443230323937FF171E0D-5,15301800.00,4992600.00,5374200.00,4935000.00,376.62,,,
A,19/01/26,22:49:00,443230323937FF171E0D-5,15307200.00,4994400.00,5376000.00,4936800.00,376.62,,,
A,19/01/26,22:54:00,443230323937FF171E0D-5,15313200.00,4996200.00,5378400.00,4938600.00,376.62,,,
A,19/01/26,22:59:00,443230323937FF171E0D-5,15318600.00,4998000.00,5380200.00,4940400.00,376.62,,,
A,19/01/26,23:04:00,443230323937FF171E0D-5,15324000.00,4999800.00,5382000.00,4942200.00,376.62,,,
A,19/01/26,23:09:00,443230323937FF171E0D-5,15329400.00,5001600.00,5383800.00,4944000.00,376.62,,,
A,19/01/26,23:14:00,443230323937FF171E0D-5,15334800.00,5003400.00,5385600.00,4945800.00,376.62,,,
A,19/01/26,23:19:00,443230323937FF171E0D-5,15340800.00,5005200.00,5388000.00,4947600.00,376.62,,,
A,19/01/26,23:24:00,443230323937FF171E0D-5,15346200.00,5007000.00,5389800.00,4949400.00,376.62,,,
A,19/01/26,23:29:00,443230323937FF171E0D-5,15351600.00,5008800.00,5391600.00,4951200.00,376.62,,,
A,19/01/26,23:34:00,443230323937FF171E0D-5,15357000.00,5010600.00,5393400.00,4953000.00,376.62,,,
A,19/01/26,23:39:00,443230323937FF171E0D-5,15362400.00,5012400.00,5395200.00,4954800.00,376.62,,,
A,19/01/26,23:44:00,443230323937FF171E0D-5,15368400.00,5014200.00,5397600.00,4956600.00,376.62,,,
A,19/01/26,23:49:00,443230323937FF171E0D-5,15373800.00,5016000.00,5399400.00,4958400.00,376.62,,,
A,19/01/26,23:54:00,443230323937FF171E0D-5,15379200.00,5017800.00,5401200.00,4960200.00,376.62,,,
A,19/01/26,23:59:00,443230323937FF171E0D-5,15384600.00,5019600.00,5403000.00,4962000.00,376.62,,,
A,20/01/26,00:04:00,443230323937FF171E0D-5,15390000.00,5021400.00,5404800.00,4963800.00,376.62,,,
A,20/01/26,00:09:00,443230323937FF171E0D-5,15396000.00,5023200.00,5407200.00,4965600.00,376.62,,,
A,20/01/26,00:14:00,443230323937FF171E0D-5,15402000.00,5025000.00,5409000.00,4968000.00,376.62,,,
A,20/01/26,00:19:00,443230323937FF171E0D-5,15407400.00,5026800.00,5410800.00,4969800.00,376.62,,,
A,20/01/26,00:24:00,443230323937FF171E0D-5,15412800.00,5028600.00,5412600.00,4971600.00,376.62,,,
A,20/01/26,00:29:00,443230323937FF171E0D-5,15418200.00,5030400.00,5414400.00,4973400.00,376.62,,,
A,20/01/26,00:34:00,443230323937FF171E0D-5,15424200.00,5032200.00,5416800.00,4975200.00,376.62,,,
A,20/01/26,00:39:00,443230323937FF171E0D-5,15429600.00,5034000.00,5418600.00,4977000.00,376.62,,,
A,20/01/26,00:44:00,443230323937FF171E0D-5,15435000.00,5035800.00,5420400.00,4978800.00,376.62,,,
A,20/01/26,00:49:00,443230323937FF171E0D-5,15440400.00,5037600.00,5422200.00,4980600.00,376.62,,,
A,20/01/26,00:54:00,443230323937FF171E0D-5,15446400.00,5039400.00,5424600.00,4982400.00,376.62,,,
A,20/01/26,00:59:00,443230323937FF171E0D-5,15451800.00,5041200.00,5426400.00,4984200.00,376.62,,,
A,20/01/26,01:04:00,443230323937FF171E0D-5,15457200.00,5043000.00,5428200.00,4986000.00,376.62,,,
A,20/01/26,01:09:00,443230323937FF171E0D-5,15462600.00,5044800.00,5430000.00,4987800.00,376.62,,,
A,20/01/26,01:14:00,443230323937FF171E0D-5,15468000.00,5046600.00,5431800.00,4989600.00,376.62,,,
A,20/01/26,01:19:00,443230323937FF171E0D-5,15474000.00,5048400.00,5434200.00,4991400.00,376.62,,,
A,20/01/26,01:24:00,443230323937FF171E0D-5,15479400.00,5050200.00,5436000.00,4993200.00,376.62,,,
A,20/01/26,01:29:00,443230323937FF171E0D-5,15484800.00,5052000.00,5437800.00,4995000.00,376.62,,,
A,20/01/26,01:34:00,443230323937FF171E0D-5,15490200.00,5053800.00,5439600.00,4996800.00,376.62,,,
A,20/01/26,01:39:00,443230323937FF171E0D-5,15495600.00,5055600.00,5441400.00,4998600.00,376.62,,,
A,20/01/26,01:44:00,443230323937FF171E0D-5,15501600.00,5057400.00,5443800.00,5000400.00,376.62,,,
A,20/01/26,01:49:00,443230323937FF171E0D-5,15507000.00,5059200.00,5445600.00,5002200.00,376.62,,,
A,20/01/26,01:54:00,443230323937FF171E0D-5,15512400.00,5061000.00,5447400.00,5004000.00,376.62,,,
A,20/01/26,01:59:00,443230323937FF171E0D-5,15518400.00,5062800.00,5449200.00,5006400.00,376.62,,,
A,20/01/26,02:04:00,443230323937FF171E0D-5,15524400.00,5064600.00,5451600.00,5008200.00,376.62,,,
A,20/01/26,02:09:00,443230323937FF171E0D-5,15529800.00,5066400.00,5453400.00,5010000.00,376.62,,,
A,20/01/26,02:14:00,443230323937FF171E0D-5,15535200.00,5068200.00,5455200.00,5011800.00,376.62,,,
A,20/01/26,02:19:00,443230323937FF171E0D-5,15540600.00,5070000.00,5457000.00,5013600.00,376.62,,,
A,20/01/26,02:24:00,443230323937FF171E0D-5,15546000.00,5071800.00,5458800.00,5015400.00,376.62,,,
A,20/01/26,02:29:00,443230323937FF171E0D-5,15552000.00,5073600.00,5461200.00,5017200.00,376.62,,,
A,20/01/26,02:34:00,443230323937FF171E0D-5,15557400.00,5075400.00,5463000.00,5019000.00,376.62,,,
A,20/01/26,02:39:00,443230323937FF171E0D-5,15562800.00,5077200.00,5464800.00,5020800.00,376.62,,,
A,20/01/26,02:44:00,443230323937FF171E0D-5,15568200.00,5079000.00,5466600.00,5022600.00,376.62,,,
A,20/01/26,02:49:00,443230323937FF171E0D-5,15574200.00,5080800.00,5469000.00,5024400.00,376.62,,,
A,20/01/26,02:54:00,443230323937FF171E0D-5,15579600.00,5082600.00,5470800.00,5026200.00,376.62,,,
A,20/01/26,02:59:00,443230323937FF171E0D-5,15585000.00,5084400.00,5472600.00,5028000.00,376.62,,,
A,20/01/26,03:04:00,443230323937FF171E0D-5,15590400.00,5086200.00,5474400.00,5029800.00,376.62,,,
A,20/01/26,03:09:00,443230323937FF171E0D-5,15595800.00,5088000.00,5476200.00,5031600.00,376.62,,,
A,20/01/26,03:14:00,443230323937FF171E0D-5,15601800.00,5089800.00,5478600.00,5033400.00,376.62,,,
A,20/01/26,03:19:00,443230323937FF171E0D-5,15607200.00,5091600.00,5480400.00,5035200.00,376.62,,,
A,20/01/26,03:24:00,443230323937FF171E0D-5,15612600.00,5093400.00,5482200.00,5037000.00,376.62,,,
A,20/01/26,03:29:00,443230323937FF171E0D-5,15618000.00,5095200.00,5484000.00,5038800.00,376.62,,,
A,20/01/26,03:34:00,443230323937FF171E0D-5,15624000.00,5097000.00,5486400.00,5040600.00,376.62,,,
A,20/01/26,03:39:00,443230323937FF171E0D-5,15629400.00,5098800.00,5488200.00,5042400.00,376.62,,,
A,20/01/26,03:44:00,443230323937FF171E0D-5,15634800.00,5100600.00,5490000.00,5044200.00,376.62,,,
A,20/01/26,03:49:00,443230323937FF171E0D-5,15640200.00,5102400.00,5491800.00,5046000.00,376.62,,,
A,20/01/26,03:54:00,443230323937FF171E0D-5,15645600.00,5104200.00,5493600.00,5047800.00,376.62,,,
A,20/01/26,03:59:00,443230323937FF171E0D-5,15651600.00,5106000.00,5496000.00,5049600.00,376.62,,,
A,20/01/26,04:04:00,443230323937FF171E0D-5,15657000.00,5107800.00,5497800.00,5051400.00,376.62,,,
A,20/01/26,04:09:00,443230323937FF171E0D-5,15662400.00,5109600.00,5499600.00,5053200.00,376.62,,,
A,20/01/26,04:14:00,443230323937FF171E0D-5,15667800.00,5111400.00,5501400.00,5055000.00,376.62,,,
A,20/01/26,04:19:00,443230323937FF171E0D-5,15674400.00,5113200.00,5503800.00,5057400.00,376.62,,,
A,20/01/26,04:24:00,443230323937FF171E0D-5,15679800.00,5115000.00,5505600.00,5059200.00,376.62,,,
A,20/01/26,04:29:00,443230323937FF171E0D-5,15685200.00,5116800.00,5507400.00,5061000.00,376.62,,,
A,20/01/26,04:34:00,443230323937FF171E0D-5,15690600.00,5118600.00,5509200.00,5062800.00,376.62,,,
A,20/01/26,04:39:00,443230323937FF171E0D-5,15696600.00,5120400.00,5511600.00,5064600.00,376.62,,,
A,20/01/26,04:44:00,443230323937FF171E0D-5,15702000.00,5122200.00,5513400.00,5066400.00,376.62,,,
A,20/01/26,04:49:00,443230323937FF171E0D-5,15707400.00,5124000.00,5515200.00,5068200.00,376.62,,,
A,20/01/26,04:54:00,443230323937FF171E0D-5,15712800.00,5125800.00,5517000.00,5070000.00,376.62,,,
A,20/01/26,04:59:00,443230323937FF171E0D-5,15718800.00,5127600.00,5519400.00,5071800.00,376.62,,,
A,20/01/26,05:04:00,443230323937FF171E0D-5,15724200.00,5129400.00,5521200.00,5073600.00,376.62,,,
A,20/01/26,05:09:00,443230323937FF171E0D-5,15729600.00,5131200.00,5523000.00,5075400.00,376.62,,,
A,20/01/26,05:14:00,443230323937FF171E0D-5,15735000.00,5133000.00,5524800.00,5077200.00,376.62,,,
A,20/01/26,05:19:00,443230323937FF171E0D-5,15740400.00,5134800.00,5526600.00,5079000.00,376.62,,,
A,20/01/26,05:24:00,443230323937FF171E0D-5,15746400.00,5136600.00,5529000.00,5080800.00,376.62,,,
A,20/01/26,05:29:00,443230323937FF171E0D-5,15751800.00,5138400.00,5530800.00,5082600.00,376.62,,,
A,20/01/26,05:34:00,443230323937FF171E0D-5,15757200.00,5140200.00,5532600.00,5084400.00,376.62,,,
A,20/01/26,05:39:00,443230323937FF171E0D-5,15762600.00,5142000.00,5534400.00,5086200.00,376.62,,,
A,20/01/26,05:44:00,443230323937FF171E0D-5,15768600.00,5143800.00,5536800.00,5088000.00,376.62,,,
A,20/01/26,05:49:00,443230323937FF171E0D-5,15774000.00,5145600.00,5538600.00,5089800.00,376.62,,,
A,20/01/26,05:54:00,443230323937FF171E0D-5,15779400.00,5147400.00,5540400.00,5091600.00,376.62,,,
A,20/01/26,05:59:00,443230323937FF171E0D-5,15784800.00,5149200.00,5542200.00,5093400.00,376.62,,,
A,20/01/26,06:04:00,443230323937FF171E0D-5,15790800.00,5151000.00,5544600.00,5095200.00,376.62,,,
A,20/01/26,06:09:00,443230323937FF171E0D-5,15796200.00,5152800.00,5546400.00,5097000.00,376.62,,,
A,20/01/26,06:14:00,443230323937FF171E0D-5,15801600.00,5154600.00,5548200.00,5098800.00,376.62,,,
A,20/01/26,06:19:00,443230323937FF171E0D-5,15807000.00,5156400.00,5550000.00,5100600.00,376.62,,,
A,20/01/26,06:24:00,443230323937FF171E0D-5,15813000.00,5158200.00,5552400.00,5102400.00,376.62,,,
A,20/01/26,06:29:00,443230323937FF171E0D-5,15818400.00,5160000.00,5554200.00,5104200.00,376.62,,,
A,20/01/26,06:34:00,443230323937FF171E0D-5,15823800.00,5161800.00,5556000.00,5106000.00,376.62,,,
A,20/01/26,06:39:00,443230323937FF171E0D-5,15829200.00,5163600.00,5557800.00,5107800.00,376.62,,,
A,20/01/26,06:44:00,443230323937FF171E0D-5,15834600.00,5165400.00,5559600.00,5109600.00,376.62,,,
A,20/01/26,06:49:00,443230323937FF171E0D-5,15840600.00,5167200.00,5562000.00,5111400.00,376.62,,,
A,20/01/26,06:54:00,443230323937FF171E0D-5,15846600.00,5169600.00,5563800.00,5113200.00,376.62,,,
A,20/01/26,06:59:00,443230323937FF171E0D-5,15852000.00,5171400.00,5565600.00,5115000.00,376.62,,,
A,20/01/26,07:04:00,443230323937FF171E0D-5,15857400.00,5173200.00,5567400.00,5116800.00,376.62,,,
A,20/01/26,07:09:00,443230323937FF171E0D-5,15863400.00,5175000.00,5569800.00,5118600.00,376.62,,,
A,20/01/26,07:14:00,443230323937FF171E0D-5,15868800.00,5176800.00,5571600.00,5120400.00,376.62,,,
A,20/01/26,07:19:00,443230323937FF171E0D-5,15874200.00,5178600.00,5573400.00,5122200.00,376.62,,,
A,20/01/26,07:24:00,443230323937FF171E0D-5,15879600.00,5180400.00,5575200.00,5124000.00,376.62,,,
A,20/01/26,07:29:00,443230323937FF171E0D-5,15885000.00,5182200.00,5577000.00,5125800.00,376.62,,,
A,20/01/26,07:34:00,443230323937FF171E0D-5,15891000.00,5184000.00,5579400.00,5127600.00,376.62,,,
A,20/01/26,07:39:00,443230323937FF171E0D-5,15896400.00,5185800.00,5581200.00,5129400.00,376.62,,,
A,20/01/26,07:44:00,443230323937FF171E0D-5,15901800.00,5187600.00,5583000.00,5131200.00,376.62,,,
A,20/01/26,07:49:00,443230323937FF171E0D-5,15907200.00,5189400.00,5584800.00,5133000.00,376.62,,,
A,20/01/26,07:54:00,443230323937FF171E0D-5,15912600.00,5191200.00,5586600.00,5134800.00,376.62,,,
A,20/01/26,07:59:00,443230323937FF171E0D-5,15918000.00,5193000.00,5588400.00,5136600.00,376.62,,,
A,20/01/26,08:04:00,443230323937FF171E0D-5,15922200.00,5194200.00,5590200.00,5137800.00,376.62,,,
A,20/01/26,08:09:00,443230323937FF171E0D-5,15927600.00,5196000.00,5592000.00,5139600.00,376.62,,,
A,20/01/26,08:14:00,443230323937FF171E0D-5,15933600.00,5197800.00,5594400.00,5141400.00,376.62,,,
A,20/01/26,08:19:00,443230323937FF171E0D-5,15939000.00,5199600.00,5596200.00,5143200.00,376.62,,,
A,20/01/26,08:24:00,443230323937FF171E0D-5,15944400.00,5201400.00,5598000.00,5145000.00,376.62,,,
A,20/01/26,08:29:00,443230323937FF171E0D-5,15949800.00,5203200.00,5599800.00,5146800.00,376.62,,,
A,20/01/26,08:34:00,443230323937FF171E0D-5,15955200.00,5205000.00,5601600.00,5148600.00,376.62,,,
A,20/01/26,08:39:00,443230323937FF171E0D-5,15960000.00,5206800.00,5603400.00,5149800.00,376.62,,,
A,20/01/26,08:44:00,443230323937FF171E0D-5,15965400.00,5208600.00,5605200.00,5151600.00,376.62,,,
A,20/01/26,08:49:00,443230323937FF171E0D-5,15970200.00,5209800.00,5607000.00,5153400.00,376.62,,,
A,20/01/26,08:54:00,443230323937FF171E0D-5,15975600.00,5211600.00,5608800.00,5155200.00,376.62,,,
A,20/01/26,08:59:00,443230323937FF171E0D-5,15981000.00,5213400.00,5610600.00,5157000.00,376.62,,,
A,20/01/26,09:04:00,443230323937FF171E0D-5,15986400.00,5215200.00,5612400.00,5158800.00,376.62,,,
A,20/01/26,09:09:00,443230323937FF171E0D-5,15991800.00,5217000.00,5614200.00,5160600.00,376.62,,,
A,20/01/26,09:14:00,443230323937FF171E0D-5,15997200.00,5218800.00,5616000.00,5162400.00,376.62,,,
A,20/01/26,09:19:00,443230323937FF171E0D-5,16003200.00,5220600.00,5618400.00,5164200.00,376.62,,,
A,20/01/26,09:24:00,443230323937FF171E0D-5,16008000.00,5222400.00,5620200.00,5165400.00,376.62,,,
A,20/01/26,09:29:00,443230323937FF171E0D-5,16013400.00,5224200.00,5622000.00,5167200.00,376.62,,,
A,20/01/26,09:34:00,443230323937FF171E0D-5,16018200.00,5225400.00,5623800.00,5169000.00,376.62,,,
A,20/01/26,09:39:00,443230323937FF171E0D-5,16023600.00,5227200.00,5625600.00,5170800.00,376.62,,,
A,20/01/26,09:44:00,443230323937FF171E0D-5,16029000.00,5229000.00,5627400.00,5172600.00,376.62,,,
A,20/01/26,09:49:00,443230323937FF171E0D-5,16034400.00,5230800.00,5629200.00,5174400.00,376.62,,,
A,20/01/26,09:54:00,443230323937FF171E0D-5,16039800.00,5232600.00,5631000.00,5176200.00,376.62,,,
A,20/01/26,09:59:00,443230323937FF171E0D-5,16045200.00,5234400.00,5632800.00,5178000.00,376.62,,,
A,20/01/26,10:04:00,443230323937FF171E0D-5,16050600.00,5236200.00,5634600.00,5179800.00,376.62,,,
A,20/01/26,10:09:00,443230323937FF171E0D-5,16056000.00,5238000.00,5636400.00,5181600.00,376.62,,,
A,20/01/26,10:14:00,443230323937FF171E0D-5,16060200.00,5239200.00,5638200.00,5182800.00,376.62,,,
A,20/01/26,10:19:00,443230323937FF171E0D-5,16065600.00,5241000.00,5640000.00,5184600.00,376.62,,,
A,20/01/26,10:24:00,443230323937FF171E0D-5,16071000.00,5242800.00,5641800.00,5186400.00,376.62,,,
A,20/01/26,10:29:00,443230323937FF171E0D-5,16076400.00,5244600.00,5643600.00,5188200.00,376.62,,,
A,20/01/26,10:34:00,443230323937FF171E0D-5,16081800.00,5246400.00,5645400.00,5190000.00,376.62,,,
A,20/01/26,10:39:00,443230323937FF171E0D-5,16087800.00,5248200.00,5647800.00,5191800.00,376.62,,,
A,20/01/26,10:44:00,443230323937FF171E0D-5,16093200.00,5250000.00,5649600.00,5193600.00,376.62,,,
A,20/01/26,10:49:00,443230323937FF171E0D-5,16098600.00,5251800.00,5651400.00,5195400.00,376.62,,,
A,20/01/26,10:54:00,443230323937FF171E0D-5,16104000.00,5253600.00,5653200.00,5197200.00,376.62,,,
A,20/01/26,10:59:00,443230323937FF171E0D-5,16109400.00,5255400.00,5655000.00,5199000.00,376.62,,,
A,20/01/26,11:04:00,443230323937FF171E0D-5,16113600.00,5256600.00,5656800.00,5200200.00,376.62,,,
A,20/01/26,11:09:00,443230323937FF171E0D-5,16119000.00,5258400.00,5658600.00,5202000.00,376.62,,,
A,20/01/26,11:14:00,443230323937FF171E0D-5,16124400.00,5260200.00,5660400.00,5203800.00,376.62,,,
A,20/01/26,11:19:00,443230323937FF171E0D-5,16129800.00,5262000.00,5662200.00,5205600.00,376.62,,,
A,20/01/26,11:24:00,443230323937FF171E0D-5,16135200.00,5263800.00,5664000.00,5207400.00,376.62,,,
A,20/01/26,11:29:00,443230323937FF171E0D-5,16140600.00,5265600.00,5665800.00,5209200.00,376.62,,,
A,20/01/26,11:34:00,443230323937FF171E0D-5,16146000.00,5267400.00,5667600.00,5211000.00,376.62,,,
A,20/01/26,11:39:00,443230323937FF171E0D-5,16151400.00,5269200.00,5669400.00,5212800.00,376.62,,,
A,20/01/26,11:44:00,443230323937FF171E0D-5,16156800.00,5271000.00,5671200.00,5214600.00,376.62,,,
A,20/01/26,11:49:00,443230323937FF171E0D-5,16161600.00,5272200.00,5673000.00,5216400.00,376.62,,,
A,20/01/26,11:54:00,443230323937FF171E0D-5,16166400.00,5274000.00,5674800.00,5217600.00,376.62,,,
A,20/01/26,11:59:00,443230323937FF171E0D-5,16171800.00,5275800.00,5676600.00,5219400.00,376.62,,,
A,20/01/26,12:04:00,443230323937FF171E0D-5,16177800.00,5277600.00,5679000.00,5221200.00,376.62,,,
A,20/01/26,12:09:00,443230323937FF171E0D-5,16183200.00,5279400.00,5680800.00,5223000.00,376.62,,,
A,20/01/26,12:14:00,443230323937FF171E0D-5,16188600.00,5281200.00,5682600.00,5224800.00,376.62,,,
A,20/01/26,12:19:00,443230323937FF171E0D-5,16194000.00,5283000.00,5684400.00,5226600.00,376.62,,,
A,20/01/26,12:24:00,443230323937FF171E0D-5,16199400.00,5284800.00,5686200.00,5228400.00,376.62,,,
A,20/01/26,12:29:00,443230323937FF171E0D-5,16204200.00,5286000.00,5688000.00,5230200.00,376.62,,,
A,20/01/26,12:34:00,443230323937FF171E0D-5,16209600.00,5287800.00,5689800.00,5232000.00,376.62,,,
A,20/01/26,12:39:00,443230323937FF171E0D-5,16215000.00,5289600.00,5691600.00,5233800.00,376.62,,,
A,20/01/26,12:44:00,443230323937FF171E0D-5,16219800.00,5291400.00,5693400.00,5235000.00,376.62,,,
A,20/01/26,12:49:00,443230323937FF171E0D-5,16225200.00,5293200.00,5695200.00,5236800.00,376.62,,,
A,20/01/26,12:54:00,443230323937FF171E0D-5,16230600.00,5295000.00,5697000.00,5238600.00,376.62,,,
A,20/01/26,12:59:00,443230323937FF171E0D-5,16236000.00,5296800.00,5698800.00,5240400.00,376.62,,,
A,20/01/26,13:04:00,443230323937FF171E0D-5,16241400.00,5298600.00,5700600.00,5242200.00,376.62,,,
A,20/01/26,13:09:00,443230323937FF171E0D-5,16246800.00,5299800.00,5703000.00,5244000.00,376.62,,,
A,20/01/26,13:14:00,443230323937FF171E0D-5,16252200.00,5301600.00,5704800.00,5245800.00,376.62,,,
A,20/01/26,13:19:00,443230323937FF171E0D-5,16257600.00,5303400.00,5706600.00,5247600.00,376.62,,,
A,20/01/26,13:24:00,443230323937FF171E0D-5,16263000.00,5305200.00,5708400.00,5249400.00,376.62,,,
A,20/01/26,13:29:00,443230323937FF171E0D-5,16268400.00,5307000.00,5710200.00,5251200.00,376.62,,,
A,20/01/26,13:34:00,443230323937FF171E0D-5,16273200.00,5308800.00,5712000.00,5252400.00,376.62,,,
A,20/01/26,13:39:00,443230323937FF171E0D-5,16278600.00,5310600.00,5713800.00,5254200.00,376.62,,,
A,20/01/26,13:44:00,443230323937FF171E0D-5,16283400.00,5311800.00,5715600.00,5256000.00,376.62,,,
A,20/01/26,13:49:00,443230323937FF171E0D-5,16288800.00,5313600.00,5717400.00,5257800.00,376.62,,,
A,20/01/26,13:54:00,443230323937FF171E0D-5,16294200.00,5315400.00,5719200.00,5259600.00,376.62,,,
A,20/01/26,13:59:00,443230323937FF171E0D-5,16299600.00,5317200.00,5721000.00,5261400.00,376.62,,,
A,20/01/26,14:04:00,443230323937FF171E0D-5,16305000.00,5319000.00,5722800.00,5263200.00,376.62,,,
A,20/01/26,14:09:00,443230323937FF171E0D-5,16311000.00,5320800.00,5725200.00,5265000.00,376.62,,,
A,20/01/26,14:14:00,443230323937FF171E0D-5,16316400.00,5322600.00,5727000.00,5266800.00,376.62,,,
A,20/01/26,14:19:00,443230323937FF171E0D-5,16321200.00,5324400.00,5728800.00,5268000.00,376.62,,,
A,20/01/26,14:24:00,443230323937FF171E0D-5,16326000.00,5325600.00,5730600.00,5269800.00,376.62,,,
A,20/01/26,14:29:00,443230323937FF171E0D-5,16331400.00,5327400.00,5732400.00,5271600.00,376.62,,,
A,20/01/26,14:34:00,443230323937FF171E0D-5,16336800.00,5329200.00,5734200.00,5273400.00,376.62,,,
A,20/01/26,14:39:00,443230323937FF171E0D-5,16342200.00,5331000.00,5736000.00,5275200.00,376.62,,,
A,20/01/26,14:44:00,443230323937FF171E0D-5,16347600.00,5332800.00,5737800.00,5277000.00,376.62,,,
A,20/01/26,14:49:00,443230323937FF171E0D-5,16353000.00,5334600.00,5739600.00,5278800.00,376.62,,,
A,20/01/26,14:54:00,443230323937FF171E0D-5,16358400.00,5336400.00,5741400.00,5280600.00,376.62,,,
A,20/01/26,14:59:00,443230323937FF171E0D-5,16363200.00,5337600.00,5743200.00,5282400.00,376.62,,,
A,20/01/26,15:04:00,443230323937FF171E0D-5,16368000.00,5339400.00,5745000.00,5283600.00,376.62,,,
A,20/01/26,15:09:00,443230323937FF171E0D-5,16374000.00,5341200.00,5747400.00,5285400.00,376.62,,,
A,20/01/26,15:14:00,443230323937FF171E0D-5,16379400.00,5343000.00,5749200.00,5287200.00,376.62,,,
A,20/01/26,15:19:00,443230323937FF171E0D-5,16384800.00,5344800.00,5751000.00,5289000.00,376.62,,,
A,20/01/26,15:24:00,443230323937FF171E0D-5,16390200.00,5346600.00,5752800.00,5290800.00,376.62,,,
A,20/01/26,15:29:00,443230323937FF171E0D-5,16395600.00,5348400.00,5754600.00,5292600.00,376.62,,,
A,20/01/26,15:34:00,443230323937FF171E0D-5,16401000.00,5350200.00,5756400.00,5294400.00,376.62,,,
A,20/01/26,15:39:00,443230323937FF171E0D-5,16405800.00,5351400.00,5758200.00,5296200.00,376.62,,,
A,20/01/26,15:44:00,443230323937FF171E0D-5,16411200.00,5353200.00,5760000.00,5298000.00,376.62,,,
A,20/01/26,15:49:00,443230323937FF171E0D-5,16416600.00,5355000.00,5761800.00,5299800.00,376.62,,,
A,20/01/26,15:54:00,443230323937FF171E0D-5,16421400.00,5356800.00,5763600.00,5301000.00,376.62,,,
A,20/01/26,15:59:00,443230323937FF171E0D-5,16426800.00,5358600.00,5765400.00,5302800.00,376.62,,,
A,20/01/26,16:04:00,443230323937FF171E0D-5,16432800.00,5360400.00,5767800.00,5304600.00,376.62,,,
A,20/01/26,16:09:00,443230323937FF171E0D-5,16438200.00,5362200.00,5769600.00,5306400.00,376.62,,,
A,20/01/26,16:14:00,443230323937FF171E0D-5,16443000.00,5363400.00,5771400.00,5308200.00,376.62,,,
A,20/01/26,16:19:00,443230323937FF171E0D-5,16448400.00,5365200.00,5773200.00,5310000.00,376.62,,,
A,20/01/26,16:24:00,443230323937FF171E0D-5,16453800.00,5367000.00,5775000.00,5311800.00,376.62,,,
A,20/01/26,16:29:00,443230323937FF171E0D-5,16459200.00,5368800.00,5776800.00,5313600.00,376.62,,,
A,20/01/26,16:34:00,443230323937FF171E0D-5,16464000.00,5370600.00,5778600.00,5314800.00,376.62,,,
A,20/01/26,16:39:00,443230323937FF171E0D-5,16469400.00,5372400.00,5780400.00,5316600.00,376.62,,,
A,20/01/26,16:44:00,443230323937FF171E0D-5,16474800.00,5374200.00,5782200.00,5318400.00,376.62,,,
A,20/01/26,16:49:00,443230323937FF171E0D-5,16480200.00,5376000.00,5784000.00,5320200.00,376.62,,,
A,20/01/26,16:54:00,443230323937FF171E0D-5,16485000.00,5377200.00,5785800.00,5322000.00,376.62,,,
A,20/01/26,16:59:00,443230323937FF171E0D-5,16491000.00,5379000.00,5788200.00,5323800.00,376.62,,,
A,20/01/26,17:04:00,443230323937FF171E0D-5,16496400.00,5380800.00,5790000.00,5325600.00,376.62,,,
A,20/01/26,17:09:00,443230323937FF171E0D-5,16501800.00,5382600.00,5791800.00,5327400.00,376.62,,,
A,20/01/26,17:14:00,443230323937FF171E0D-5,16506600.00,5384400.00,5793600.00,5328600.00,376.62,,,
A,20/01/26,17:19:00,443230323937FF171E0D-5,16512000.00,5386200.00,5795400.00,5330400.00,376.62,,,
A,20/01/26,17:24:00,443230323937FF171E0D-5,16517400.00,5388000.00,5797200.00,5332200.00,376.62,,,
A,20/01/26,17:29:00,443230323937FF171E0D-5,16522800.00,5389800.00,5799000.00,5334000.00,376.62,,,
A,20/01/26,17:34:00,443230323937FF171E0D-5,16527600.00,5391000.00,5800800.00,5335800.00,376.62,,,
A,20/01/26,17:39:00,443230323937FF171E0D-5,16533000.00,5392800.00,5802600.00,5337600.00,376.62,,,
A,20/01/26,17:44:00,443230323937FF171E0D-5,16538400.00,5394600.00,5804400.00,5339400.00,376.62,,,
A,20/01/26,17:49:00,443230323937FF171E0D-5,16543800.00,5396400.00,5806200.00,5341200.00,376.62,,,
A,20/01/26,17:54:00,443230323937FF171E0D-5,16549200.00,5398200.00,5808600.00,5342400.00,376.62,,,
A,20/01/26,17:59:00,443230323937FF171E0D-5,16554600.00,5400000.00,5810400.00,5344200.00,376.62,,,
A,20/01/26,18:04:00,443230323937FF171E0D-5,16560000.00,5401800.00,5812200.00,5346000.00,376.62,,,
A,20/01/26,18:09:00,443230323937FF171E0D-5,16565400.00,5403600.00,5814000.00,5347800.00,376.62,,,
A,20/01/26,18:14:00,443230323937FF171E0D-5,16570200.00,5404800.00,5815800.00,5349600.00,376.62,,,
A,20/01/26,18:19:00,443230323937FF171E0D-5,16575600.00,5406600.00,5817600.00,5351400.00,376.62,,,
A,20/01/26,18:24:00,443230323937FF171E0D-5,16581000.00,5408400.00,5819400.00,5353200.00,376.62,,,
A,20/01/26,18:29:00,443230323937FF171E0D-5,16585800.00,5410200.00,5821200.00,5354400.00,376.62,,,
A,20/01/26,18:34:00,443230323937FF171E0D-5,16591200.00,5412000.00,5823000.00,5356200.00,376.62,,,
A,20/01/26,18:39:00,443230323937FF171E0D-5,16596600.00,5413800.00,5824800.00,5358000.00,376.62,,,
A,20/01/26,18:44:00,443230323937FF171E0D-5,16602000.00,5415600.00,5826600.00,5359800.00,376.62,,,
A,20/01/26,18:49:00,443230323937FF171E0D-5,16607400.00,5416800.00,5829000.00,5361600.00,376.62,,,
A,20/01/26,18:54:00,443230323937FF171E0D-5,16612800.00,5418600.00,5830800.00,5363400.00,376.62,,,
A,20/01/26,18:59:00,443230323937FF171E0D-5,16618200.00,5420400.00,5832600.00,5365200.00,376.62,,,
A,20/01/26,19:04:00,443230323937FF171E0D-5,16623000.00,5422200.00,5834400.00,5366400.00,376.62,,,
A,20/01/26,19:09:00,443230323937FF171E0D-5,16628400.00,5424000.00,5836200.00,5368200.00,376.62,,,
A,20/01/26,19:14:00,443230323937FF171E0D-5,16633800.00,5425800.00,5838000.00,5370000.00,376.62,,,
A,20/01/26,19:19:00,443230323937FF171E0D-5,16639200.00,5427600.00,5839800.00,5371800.00,376.62,,,
A,20/01/26,19:24:00,443230323937FF171E0D-5,16644000.00,5428800.00,5841600.00,5373600.00,376.62,,,
A,20/01/26,19:29:00,443230323937FF171E0D-5,16649400.00,5430600.00,5843400.00,5375400.00,376.62,,,
A,20/01/26,19:34:00,443230323937FF171E0D-5,16654800.00,5432400.00,5845200.00,5377200.00,376.62,,,
A,20/01/26,19:39:00,443230323937FF171E0D-5,16660200.00,5434200.00,5847000.00,5379000.00,376.62,,,
A,20/01/26,19:44:00,443230323937FF171E0D-5,16665600.00,5436000.00,5848800.00,5380800.00,376.62,,,
A,20/01/26,19:49:00,443230323937FF171E0D-5,16671000.00,5437800.00,5850600.00,5382600.00,376.62,,,
A,20/01/26,19:54:00,443230323937FF171E0D-5,16676400.00,5439600.00,5852400.00,5384400.00,376.62,,,
A,20/01/26,19:59:00,443230323937FF171E0D-5,16681200.00,5441400.00,5854200.00,5385600.00,376.62,,,
A,20/01/26,20:04:00,443230323937FF171E0D-5,16686000.00,5442600.00,5856000.00,5387400.00,376.62,,,
A,20/01/26,20:09:00,443230323937FF171E0D-5,16691400.00,5444400.00,5857800.00,5389200.00,376.62,,,
A,20/01/26,20:14:00,443230323937FF171E0D-5,16696800.00,5446200.00,5859600.00,5391000.00,376.62,,,
A,20/01/26,20:19:00,443230323937FF171E0D-5,16702200.00,5448000.00,5861400.00,5392800.00,376.62,,,
A,20/01/26,20:24:00,443230323937FF171E0D-5,16707600.00,5449800.00,5863200.00,5394600.00,376.62,,,
A,20/01/26,20:29:00,443230323937FF171E0D-5,16713000.00,5451600.00,5865000.00,5396400.00,376.62,,,
A,20/01/26,20:34:00,443230323937FF171E0D-5,16718400.00,5453400.00,5866800.00,5398200.00,376.62,,,
A,20/01/26,20:39:00,443230323937FF171E0D-5,16722600.00,5454600.00,5868600.00,5399400.00,376.62,,,
A,20/01/26,20:44:00,443230323937FF171E0D-5,16728000.00,5456400.00,5870400.00,5401200.00,376.62,,,
A,20/01/26,20:49:00,443230323937FF171E0D-5,16733400.00,5458200.00,5872200.00,5403000.00,376.62,,,
A,20/01/26,20:54:00,443230323937FF171E0D-5,16738800.00,5460000.00,5874000.00,5404800.00,376.62,,,
A,20/01/26,20:59:00,443230323937FF171E0D-5,16744200.00,5461800.00,5875800.00,5406600.00,376.62,,,
A,20/01/26,21:04:00,443230323937FF171E0D-5,16749600.00,5463600.00,5877600.00,5408400.00,376.62,,,
A,20/01/26,21:09:00,443230323937FF171E0D-5,16753800.00,5464800.00,5879400.00,5409600.00,376.62,,,
A,20/01/26,21:14:00,443230323937FF171E0D-5,16759200.00,5466600.00,5881200.00,5411400.00,376.62,,,
A,20/01/26,21:19:00,443230323937FF171E0D-5,16764600.00,5468400.00,5883000.00,5413200.00,376.62,,,
A,20/01/26,21:24:00,443230323937FF171E0D-5,16770000.00,5470200.00,5884800.00,5415000.00,376.62,,,
A,20/01/26,21:29:00,443230323937FF171E0D-5,16775400.00,5472000.00,5886600.00,5416800.00,376.62,,,
A,20/01/26,21:34:00,443230323937FF171E0D-5,16780200.00,5473200.00,5888400.00,5418600.00,376.62,,,
A,20/01/26,21:39:00,443230323937FF171E0D-5,16785600.00,5475000.00,5890200.00,5420400.00,376.62,,,
A,20/01/26,21:44:00,443230323937FF171E0D-5,16790400.00,5476800.00,5892000.00,5421600.00,376.62,,,
A,20/01/26,21:49:00,443230323937FF171E0D-5,16795800.00,5478600.00,5893800.00,5423400.00,376.62,,,
A,20/01/26,21:54:00,443230323937FF171E0D-5,16801200.00,5480400.00,5895600.00,5425200.00,376.62,,,
A,20/01/26,21:59:00,443230323937FF171E0D-5,16806000.00,5481600.00,5897400.00,5427000.00,376.62,,,
A,20/01/26,22:04:00,443230323937FF171E0D-5,16811400.00,5483400.00,5899200.00,5428800.00,376.62,,,
A,20/01/26,22:09:00,443230323937FF171E0D-5,16816800.00,5485200.00,5901000.00,5430600.00,376.62,,,
A,20/01/26,22:14:00,443230323937FF171E0D-5,16822200.00,5487000.00,5902800.00,5432400.00,376.62,,,
A,20/01/26,22:19:00,443230323937FF171E0D-5,16827000.00,5488800.00,5904600.00,5433600.00,376.62,,,
A,20/01/26,22:24:00,443230323937FF171E0D-5,16832400.00,5490000.00,5907000.00,5435400.00,376.62,,,
A,20/01/26,22:29:00,443230323937FF171E0D-5,16837800.00,5491800.00,5908800.00,5437200.00,376.62,,,
A,20/01/26,22:34:00,443230323937FF171E0D-5,16843200.00,5493600.00,5910600.00,5439000.00,376.62,,,
A,20/01/26,22:39:00,443230323937FF171E0D-5,16848600.00,5495400.00,5912400.00,5440800.00,376.62,,,
A,20/01/26,22:44:00,443230323937FF171E0D-5,16854000.00,5497200.00,5914200.00,5442600.00,376.62,,,
A,20/01/26,22:49:00,443230323937FF171E0D-5,16858800.00,5499000.00,5916000.00,5443800.00,376.62,,,
A,20/01/26,22:54:00,443230323937FF171E0D-5,16863600.00,5500200.00,5917800.00,5445600.00,376.62,,,
A,20/01/26,22:59:00,443230323937FF171E0D-5,16869000.00,5502000.00,5919600.00,5447400.00,376.62,,,
A,20/01/26,23:04:00,443230323937FF171E0D-5,16874400.00,5503800.00,5921400.00,5449200.00,376.62,,,
A,20/01/26,23:09:00,443230323937FF171E0D-5,16879800.00,5505600.00,5923200.00,5451000.00,376.62,,,
A,20/01/26,23:14:00,443230323937FF171E0D-5,16885200.00,5507400.00,5925000.00,5452800.00,376.62,,,
A,20/01/26,23:19:00,443230323937FF171E0D-5,16889400.00,5508600.00,5926800.00,5454000.00,376.62,,,
A,20/01/26,23:24:00,443230323937FF171E0D-5,16894800.00,5510400.00,5928600.00,5455800.00,376.62,,,
A,20/01/26,23:29:00,443230323937FF171E0D-5,16900200.00,5512200.00,5930400.00,5457600.00,376.62,,,
A,20/01/26,23:34:00,443230323937FF171E0D-5,16905600.00,5514000.00,5932200.00,5459400.00,376.62,,,
A,20/01/26,23:39:00,443230323937FF171E0D-5,16911000.00,5515800.00,5934000.00,5461200.00,376.62,,,
A,20/01/26,23:44:00,443230323937FF171E0D-5,16915800.00,5517000.00,5935800.00,5463000.00,376.62,,,
A,20/01/26,23:49:00,443230323937FF171E0D-5,16920600.00,5518800.00,5937600.00,5464200.00,376.62,,,
A,20/01/26,23:54:00,443230323937FF171E0D-5,16926000.00,5520600.00,5939400.00,5466000.00,376.62,,,
A,20/01/26,23:59:00,443230323937FF171E0D-5,16931400.00,5522400.00,5941200.00,5467800.00,376.62,,,
A,21/01/26,00:04:00,443230323937FF171E0D-5,16936800.00,5524200.00,5943000.00,5469600.00,376.62,,,
A,21/01/26,00:09:00,443230323937FF171E0D-5,16941600.00,5525400.00,5944800.00,5471400.00,376.62,,,
A,21/01/26,00:14:00,443230323937FF171E0D-5,16947000.00,5527200.00,5946600.00,5473200.00,376.62,,,
A,21/01/26,00:19:00,443230323937FF171E0D-5,16952400.00,5529000.00,5948400.00,5475000.00,376.62,,,
A,21/01/26,00:24:00,443230323937FF171E0D-5,16957200.00,5530800.00,5950200.00,5476200.00,376.62,,,
A,21/01/26,00:29:00,443230323937FF171E0D-5,16962600.00,5532600.00,5952000.00,5478000.00,376.62,,,
A,21/01/26,00:34:00,443230323937FF171E0D-5,16967400.00,5533800.00,5953800.00,5479800.00,376.62,,,
A,21/01/26,00:39:00,443230323937FF171E0D-5,16972800.00,5535600.00,5955600.00,5481600.00,376.62,,,
A,21/01/26,00:44:00,443230323937FF171E0D-5,16978200.00,5537400.00,5957400.00,5483400.00,376.62,,,
A,21/01/26,00:49:00,443230323937FF171E0D-5,16983600.00,5539200.00,5959200.00,5485200.00,376.62,,,
A,21/01/26,00:54:00,443230323937FF171E0D-5,16989000.00,5541000.00,5961000.00,5487000.00,376.62,,,
A,21/01/26,00:59:00,443230323937FF171E0D-5,16993200.00,5542200.00,5962800.00,5488200.00,376.62,,,
A,21/01/26,01:04:00,443230323937FF171E0D-5,16998600.00,5544000.00,5964600.00,5490000.00,376.62,,,
A,21/01/26,01:09:00,443230323937FF171E0D-5,17004000.00,5545800.00,5966400.00,5491800.00,376.62,,,
A,21/01/26,01:14:00,443230323937FF171E0D-5,17009400.00,5547600.00,5968200.00,5493600.00,376.62,,,
A,21/01/26,01:19:00,443230323937FF171E0D-5,17014800.00,5549400.00,5970000.00,5495400.00,376.62,,,
A,21/01/26,01:24:00,443230323937FF171E0D-5,17019600.00,5550600.00,5971800.00,5497200.00,376.62,,,
A,21/01/26,01:29:00,443230323937FF171E0D-5,17024400.00,5552400.00,5973600.00,5498400.00,376.62,,,
A,21/01/26,01:34:00,443230323937FF171E0D-5,17029800.00,5554200.00,5975400.00,5500200.00,376.62,,,
A,21/01/26,01:39:00,443230323937FF171E0D-5,17035800.00,5556000.00,5977800.00,5502000.00,376.62,,,
A,21/01/26,01:44:00,443230323937FF171E0D-5,17040600.00,5557200.00,5979600.00,5503800.00,376.62,,,
A,21/01/26,01:49:00,443230323937FF171E0D-5,17046000.00,5559000.00,5981400.00,5505600.00,376.62,,,
A,21/01/26,01:54:00,443230323937FF171E0D-5,17051400.00,5560800.00,5983200.00,5507400.00,376.62,,,
A,21/01/26,01:59:00,443230323937FF171E0D-5,17056200.00,5562600.00,5985000.00,5508600.00,376.62,,,
A,21/01/26,02:04:00,443230323937FF171E0D-5,17061600.00,5564400.00,5986800.00,5510400.00,376.62,,,
A,21/01/26,02:09:00,443230323937FF171E0D-5,17066400.00,5565600.00,5988600.00,5512200.00,376.62,,,
A,21/01/26,02:14:00,443230323937FF171E0D-5,17071800.00,5567400.00,5990400.00,5514000.00,376.62,,,
A,21/01/26,02:19:00,443230323937FF171E0D-5,17077200.00,5569200.00,5992200.00,5515800.00,376.62,,,
A,21/01/26,02:24:00,443230323937FF171E0D-5,17082000.00,5571000.00,5994000.00,5517000.00,376.62,,,
A,21/01/26,02:29:00,443230323937FF171E0D-5,17086800.00,5572200.00,5995800.00,5518800.00,376.62,,,
A,21/01/26,02:34:00,443230323937FF171E0D-5,17092200.00,5574000.00,5997600.00,5520600.00,376.62,,,
A,21/01/26,02:39:00,443230323937FF171E0D-5,17097600.00,5575800.00,5999400.00,5522400.00,376.62,,,
A,21/01/26,02:44:00,443230323937FF171E0D-5,17103000.00,5577600.00,6001200.00,5524200.00,376.62,,,
A,21/01/26,02:49:00,443230323937FF171E0D-5,17107200.00,5578800.00,6003000.00,5525400.00,376.62,,,
A,21/01/26,02:54:00,443230323937FF171E0D-5,17112000.00,5580600.00,6004200.00,5527200.00,376.62,,,
A,21/01/26,02:59:00,443230323937FF171E0D-5,17117400.00,5582400.00,6006000.00,5529000.00,376.62,,,
A,21/01/26,03:04:00,443230323937FF171E0D-5,17122200.00,5583600.00,6007800.00,5530800.00,376.62,,,
A,21/01/26,03:09:00,443230323937FF171E0D-5,17127000.00,5585400.00,6009600.00,5532000.00,376.62,,,
A,21/01/26,03:14:00,443230323937FF171E0D-5,17132400.00,5587200.00,6011400.00,5533800.00,376.62,,,
A,21/01/26,03:19:00,443230323937FF171E0D-5,17137800.00,5589000.00,6013200.00,5535600.00,376.62,,,
A,21/01/26,03:24:00,443230323937FF171E0D-5,17142600.00,5590200.00,6015000.00,5537400.00,376.62,,,
A,21/01/26,03:29:00,443230323937FF171E0D-5,17148000.00,5592000.00,6016800.00,5539200.00,376.62,,,
A,21/01/26,03:34:00,443230323937FF171E0D-5,17152800.00,5593800.00,6018600.00,5540400.00,376.62,,,
A,21/01/26,03:39:00,443230323937FF171E0D-5,17158200.00,5595600.00,6020400.00,5542200.00,376.62,,,
A,21/01/26,03:44:00,443230323937FF171E0D-5,17163000.00,5596800.00,6022200.00,5544000.00,376.62,,,
A,21/01/26,03:49:00,443230323937FF171E0D-5,17168400.00,5598600.00,6024000.00,5545800.00,376.62,,,
A,21/01/26,03:54:00,443230323937FF171E0D-5,17173200.00,5600400.00,6025800.00,5547000.00,376.62,,,
A,21/01/26,03:59:00,443230323937FF171E0D-5,17178000.00,5601600.00,6027600.00,5548800.00,376.62,,,
A,21/01/26,04:04:00,443230323937FF171E0D-5,17183400.00,5603400.00,6029400.00,5550600.00,376.62,,,
A,21/01/26,04:09:00,443230323937FF171E0D-5,17188800.00,5605200.00,6031200.00,5552400.00,376.62,,,
A,21/01/26,04:14:00,443230323937FF171E0D-5,17193600.00,5607000.00,6033000.00,5553600.00,376.62,,,
A,21/01/26,04:19:00,443230323937FF171E0D-5,17198400.00,5608200.00,6034800.00,5555400.00,376.62,,,
A,21/01/26,04:24:00,443230323937FF171E0D-5,17203800.00,5610000.00,6036600.00,5557200.00,376.62,,,
A,21/01/26,04:29:00,443230323937FF171E0D-5,17209200.00,5611800.00,6038400.00,5559000.00,376.62,,,
A,21/01/26,04:34:00,443230323937FF171E0D-5,17213400.00,5613000.00,6040200.00,5560200.00,376.62,,,
A,21/01/26,04:39:00,443230323937FF171E0D-5,17218800.00,5614800.00,6042000.00,5562000.00,376.62,,,
A,21/01/26,04:44:00,443230323937FF171E0D-5,17224200.00,5616600.00,6043800.00,5563800.00,376.62,,,
A,21/01/26,04:49:00,443230323937FF171E0D-5,17229600.00,5618400.00,6045600.00,5565600.00,376.62,,,
A,21/01/26,04:54:00,443230323937FF171E0D-5,17234400.00,5619600.00,6047400.00,5567400.00,376.62,,,
A,21/01/26,04:59:00,443230323937FF171E0D-5,17239200.00,5621400.00,6049200.00,5568600.00,376.62,,,
A,21/01/26,05:04:00,443230323937FF171E0D-5,17244600.00,5623200.00,6051000.00,5570400.00,376.62,,,
A,21/01/26,05:09:00,443230323937FF171E0D-5,17249400.00,5624400.00,6052800.00,5572200.00,376.62,,,
A,21/01/26,05:14:00,443230323937FF171E0D-5,17254200.00,5626200.00,6054000.00,5574000.00,376.62,,,
A,21/01/26,05:19:00,443230323937FF171E0D-5,17259000.00,5628000.00,6055800.00,5575200.00,376.62,,,
A,21/01/26,05:24:00,443230323937FF171E0D-5,17264400.00,5629800.00,6057600.00,5577000.00,376.62,,,
A,21/01/26,05:29:00,443230323937FF171E0D-5,17269200.00,5631000.00,6059400.00,5578800.00,376.62,,,
A,21/01/26,05:34:00,443230323937FF171E0D-5,17274600.00,5632800.00,6061200.00,5580600.00,376.62,,,
A,21/01/26,05:39:00,443230323937FF171E0D-5,17279400.00,5634600.00,6063000.00,5581800.00,376.62,,,
A,21/01/26,05:44:00,443230323937FF171E0D-5,17284800.00,5636400.00,6064800.00,5583600.00,376.62,,,
A,21/01/26,05:49:00,443230323937FF171E0D-5,17289600.00,5637600.00,6066600.00,5585400.00,376.62,,,
A,21/01/26,05:54:00,443230323937FF171E0D-5,17295000.00,5639400.00,6068400.00,5587200.00,376.62,,,
A,21/01/26,05:59:00,443230323937FF171E0D-5,17300400.00,5641200.00,6070200.00,5589000.00,376.62,,,
A,21/01/26,06:04:00,443230323937FF171E0D-5,17304600.00,5642400.00,6072000.00,5590200.00,376.62,,,
A,21/01/26,06:09:00,443230323937FF171E0D-5,17310000.00,5644200.00,6073800.00,5592000.00,376.62,,,
A,21/01/26,06:14:00,443230323937FF171E0D-5,17315400.00,5646000.00,6075600.00,5593800.00,376.62,,,
A,21/01/26,06:19:00,443230323937FF171E0D-5,17320800.00,5647800.00,6077400.00,5595600.00,376.62,,,
A,21/01/26,06:24:00,443230323937FF171E0D-5,17325600.00,5649600.00,6079200.00,5596800.00,376.62,,,
A,21/01/26,06:29:00,443230323937FF171E0D-5,17330400.00,5650800.00,6081000.00,5598600.00,376.62,,,
A,21/01/26,06:34:00,443230323937FF171E0D-5,17335800.00,5652600.00,6082800.00,5600400.00,376.62,,,
A,21/01/26,06:39:00,443230323937FF171E0D-5,17340600.00,5654400.00,6084600.00,5601600.00,376.62,,,
A,21/01/26,06:44:00,443230323937FF171E0D-5,17346000.00,5656200.00,6086400.00,5603400.00,376.62,,,
A,21/01/26,06:49:00,443230323937FF171E0D-5,17350800.00,5657400.00,6088200.00,5605200.00,376.62,,,
A,21/01/26,06:54:00,443230323937FF171E0D-5,17355000.00,5659200.00,6089400.00,5606400.00,376.62,,,
A,21/01/26,06:59:00,443230323937FF171E0D-5,17359800.00,5660400.00,6091200.00,5608200.00,376.62,,,
A,21/01/26,07:04:00,443230323937FF171E0D-5,17364600.00,5662200.00,6093000.00,5609400.00,376.62,,,
A,21/01/26,07:09:00,443230323937FF171E0D-5,17368200.00,5663400.00,6094200.00,5610600.00,376.62,,,
A,21/01/26,07:14:00,443230323937FF171E0D-5,17373600.00,5665200.00,6096000.00,5612400.00,376.62,,,
A,21/01/26,07:19:00,443230323937FF171E0D-5,17377200.00,5666400.00,6097200.00,5613600.00,376.62,,,
A,21/01/26,07:24:00,443230323937FF171E0D-5,17381400.00,5667600.00,6099000.00,5614800.00,376.62,,,
A,21/01/26,07:29:00,443230323937FF171E0D-5,17386800.00,5669400.00,6100800.00,5616600.00,376.62,,,
A,21/01/26,07:34:00,443230323937FF171E0D-5,17390400.00,5670600.00,6102000.00,5617800.00,376.62,,,
A,21/01/26,07:39:00,443230323937FF171E0D-5,17395800.00,5672400.00,6103800.00,5619600.00,376.62,,,
A,21/01/26,07:44:00,443230323937FF171E0D-5,17399400.00,5673600.00,6105000.00,5620800.00,376.62,,,
A,21/01/26,07:49:00,443230323937FF171E0D-5,17403600.00,5674800.00,6106800.00,5622000.00,376.62,,,
A,21/01/26,07:54:00,443230323937FF171E0D-5,17408400.00,5676600.00,6108000.00,5623800.00,376.62,,,
A,21/01/26,07:59:00,443230323937FF171E0D-5,17412600.00,5677800.00,6109800.00,5625000.00,376.62,,,
A,21/01/26,08:04:00,443230323937FF171E0D-5,17416800.00,5679000.00,6111600.00,5626200.00,376.62,,,
A,21/01/26,08:09:00,443230323937FF171E0D-5,17421600.00,5680800.00,6112800.00,5628000.00,376.62,,,
A,21/01/26,08:14:00,443230323937FF171E0D-5,17425800.00,5682000.00,6114600.00,5629200.00,376.62,,,
A,21/01/26,08:19:00,443230323937FF171E0D-5,17429400.00,5683200.00,6115800.00,5630400.00,376.62,,,
A,21/01/26,08:24:00,443230323937FF171E0D-5,17434800.00,5685000.00,6117600.00,5632200.00,376.62,,,
A,21/01/26,08:29:00,443230323937FF171E0D-5,17438400.00,5686200.00,6118800.00,5633400.00,376.62,,,
A,21/01/26,08:34:00,443230323937FF171E0D-5,17442000.00,5687400.00,6120000.00,5634600.00,376.62,,,
A,21/01/26,08:39:00,443230323937FF171E0D-5,17446200.00,5688600.00,6121800.00,5635800.00,376.62,,,
A,21/01/26,08:44:00,443230323937FF171E0D-5,17451000.00,5690400.00,6123000.00,5637600.00,376.62,,,
A,21/01/26,08:49:00,443230323937FF171E0D-5,17455200.00,5691600.00,6124800.00,5638800.00,376.62,,,
A,21/01/26,08:54:00,443230323937FF171E0D-5,17458800.00,5692800.00,6126000.00,5640000.00,376.62,,,
A,21/01/26,08:59:00,443230323937FF171E0D-5,17463600.00,5694000.00,6127800.00,5641800.00,376.62,,,
A,21/01/26,09:04:00,443230323937FF171E0D-5,17467800.00,5695800.00,6129000.00,5643000.00,376.62,,,
A,21/01/26,09:09:00,443230323937FF171E0D-5,17471400.00,5697000.00,6130200.00,5644200.00,376.62,,,
A,21/01/26,09:14:00,443230323937FF171E0D-5,17475600.00,5698200.00,6132000.00,5645400.00,376.62,,,
A,21/01/26,09:19:00,443230323937FF171E0D-5,17479800.00,5699400.00,6133200.00,5647200.00,376.62,,,
A,21/01/26,09:24:00,443230323937FF171E0D-5,17484000.00,5700600.00,6135000.00,5648400.00,376.62,,,
A,21/01/26,09:29:00,443230323937FF171E0D-5,17488200.00,5702400.00,6136200.00,5649600.00,376.62,,,
A,21/01/26,09:34:00,443230323937FF171E0D-5,17491800.00,5703600.00,6137400.00,5650800.00,376.62,,,
A,21/01/26,09:39:00,443230323937FF171E0D-5,17496600.00,5704800.00,6139200.00,5652600.00,376.62,,,
A,21/01/26,09:44:00,443230323937FF171E0D-5,17500200.00,5706000.00,6140400.00,5653800.00,376.62,,,
A,21/01/26,09:49:00,443230323937FF171E0D-5,17505000.00,5707800.00,6142200.00,5655000.00,376.62,,,
A,21/01/26,09:54:00,443230323937FF171E0D-5,17508600.00,5709000.00,6143400.00,5656200.00,376.62,,,
A,21/01/26,09:59:00,443230323937FF171E0D-5,17512800.00,5710200.00,6144600.00,5658000.00,376.62,,,
A,21/01/26,10:04:00,443230323937FF171E0D-5,17517000.00,5711400.00,6146400.00,5659200.00,376.62,,,
A,21/01/26,10:09:00,443230323937FF171E0D-5,17521200.00,5713200.00,6147600.00,5660400.00,376.62,,,
A,21/01/26,10:14:00,443230323937FF171E0D-5,17525400.00,5714400.00,6149400.00,5661600.00,376.62,,,
A,21/01/26,10:19:00,443230323937FF171E0D-5,17529600.00,5715600.00,6150600.00,5663400.00,376.62,,,
A,21/01/26,10:24:00,443230323937FF171E0D-5,17533200.00,5716800.00,6151800.00,5664600.00,376.62,,,
A,21/01/26,10:29:00,443230323937FF171E0D-5,17537400.00,5718000.00,6153600.00,5665800.00,376.62,,,
A,21/01/26,10:34:00,443230323937FF171E0D-5,17541600.00,5719800.00,6154800.00,5667000.00,376.62,,,
A,21/01/26,10:39:00,443230323937FF171E0D-5,17545800.00,5721000.00,6156600.00,5668200.00,376.62,,,
A,21/01/26,10:44:00,443230323937FF171E0D-5,17550000.00,5722200.00,6157800.00,5670000.00,376.62,,,
A,21/01/26,10:49:00,443230323937FF171E0D-5,17553600.00,5723400.00,6159000.00,5671200.00,376.62,,,
A,21/01/26,10:54:00,443230323937FF171E0D-5,17557800.00,5724600.00,6160800.00,5672400.00,376.62,,,
A,21/01/26,10:59:00,443230323937FF171E0D-5,17562000.00,5726400.00,6162000.00,5673600.00,376.62,,,
A,21/01/26,11:04:00,443230323937FF171E0D-5,17566200.00,5727600.00,6163200.00,5675400.00,376.62,,,
A,21/01/26,11:09:00,443230323937FF171E0D-5,17570400.00,5728800.00,6165000.00,5676600.00,376.62,,,
A,21/01/26,11:14:00,443230323937FF171E0D-5,17574000.00,5730000.00,6166200.00,5677800.00,376.62,,,
A,21/01/26,11:19:00,443230323937FF171E0D-5,17578800.00,5731800.00,6168000.00,5679000.00,376.62,,,
A,21/01/26,11:24:00,443230323937FF171E0D-5,17582400.00,5733000.00,6169200.00,5680200.00,376.62,,,
A,21/01/26,11:29:00,443230323937FF171E0D-5,17586600.00,5734200.00,6170400.00,5682000.00,376.62,,,
A,21/01/26,11:34:00,443230323937FF171E0D-5,17590800.00,5735400.00,6172200.00,5683200.00,376.62,,,
A,21/01/26,11:39:00,443230323937FF171E0D-5,17594400.00,5736600.00,6173400.00,5684400.00,376.62,,,
A,21/01/26,11:44:00,443230323937FF171E0D-5,17598600.00,5738400.00,6174600.00,5685600.00,376.62,,,
A,21/01/26,11:49:00,443230323937FF171E0D-5,17603400.00,5739600.00,6176400.00,5687400.00,376.62,,,
A,21/01/26,11:54:00,443230323937FF171E0D-5,17607000.00,5740800.00,6177600.00,5688600.00,376.62,,,
A,21/01/26,11:59:00,443230323937FF171E0D-5,17611200.00,5742000.00,6179400.00,5689800.00,376.62,,,
A,21/01/26,12:04:00,443230323937FF171E0D-5,17614800.00,5743200.00,6180600.00,5691000.00,376.62,,,
A,21/01/26,12:09:00,443230323937FF171E0D-5,17619600.00,5745000.00,6181800.00,5692800.00,376.62,,,
A,21/01/26,12:14:00,443230323937FF171E0D-5,17623800.00,5746200.00,6183600.00,5694000.00,376.62,,,
A,21/01/26,12:19:00,443230323937FF171E0D-5,17625600.00,5746800.00,6184200.00,5694600.00,376.62,,,
A,21/01/26,12:24:00,443230323937FF171E0D-5,17625600.00,5746800.00,6184200.00,5694600.00,376.62,,,
A,21/01/26,12:29:00,443230323937FF171E0D-5,17625600.00,5746800.00,6184200.00,5694600.00,376.62,,,
A,21/01/26,12:34:00,443230323937FF171E0D-5,17625600.00,5746800.00,6184200.00,5694600.00,376.62,,,
A,21/01/26,12:39:00,443230323937FF171E0D-5,17625600.00,5746800.00,6184200.00,5694600.00,376.62,,,
A,21/01/26,12:44:00,443230323937FF171E0D-5,17625600.00,5746800.00,6184200.00,5694600.00,376.62,,,
A,21/01/26,12:49:00,443230323937FF171E0D-5,17625600.00,5746800.00,6184200.00,5694600.00,376.62,,,
A,21/01/26,12:54:00,443230323937FF171E0D-5,17625600.00,5746800.00,6184200.00,5694600.00,376.62,,,
A,21/01/26,12:59:00,443230323937FF171E0D-5,17625600.00,5746800.00,6184200.00,5694600.00,376.62,,,
A,21/01/26,13:04:00,443230323937FF171E0D-5,17625600.00,5746800.00,6184200.00,5694600.00,376.62,,,
A,21/01/26,13:09:00,443230323937FF171E0D-5,17625600.00,5746800.00,6184200.00,5694600.00,376.62,,,
A,21/01/26,13:14:00,443230323937FF171E0D-5,17625600.00,5746800.00,6184200.00,5694600.00,376.62,,,
A,21/01/26,13:19:00,443230323937FF171E0D-5,17625600.00,5746800.00,6184200.00,5694600.00,376.62,,,
A,21/01/26,13:24:00,443230323937FF171E0D-5,17625600.00,5746800.00,6184200.00,5694600.00,376.62,,,
A,21/01/26,13:29:00,443230323937FF171E0D-5,17625600.00,5746800.00,6184200.00,5694600.00,376.62,,,
A,21/01/26,13:34:00,443230323937FF171E0D-5,17625600.00,5746800.00,6184200.00,5694600.00,376.62,,,
A,21/01/26,13:39:00,443230323937FF171E0D-5,17625600.00,5746800.00,6184200.00,5694600.00,376.62,,,
A,21/01/26,13:44:00,443230323937FF171E0D-5,17625600.00,5746800.00,6184200.00,5694600.00,376.62,,,
A,21/01/26,13:49:00,443230323937FF171E0D-5,17625600.00,5746800.00,6184200.00,5694600.00,376.62,,,
A,21/01/26,13:54:00,443230323937FF171E0D-5,17625600.00,5746800.00,6184200.00,5694600.00,376.62,,,
A,21/01/26,13:59:00,443230323937FF171E0D-5,17625600.00,5746800.00,6184200.00,5694600.00,376.62,,,
A,21/01/26,14:04:00,443230323937FF171E0D-5,17625600.00,5746800.00,6184200.00,5694600.00,376.62,,,
A,21/01/26,14:09:00,443230323937FF171E0D-5,17625600.00,5746800.00,6184200.00,5694600.00,376.62,,,
A,21/01/26,14:14:00,443230323937FF171E0D-5,17625600.00,5746800.00,6184200.00,5694600.00,376.62,,,
A,21/01/26,14:19:00,443230323937FF171E0D-5,17625600.00,5746800.00,6184200.00,5694600.00,376.62,,,
A,21/01/26,14:24:00,443230323937FF171E0D-5,17625600.00,5746800.00,6184200.00,5694600.00,376.62,,,
A,21/01/26,14:29:00,443230323937FF171E0D-5,17625600.00,5746800.00,6184200.00,5694600.00,376.62,,,
A,21/01/26,14:34:00,443230323937FF171E0D-5,17625600.00,5746800.00,6184200.00,5694600.00,376.62,,,
A,21/01/26,14:39:00,443230323937FF171E0D-5,17625600.00,5746800.00,6184200.00,5694600.00,376.62,,,
A,21/01/26,14:44:00,443230323937FF171E0D-5,17625600.00,5746800.00,6184200.00,5694600.00,376.62,,,
A,21/01/26,14:49:00,443230323937FF171E0D-5,17625600.00,5746800.00,6184200.00,5694600.00,376.62,,,
A,21/01/26,14:54:00,443230323937FF171E0D-5,17625600.00,5746800.00,6184200.00,5694600.00,376.62,,,
A,21/01/26,14:59:00,443230323937FF171E0D-5,17625600.00,5746800.00,6184200.00,5694600.00,376.62,,,
A,21/01/26,15:04:00,443230323937FF171E0D-5,17625600.00,5746800.00,6184200.00,5694600.00,376.62,,,
A,21/01/26,15:09:00,443230323937FF171E0D-5,17625600.00,5746800.00,6184200.00,5694600.00,376.62,,,
A,21/01/26,15:14:00,443230323937FF171E0D-5,17625600.00,5746800.00,6184200.00,5694600.00,376.62,,,
A,21/01/26,15:19:00,443230323937FF171E0D-5,17625600.00,5746800.00,6184200.00,5694600.00,376.62,,,
A,21/01/26,15:24:00,443230323937FF171E0D-5,17625600.00,5746800.00,6184200.00,5694600.00,376.62,,,
A,21/01/26,15:29:00,443230323937FF171E0D-5,17625600.00,5746800.00,6184200.00,5694600.00,376.62,,,
A,21/01/26,15:34:00,443230323937FF171E0D-5,17625600.00,5746800.00,6184200.00,5694600.00,376.62,,,
A,21/01/26,15:39:00,443230323937FF171E0D-5,17625600.00,5746800.00,6184200.00,5694600.00,376.62,,,
A,21/01/26,15:44:00,443230323937FF171E0D-5,17625600.00,5746800.00,6184200.00,5694600.00,376.62,,,
A,21/01/26,15:49:00,443230323937FF171E0D-5,17627400.00,5747400.00,6184800.00,5695200.00,376.62,,,
A,21/01/26,15:54:00,443230323937FF171E0D-5,17632800.00,5749200.00,6186600.00,5697000.00,376.62,,,
A,21/01/26,15:59:00,443230323937FF171E0D-5,17637000.00,5750400.00,6188400.00,5698200.00,376.62,,,
A,21/01/26,16:04:00,443230323937FF171E0D-5,17641800.00,5752200.00,6189600.00,5700000.00,376.62,,,
A,21/01/26,16:09:00,443230323937FF171E0D-5,17646000.00,5753400.00,6191400.00,5701200.00,376.62,,,
A,21/01/26,16:14:00,443230323937FF171E0D-5,17651400.00,5755200.00,6193200.00,5703000.00,376.62,,,
A,21/01/26,16:19:00,443230323937FF171E0D-5,17655000.00,5756400.00,6194400.00,5704200.00,376.62,,,
A,21/01/26,16:24:00,443230323937FF171E0D-5,17660400.00,5758200.00,6196200.00,5706000.00,376.62,,,
A,21/01/26,16:29:00,443230323937FF171E0D-5,17664600.00,5759400.00,6198000.00,5707200.00,376.62,,,
A,21/01/26,16:34:00,443230323937FF171E0D-5,17668800.00,5761200.00,6199200.00,5708400.00,376.62,,,
A,21/01/26,16:39:00,443230323937FF171E0D-5,17673600.00,5762400.00,6201000.00,5710200.00,376.62,,,
A,21/01/26,16:44:00,443230323937FF171E0D-5,17677800.00,5764200.00,6202200.00,5711400.00,376.62,,,
A,21/01/26,16:49:00,443230323937FF171E0D-5,17682600.00,5765400.00,6204000.00,5713200.00,376.62,,,
A,21/01/26,16:54:00,443230323937FF171E0D-5,17686800.00,5766600.00,6205800.00,5714400.00,376.62,,,
A,21/01/26,16:59:00,443230323937FF171E0D-5,17691600.00,5768400.00,6207000.00,5716200.00,376.62,,,
A,21/01/26,17:04:00,443230323937FF171E0D-5,17695800.00,5769600.00,6208800.00,5717400.00,376.62,,,
A,21/01/26,17:09:00,443230323937FF171E0D-5,17700000.00,5771400.00,6210000.00,5718600.00,376.62,,,
A,21/01/26,17:14:00,443230323937FF171E0D-5,17704800.00,5772600.00,6211800.00,5720400.00,376.62,,,
A,21/01/26,17:19:00,443230323937FF171E0D-5,17708400.00,5773800.00,6213000.00,5721600.00,376.62,,,
A,21/01/26,17:24:00,443230323937FF171E0D-5,17713200.00,5775600.00,6214800.00,5722800.00,376.62,,,
A,21/01/26,17:29:00,443230323937FF171E0D-5,17717400.00,5776800.00,6216000.00,5724600.00,376.62,,,
A,21/01/26,17:34:00,443230323937FF171E0D-5,17721600.00,5778000.00,6217800.00,5725800.00,376.62,,,
A,21/01/26,17:39:00,443230323937FF171E0D-5,17725800.00,5779800.00,6219000.00,5727000.00,376.62,,,
A,21/01/26,17:44:00,443230323937FF171E0D-5,17730600.00,5781000.00,6220800.00,5728800.00,376.62,,,
A,21/01/26,17:49:00,443230323937FF171E0D-5,17734200.00,5782200.00,6222000.00,5730000.00,376.62,,,
A,21/01/26,17:54:00,443230323937FF171E0D-5,17738400.00,5783400.00,6223800.00,5731200.00,376.62,,,
A,21/01/26,17:59:00,443230323937FF171E0D-5,17742600.00,5785200.00,6225000.00,5732400.00,376.62,,,
A,21/01/26,18:04:00,443230323937FF171E0D-5,17747400.00,5786400.00,6226800.00,5734200.00,376.62,,,
A,21/01/26,18:09:00,443230323937FF171E0D-5,17751000.00,5787600.00,6228000.00,5735400.00,376.62,,,
A,21/01/26,18:14:00,443230323937FF171E0D-5,17755800.00,5789400.00,6229800.00,5736600.00,376.62,,,
A,21/01/26,18:19:00,443230323937FF171E0D-5,17759400.00,5790600.00,6231000.00,5737800.00,376.62,,,
A,21/01/26,18:24:00,443230323937FF171E0D-5,17764200.00,5791800.00,6232800.00,5739600.00,376.62,,,
A,21/01/26,18:29:00,443230323937FF171E0D-5,17768400.00,5793600.00,6234000.00,5740800.00,376.62,,,
A,21/01/26,18:34:00,443230323937FF171E0D-5,17772600.00,5794800.00,6235800.00,5742000.00,376.62,,,
A,21/01/26,18:39:00,443230323937FF171E0D-5,17776800.00,5796000.00,6237000.00,5743800.00,376.62,,,
A,21/01/26,18:44:00,443230323937FF171E0D-5,17780400.00,5797200.00,6238200.00,5745000.00,376.62,,,
A,21/01/26,18:49:00,443230323937FF171E0D-5,17785200.00,5799000.00,6240000.00,5746200.00,376.62,,,
A,21/01/26,18:54:00,443230323937FF171E0D-5,17788800.00,5800200.00,6241200.00,5747400.00,376.62,,,
A,21/01/26,18:59:00,443230323937FF171E0D-5,17793600.00,5801400.00,6243000.00,5749200.00,376.62,,,
A,21/01/26,19:04:00,443230323937FF171E0D-5,17797800.00,5803200.00,6244200.00,5750400.00,376.62,,,
A,21/01/26,19:09:00,443230323937FF171E0D-5,17802000.00,5804400.00,6246000.00,5751600.00,376.62,,,
A,21/01/26,19:14:00,443230323937FF171E0D-5,17806200.00,5805600.00,6247200.00,5753400.00,376.62,,,
A,21/01/26,19:19:00,443230323937FF171E0D-5,17811000.00,5807400.00,6249000.00,5754600.00,376.62,,,
A,21/01/26,19:24:00,443230323937FF171E0D-5,17814600.00,5808600.00,6250200.00,5755800.00,376.62,,,
A,21/01/26,19:29:00,443230323937FF171E0D-5,17818200.00,5809800.00,6251400.00,5757000.00,376.62,,,
A,21/01/26,19:34:00,443230323937FF171E0D-5,17823000.00,5811000.00,6253200.00,5758800.00,376.62,,,
A,21/01/26,19:39:00,443230323937FF171E0D-5,17827200.00,5812800.00,6254400.00,5760000.00,376.62,,,
A,21/01/26,19:44:00,443230323937FF171E0D-5,17831400.00,5814000.00,6256200.00,5761200.00,376.62,,,
A,21/01/26,19:49:00,443230323937FF171E0D-5,17835000.00,5815200.00,6257400.00,5762400.00,376.62,,,
A,21/01/26,19:54:00,443230323937FF171E0D-5,17840400.00,5817000.00,6259200.00,5764200.00,376.62,,,
A,21/01/26,19:59:00,443230323937FF171E0D-5,17844000.00,5818200.00,6260400.00,5765400.00,376.62,,,
A,21/01/26,20:04:00,443230323937FF171E0D-5,17848200.00,5819400.00,6262200.00,5766600.00,376.62,,,
A,21/01/26,20:09:00,443230323937FF171E0D-5,17852400.00,5820600.00,6263400.00,5768400.00,376.62,,,
A,21/01/26,20:14:00,443230323937FF171E0D-5,17856600.00,5822400.00,6264600.00,5769600.00,376.62,,,
A,21/01/26,20:19:00,443230323937FF171E0D-5,17860800.00,5823600.00,6266400.00,5770800.00,376.62,,,
A,21/01/26,20:24:00,443230323937FF171E0D-5,17864400.00,5824800.00,6267600.00,5772000.00,376.62,,,
A,21/01/26,20:29:00,443230323937FF171E0D-5,17869800.00,5826600.00,6269400.00,5773800.00,376.62,,,
A,21/01/26,20:34:00,443230323937FF171E0D-5,17873400.00,5827800.00,6270600.00,5775000.00,376.62,,,
A,21/01/26,20:39:00,443230323937FF171E0D-5,17877600.00,5829000.00,6272400.00,5776200.00,376.62,,,
A,21/01/26,20:44:00,443230323937FF171E0D-5,17881800.00,5830200.00,6273600.00,5778000.00,376.62,,,
A,21/01/26,20:49:00,443230323937FF171E0D-5,17886600.00,5832000.00,6275400.00,5779200.00,376.62,,,
A,21/01/26,20:54:00,443230323937FF171E0D-5,17890200.00,5833200.00,6276600.00,5780400.00,376.62,,,
A,21/01/26,20:59:00,443230323937FF171E0D-5,17893800.00,5834400.00,6277800.00,5781600.00,376.62,,,
A,21/01/26,21:04:00,443230323937FF171E0D-5,17898600.00,5835600.00,6279600.00,5783400.00,376.62,,,
A,21/01/26,21:09:00,443230323937FF171E0D-5,17902800.00,5837400.00,6280800.00,5784600.00,376.62,,,
A,21/01/26,21:14:00,443230323937FF171E0D-5,17907000.00,5838600.00,6282600.00,5785800.00,376.62,,,
A,21/01/26,21:19:00,443230323937FF171E0D-5,17911200.00,5839800.00,6283800.00,5787600.00,376.62,,,
A,21/01/26,21:24:00,443230323937FF171E0D-5,17916000.00,5841600.00,6285600.00,5788800.00,376.62,,,
A,21/01/26,21:29:00,443230323937FF171E0D-5,17919600.00,5842800.00,6286800.00,5790000.00,376.62,,,
A,21/01/26,21:34:00,443230323937FF171E0D-5,17924400.00,5844000.00,6288600.00,5791800.00,376.62,,,
A,21/01/26,21:39:00,443230323937FF171E0D-5,17928000.00,5845200.00,6289800.00,5793000.00,376.62,,,
A,21/01/26,21:44:00,443230323937FF171E0D-5,17932200.00,5847000.00,6291000.00,5794200.00,376.62,,,
A,21/01/26,21:49:00,443230323937FF171E0D-5,17936400.00,5848200.00,6292800.00,5795400.00,376.62,,,
A,21/01/26,21:54:00,443230323937FF171E0D-5,17940600.00,5849400.00,6294000.00,5797200.00,376.62,,,
A,21/01/26,21:59:00,443230323937FF171E0D-5,17944800.00,5850600.00,6295800.00,5798400.00,376.62,,,
A,21/01/26,22:04:00,443230323937FF171E0D-5,17949000.00,5852400.00,6297000.00,5799600.00,376.62,,,
A,21/01/26,22:09:00,443230323937FF171E0D-5,17953800.00,5853600.00,6298800.00,5801400.00,376.62,,,
A,21/01/26,22:14:00,443230323937FF171E0D-5,17957400.00,5854800.00,6300000.00,5802600.00,376.62,,,
A,21/01/26,22:19:00,443230323937FF171E0D-5,17961600.00,5856000.00,6301800.00,5803800.00,376.62,,,
A,21/01/26,22:24:00,443230323937FF171E0D-5,17966400.00,5857800.00,6303000.00,5805600.00,376.62,,,
A,21/01/26,22:29:00,443230323937FF171E0D-5,17970000.00,5859000.00,6304200.00,5806800.00,376.62,,,
A,21/01/26,22:34:00,443230323937FF171E0D-5,17974200.00,5860200.00,6306000.00,5808000.00,376.62,,,
A,21/01/26,22:39:00,443230323937FF171E0D-5,17978400.00,5861400.00,6307200.00,5809800.00,376.62,,,
A,21/01/26,22:44:00,443230323937FF171E0D-5,17983200.00,5863200.00,6309000.00,5811000.00,376.62,,,
A,21/01/26,22:49:00,443230323937FF171E0D-5,17986800.00,5864400.00,6310200.00,5812200.00,376.62,,,
A,21/01/26,22:54:00,443230323937FF171E0D-5,17991000.00,5865600.00,6312000.00,5813400.00,376.62,,,
A,21/01/26,22:59:00,443230323937FF171E0D-5,17995200.00,5866800.00,6313200.00,5815200.00,376.62,,,
A,21/01/26,23:04:00,443230323937FF171E0D-5,18000000.00,5868600.00,6315000.00,5816400.00,376.62,,,
A,21/01/26,23:09:00,443230323937FF171E0D-5,18003600.00,5869800.00,6316200.00,5817600.00,376.62,,,
A,21/01/26,23:14:00,443230323937FF171E0D-5,18008400.00,5871000.00,6318000.00,5819400.00,376.62,,,
A,21/01/26,23:19:00,443230323937FF171E0D-5,18012000.00,5872200.00,6319200.00,5820600.00,376.62,,,
A,21/01/26,23:24:00,443230323937FF171E0D-5,18016800.00,5874000.00,6321000.00,5821800.00,376.62,,,
A,21/01/26,23:29:00,443230323937FF171E0D-5,18021000.00,5875200.00,6322200.00,5823600.00,376.62,,,
A,21/01/26,23:34:00,443230323937FF171E0D-5,18024600.00,5876400.00,6323400.00,5824800.00,376.62,,,
A,21/01/26,23:39:00,443230323937FF171E0D-5,18028800.00,5877600.00,6325200.00,5826000.00,376.62,,,
A,21/01/26,23:44:00,443230323937FF171E0D-5,18033600.00,5879400.00,6326400.00,5827800.00,376.62,,,
A,21/01/26,23:49:00,443230323937FF171E0D-5,18037800.00,5880600.00,6328200.00,5829000.00,376.62,,,
A,21/01/26,23:54:00,443230323937FF171E0D-5,18041400.00,5881800.00,6329400.00,5830200.00,376.62,,,
A,21/01/26,23:59:00,443230323937FF171E0D-5,18046200.00,5883000.00,6331200.00,5832000.00,376.62,,,
A,22/01/26,00:04:00,443230323937FF171E0D-5,18050400.00,5884800.00,6332400.00,5833200.00,376.62,,,
A,22/01/26,00:09:00,443230323937FF171E0D-5,18054600.00,5886000.00,6334200.00,5834400.00,376.62,,,
A,22/01/26,00:14:00,443230323937FF171E0D-5,18058200.00,5887200.00,6335400.00,5835600.00,376.62,,,
A,22/01/26,00:19:00,443230323937FF171E0D-5,18063000.00,5888400.00,6337200.00,5837400.00,376.62,,,
A,22/01/26,00:24:00,443230323937FF171E0D-5,18067200.00,5890200.00,6338400.00,5838600.00,376.62,,,
A,22/01/26,00:29:00,443230323937FF171E0D-5,18071400.00,5891400.00,6340200.00,5839800.00,376.62,,,
A,22/01/26,00:34:00,443230323937FF171E0D-5,18075600.00,5892600.00,6341400.00,5841600.00,376.62,,,
A,22/01/26,00:39:00,443230323937FF171E0D-5,18079800.00,5893800.00,6343200.00,5842800.00,376.62,,,
A,22/01/26,00:44:00,443230323937FF171E0D-5,18084000.00,5895600.00,6344400.00,5844000.00,376.62,,,
A,22/01/26,00:49:00,443230323937FF171E0D-5,18088200.00,5896800.00,6345600.00,5845800.00,376.62,,,
A,22/01/26,00:54:00,443230323937FF171E0D-5,18092400.00,5898000.00,6347400.00,5847000.00,376.62,,,
A,22/01/26,00:59:00,443230323937FF171E0D-5,18096000.00,5899200.00,6348600.00,5848200.00,376.62,,,
A,22/01/26,01:04:00,443230323937FF171E0D-5,18100200.00,5900400.00,6350400.00,5849400.00,376.62,,,
A,22/01/26,01:09:00,443230323937FF171E0D-5,18105000.00,5902200.00,6351600.00,5851200.00,376.62,,,
A,22/01/26,01:14:00,443230323937FF171E0D-5,18109200.00,5903400.00,6353400.00,5852400.00,376.62,,,
A,22/01/26,01:19:00,443230323937FF171E0D-5,18112800.00,5904600.00,6354600.00,5853600.00,376.62,,,
A,22/01/26,01:24:00,443230323937FF171E0D-5,18117600.00,5905800.00,6356400.00,5855400.00,376.62,,,
A,22/01/26,01:29:00,443230323937FF171E0D-5,18121800.00,5907600.00,6357600.00,5856600.00,376.62,,,
A,22/01/26,01:34:00,443230323937FF171E0D-5,18126000.00,5908800.00,6359400.00,5857800.00,376.62,,,
A,22/01/26,01:39:00,443230323937FF171E0D-5,18130200.00,5910000.00,6360600.00,5859600.00,376.62,,,
A,22/01/26,01:44:00,443230323937FF171E0D-5,18134400.00,5911200.00,6362400.00,5860800.00,376.62,,,
A,22/01/26,01:49:00,443230323937FF171E0D-5,18138600.00,5913000.00,6363600.00,5862000.00,376.62,,,
A,22/01/26,01:54:00,443230323937FF171E0D-5,18142800.00,5914200.00,6365400.00,5863200.00,376.62,,,
A,22/01/26,01:59:00,443230323937FF171E0D-5,18147000.00,5915400.00,6366600.00,5865000.00,376.62,,,
A,22/01/26,02:04:00,443230323937FF171E0D-5,18151200.00,5916600.00,6368400.00,5866200.00,376.62,,,
A,22/01/26,02:09:00,443230323937FF171E0D-5,18155400.00,5918400.00,6369600.00,5867400.00,376.62,,,
A,22/01/26,02:14:00,443230323937FF171E0D-5,18160200.00,5919600.00,6371400.00,5869200.00,376.62,,,
A,22/01/26,02:19:00,443230323937FF171E0D-5,18163800.00,5920800.00,6372600.00,5870400.00,376.62,,,
A,22/01/26,02:24:00,443230323937FF171E0D-5,18167400.00,5922000.00,6373800.00,5871600.00,376.62,,,
A,22/01/26,02:29:00,443230323937FF171E0D-5,18172800.00,5923800.00,6375600.00,5873400.00,376.62,,,
A,22/01/26,02:34:00,443230323937FF171E0D-5,18176400.00,5925000.00,6376800.00,5874600.00,376.62,,,
A,22/01/26,02:39:00,443230323937FF171E0D-5,18180600.00,5926200.00,6378600.00,5875800.00,376.62,,,
A,22/01/26,02:44:00,443230323937FF171E0D-5,18184200.00,5927400.00,6379800.00,5877000.00,376.62,,,
A,22/01/26,02:49:00,443230323937FF171E0D-5,18189600.00,5929200.00,6381600.00,5878800.00,376.62,,,
A,22/01/26,02:54:00,443230323937FF171E0D-5,18193200.00,5930400.00,6382800.00,5880000.00,376.62,,,
A,22/01/26,02:59:00,443230323937FF171E0D-5,18197400.00,5931600.00,6384600.00,5881200.00,376.62,,,
A,22/01/26,03:04:00,443230323937FF171E0D-5,18201600.00,5932800.00,6385800.00,5883000.00,376.62,,,
A,22/01/26,03:09:00,443230323937FF171E0D-5,18206400.00,5934600.00,6387600.00,5884200.00,376.62,,,
A,22/01/26,03:14:00,443230323937FF171E0D-5,18210000.00,5935800.00,6388800.00,5885400.00,376.62,,,
A,22/01/26,03:19:00,443230323937FF171E0D-5,18214800.00,5937000.00,6390600.00,5887200.00,376.62,,,
A,22/01/26,03:24:00,443230323937FF171E0D-5,18218400.00,5938200.00,6391800.00,5888400.00,376.62,,,
A,22/01/26,03:29:00,443230323937FF171E0D-5,18223200.00,5940000.00,6393600.00,5889600.00,376.62,,,
A,22/01/26,03:34:00,443230323937FF171E0D-5,18226800.00,5941200.00,6394800.00,5890800.00,376.62,,,
A,22/01/26,03:39:00,443230323937FF171E0D-5,18231000.00,5942400.00,6396000.00,5892600.00,376.62,,,
A,22/01/26,03:44:00,443230323937FF171E0D-5,18235200.00,5943600.00,6397800.00,5893800.00,376.62,,,
A,22/01/26,03:49:00,443230323937FF171E0D-5,18239400.00,5945400.00,6399000.00,5895000.00,376.62,,,
A,22/01/26,03:54:00,443230323937FF171E0D-5,18244200.00,5946600.00,6400800.00,5896800.00,376.62,,,
A,22/01/26,03:59:00,443230323937FF171E0D-5,18247800.00,5947800.00,6402000.00,5898000.00,376.62,,,
A,22/01/26,04:04:00,443230323937FF171E0D-5,18252000.00,5949000.00,6403800.00,5899200.00,376.62,,,
A,22/01/26,04:09:00,443230323937FF171E0D-5,18256800.00,5950800.00,6405000.00,5901000.00,376.62,,,
A,22/01/26,04:14:00,443230323937FF171E0D-5,18261000.00,5952000.00,6406800.00,5902200.00,376.62,,,
A,22/01/26,04:19:00,443230323937FF171E0D-5,18264600.00,5953200.00,6408000.00,5903400.00,376.62,,,
A,22/01/26,04:24:00,443230323937FF171E0D-5,18268800.00,5954400.00,6409800.00,5904600.00,376.62,,,
A,22/01/26,04:29:00,443230323937FF171E0D-5,18273600.00,5956200.00,6411000.00,5906400.00,376.62,,,
A,22/01/26,04:34:00,443230323937FF171E0D-5,18277800.00,5957400.00,6412800.00,5907600.00,376.62,,,
A,22/01/26,04:39:00,443230323937FF171E0D-5,18281400.00,5958600.00,6414000.00,5908800.00,376.62,,,
A,22/01/26,04:44:00,443230323937FF171E0D-5,18286200.00,5959800.00,6415800.00,5910600.00,376.62,,,
A,22/01/26,04:49:00,443230323937FF171E0D-5,18290400.00,5961600.00,6417000.00,5911800.00,376.62,,,
A,22/01/26,04:54:00,443230323937FF171E0D-5,18294000.00,5962800.00,6418200.00,5913000.00,376.62,,,
A,22/01/26,04:59:00,443230323937FF171E0D-5,18298800.00,5964000.00,6420000.00,5914800.00,376.62,,,
A,22/01/26,05:04:00,443230323937FF171E0D-5,18302400.00,5965200.00,6421200.00,5916000.00,376.62,,,
A,22/01/26,05:09:00,443230323937FF171E0D-5,18307200.00,5967000.00,6423000.00,5917200.00,376.62,,,
A,22/01/26,05:14:00,443230323937FF171E0D-5,18310800.00,5968200.00,6424200.00,5918400.00,376.62,,,
A,22/01/26,05:19:00,443230323937FF171E0D-5,18315600.00,5969400.00,6426000.00,5920200.00,376.62,,,
A,22/01/26,05:24:00,443230323937FF171E0D-5,18319200.00,5970600.00,6427200.00,5921400.00,376.62,,,
A,22/01/26,05:29:00,443230323937FF171E0D-5,18324000.00,5972400.00,6429000.00,5922600.00,376.62,,,
A,22/01/26,05:34:00,443230323937FF171E0D-5,18328200.00,5973600.00,6430200.00,5924400.00,376.62,,,
A,22/01/26,05:39:00,443230323937FF171E0D-5,18332400.00,5974800.00,6432000.00,5925600.00,376.62,,,
A,22/01/26,05:44:00,443230323937FF171E0D-5,18336000.00,5976000.00,6433200.00,5926800.00,376.62,,,
A,22/01/26,05:49:00,443230323937FF171E0D-5,18340800.00,5977800.00,6435000.00,5928000.00,376.62,,,
A,22/01/26,05:54:00,443230323937FF171E0D-5,18345000.00,5979000.00,6436200.00,5929800.00,376.62,,,
A,22/01/26,05:59:00,443230323937FF171E0D-5,18349200.00,5980200.00,6438000.00,5931000.00,376.62,,,
A,22/01/26,06:04:00,443230323937FF171E0D-5,18352800.00,5981400.00,6439200.00,5932200.00,376.62,,,
A,22/01/26,06:09:00,443230323937FF171E0D-5,18358200.00,5983200.00,6441000.00,5934000.00,376.62,,,
A,22/01/26,06:14:00,443230323937FF171E0D-5,18361800.00,5984400.00,6442200.00,5935200.00,376.62,,,
A,22/01/26,06:19:00,443230323937FF171E0D-5,18365400.00,5985600.00,6443400.00,5936400.00,376.62,,,
A,22/01/26,06:24:00,443230323937FF171E0D-5,18370200.00,5987400.00,6445200.00,5937600.00,376.62,,,
A,22/01/26,06:29:00,443230323937FF171E0D-5,18374400.00,5988600.00,6446400.00,5939400.00,376.62,,,
A,22/01/26,06:34:00,443230323937FF171E0D-5,18378600.00,5989800.00,6448200.00,5940600.00,376.62,,,
A,22/01/26,06:39:00,443230323937FF171E0D-5,18382200.00,5991000.00,6449400.00,5941800.00,376.62,,,
A,22/01/26,06:44:00,443230323937FF171E0D-5,18387000.00,5992800.00,6451200.00,5943000.00,376.62,,,
A,22/01/26,06:49:00,443230323937FF171E0D-5,18391200.00,5994000.00,6452400.00,5944800.00,376.62,,,
A,22/01/26,06:54:00,443230323937FF171E0D-5,18395400.00,5995200.00,6454200.00,5946000.00,376.62,,,
A,22/01/26,06:59:00,443230323937FF171E0D-5,18399600.00,5997000.00,6455400.00,5947200.00,376.62,,,
A,22/01/26,07:04:00,443230323937FF171E0D-5,18403800.00,5998200.00,6457200.00,5948400.00,376.62,,,
A,22/01/26,07:09:00,443230323937FF171E0D-5,18408000.00,5999400.00,6458400.00,5950200.00,376.62,,,
A,22/01/26,07:14:00,443230323937FF171E0D-5,18412200.00,6000600.00,6460200.00,5951400.00,376.62,,,
A,22/01/26,07:19:00,443230323937FF171E0D-5,18416400.00,6002400.00,6461400.00,5952600.00,376.62,,,
A,22/01/26,07:24:00,443230323937FF171E0D-5,18420600.00,6003600.00,6463200.00,5953800.00,376.62,,,
A,22/01/26,07:29:00,443230323937FF171E0D-5,18424200.00,6004800.00,6464400.00,5955000.00,376.62,,,
A,22/01/26,07:34:00,443230323937FF171E0D-5,18429600.00,6006600.00,6466200.00,5956800.00,376.62,,,
A,22/01/26,07:39:00,443230323937FF171E0D-5,18433200.00,6007800.00,6467400.00,5958000.00,376.62,,,
A,22/01/26,07:44:00,443230323937FF171E0D-5,18437400.00,6009000.00,6469200.00,5959200.00,376.62,,,
A,22/01/26,07:49:00,443230323937FF171E0D-5,18441000.00,6010200.00,6470400.00,5960400.00,376.62,,,
A,22/01/26,07:54:00,443230323937FF171E0D-5,18446400.00,6012000.00,6472200.00,5962200.00,376.62,,,
A,22/01/26,07:59:00,443230323937FF171E0D-5,18450000.00,6013200.00,6473400.00,5963400.00,376.62,,,
A,22/01/26,08:04:00,443230323937FF171E0D-5,18454200.00,6014400.00,6475200.00,5964600.00,376.62,,,
A,22/01/26,08:09:00,443230323937FF171E0D-5,18459000.00,6016200.00,6476400.00,5966400.00,376.62,,,
A,22/01/26,08:14:00,443230323937FF171E0D-5,18465000.00,6018000.00,6478800.00,5968200.00,376.62,,,
A,22/01/26,08:19:00,443230323937FF171E0D-5,18471600.00,6020400.00,6481200.00,5970000.00,376.62,,,
A,22/01/26,08:24:00,443230323937FF171E0D-5,18477600.00,6022200.00,6483000.00,5972400.00,376.62,,,
A,22/01/26,08:29:00,443230323937FF171E0D-5,18483600.00,6024000.00,6485400.00,5974200.00,376.62,,,
A,22/01/26,08:34:00,443230323937FF171E0D-5,18489600.00,6026400.00,6487200.00,5976000.00,376.62,,,
A,22/01/26,08:39:00,443230323937FF171E0D-5,18496200.00,6028200.00,6489600.00,5978400.00,376.62,,,
A,22/01/26,08:44:00,443230323937FF171E0D-5,18502200.00,6030600.00,6491400.00,5980200.00,376.62,,,
A,22/01/26,08:49:00,443230323937FF171E0D-5,18508200.00,6032400.00,6493800.00,5982000.00,376.62,,,
A,22/01/26,08:54:00,443230323937FF171E0D-5,18514200.00,6034200.00,6495600.00,5984400.00,376.62,,,
A,22/01/26,08:59:00,443230323937FF171E0D-5,18520800.00,6036600.00,6498000.00,5986200.00,376.62,,,
A,22/01/26,09:04:00,443230323937FF171E0D-5,18526800.00,6038400.00,6500400.00,5988000.00,376.62,,,
A,22/01/26,09:09:00,443230323937FF171E0D-5,18532800.00,6040200.00,6502200.00,5990400.00,376.62,,,
A,22/01/26,09:14:00,443230323937FF171E0D-5,18539400.00,6042600.00,6504600.00,5992200.00,376.62,,,
A,22/01/26,09:19:00,443230323937FF171E0D-5,18544800.00,6044400.00,6506400.00,5994000.00,376.62,,,
A,22/01/26,09:24:00,443230323937FF171E0D-5,18551400.00,6046800.00,6508800.00,5995800.00,376.62,,,
A,22/01/26,09:29:00,443230323937FF171E0D-5,18557400.00,6048600.00,6510600.00,5998200.00,376.62,,,
A,22/01/26,09:34:00,443230323937FF171E0D-5,18563400.00,6050400.00,6513000.00,6000000.00,376.62,,,
A,22/01/26,09:39:00,443230323937FF171E0D-5,18570000.00,6052800.00,6515400.00,6001800.00,376.62,,,
A,22/01/26,09:44:00,443230323937FF171E0D-5,18576000.00,6054600.00,6517200.00,6004200.00,376.62,,,
A,22/01/26,09:49:00,443230323937FF171E0D-5,18582000.00,6056400.00,6519600.00,6006000.00,376.62,,,
A,22/01/26,09:54:00,443230323937FF171E0D-5,18588000.00,6058800.00,6521400.00,6007800.00,376.62,,,
A,22/01/26,09:59:00,443230323937FF171E0D-5,18594600.00,6060600.00,6523800.00,6010200.00,376.62,,,
A,22/01/26,10:04:00,443230323937FF171E0D-5,18600600.00,6063000.00,6525600.00,6012000.00,376.62,,,
A,22/01/26,10:09:00,443230323937FF171E0D-5,18606600.00,6064800.00,6528000.00,6013800.00,376.62,,,
A,22/01/26,10:14:00,443230323937FF171E0D-5,18613200.00,6066600.00,6530400.00,6016200.00,376.62,,,
A,22/01/26,10:19:00,443230323937FF171E0D-5,18619200.00,6069000.00,6532200.00,6018000.00,376.62,,,
A,22/01/26,10:24:00,443230323937FF171E0D-5,18625200.00,6070800.00,6534600.00,6019800.00,376.62,,,
A,22/01/26,10:29:00,443230323937FF171E0D-5,18631200.00,6072600.00,6536400.00,6022200.00,376.62,,,
A,22/01/26,10:34:00,443230323937FF171E0D-5,18637800.00,6075000.00,6538800.00,6024000.00,376.62,,,
A,22/01/26,10:39:00,443230323937FF171E0D-5,18643200.00,6076800.00,6540600.00,6025800.00,376.62,,,
A,22/01/26,10:44:00,443230323937FF171E0D-5,18649800.00,6078600.00,6543000.00,6028200.00,376.62,,,
A,22/01/26,10:49:00,443230323937FF171E0D-5,18656400.00,6081000.00,6545400.00,6030000.00,376.62,,,
A,22/01/26,10:54:00,443230323937FF171E0D-5,18661800.00,6082800.00,6547200.00,6031800.00,376.62,,,
A,22/01/26,10:59:00,443230323937FF171E0D-5,18669000.00,6085200.00,6549600.00,6034200.00,376.62,,,
A,22/01/26,11:04:00,443230323937FF171E0D-5,18674400.00,6087000.00,6551400.00,6036000.00,376.62,,,
A,22/01/26,11:09:00,443230323937FF171E0D-5,18680400.00,6088800.00,6553800.00,6037800.00,376.62,,,
A,22/01/26,11:14:00,443230323937FF171E0D-5,18687000.00,6091200.00,6555600.00,6040200.00,376.62,,,
A,22/01/26,11:19:00,443230323937FF171E0D-5,18693000.00,6093000.00,6558000.00,6042000.00,376.62,,,
A,22/01/26,11:24:00,443230323937FF171E0D-5,18698400.00,6094800.00,6559800.00,6043800.00,376.62,,,
A,22/01/26,11:29:00,443230323937FF171E0D-5,18705600.00,6097200.00,6562200.00,6046200.00,376.62,,,
A,22/01/26,11:34:00,443230323937FF171E0D-5,18711600.00,6099000.00,6564600.00,6048000.00,376.62,,,
A,22/01/26,11:39:00,443230323937FF171E0D-5,18717600.00,6101400.00,6566400.00,6049800.00,376.62,,,
A,22/01/26,11:44:00,443230323937FF171E0D-5,18724200.00,6103200.00,6568800.00,6052200.00,376.62,,,
A,22/01/26,11:49:00,443230323937FF171E0D-5,18729600.00,6105000.00,6570600.00,6054000.00,376.62,,,
A,22/01/26,11:54:00,443230323937FF171E0D-5,18736200.00,6107400.00,6573000.00,6055800.00,376.62,,,
A,22/01/26,11:59:00,443230323937FF171E0D-5,18742200.00,6109200.00,6574800.00,6058200.00,376.62,,,
A,22/01/26,12:04:00,443230323937FF171E0D-5,18748200.00,6111000.00,6577200.00,6060000.00,376.62,,,
A,22/01/26,12:09:00,443230323937FF171E0D-5,18754200.00,6113400.00,6579000.00,6061800.00,376.62,,,
A,22/01/26,12:14:00,443230323937FF171E0D-5,18760800.00,6115200.00,6581400.00,6064200.00,376.62,,,
A,22/01/26,12:19:00,443230323937FF171E0D-5,18766200.00,6117000.00,6583200.00,6066000.00,376.62,,,
A,22/01/26,12:24:00,443230323937FF171E0D-5,18773400.00,6119400.00,6585600.00,6068400.00,376.62,,,
A,22/01/26,12:29:00,443230323937FF171E0D-5,18779400.00,6121200.00,6588000.00,6070200.00,376.62,,,
A,22/01/26,12:34:00,443230323937FF171E0D-5,18785400.00,6123600.00,6589800.00,6072000.00,376.62,,,
A,22/01/26,12:39:00,443230323937FF171E0D-5,18792000.00,6125400.00,6592200.00,6074400.00,376.62,,,
A,22/01/26,12:44:00,443230323937FF171E0D-5,18797400.00,6127200.00,6594000.00,6076200.00,376.62,,,
A,22/01/26,12:49:00,443230323937FF171E0D-5,18804000.00,6129600.00,6596400.00,6078000.00,376.62,,,
A,22/01/26,12:54:00,443230323937FF171E0D-5,18810000.00,6131400.00,6598200.00,6080400.00,376.62,,,
A,22/01/26,12:59:00,443230323937FF171E0D-5,18816000.00,6133200.00,6600600.00,6082200.00,376.62,,,
A,22/01/26,13:04:00,443230323937FF171E0D-5,18822000.00,6135600.00,6602400.00,6084000.00,376.62,,,
A,22/01/26,13:09:00,443230323937FF171E0D-5,18828600.00,6137400.00,6604800.00,6086400.00,376.62,,,
A,22/01/26,13:14:00,443230323937FF171E0D-5,18835200.00,6139800.00,6607200.00,6088200.00,376.62,,,
A,22/01/26,13:19:00,443230323937FF171E0D-5,18840600.00,6141600.00,6609000.00,6090000.00,376.62,,,
A,22/01/26,13:24:00,443230323937FF171E0D-5,18847200.00,6143400.00,6611400.00,6092400.00,376.62,,,
A,22/01/26,13:29:00,443230323937FF171E0D-5,18853200.00,6145800.00,6613200.00,6094200.00,376.62,,,
A,22/01/26,13:34:00,443230323937FF171E0D-5,18859200.00,6147600.00,6615600.00,6096000.00,376.62,,,
A,22/01/26,13:39:00,443230323937FF171E0D-5,18865200.00,6149400.00,6617400.00,6098400.00,376.62,,,
A,22/01/26,13:44:00,443230323937FF171E0D-5,18871800.00,6151800.00,6619800.00,6100200.00,376.62,,,
A,22/01/26,13:49:00,443230323937FF171E0D-5,18877200.00,6153600.00,6621600.00,6102000.00,376.62,,,
A,22/01/26,13:49:00,443230323937FF171E0D-5,18885000.00,6156000.00,6624600.00,6104400.00,376.62,,,
A,22/01/26,13:54:00,443230323937FF171E0D-5,18891000.00,6157800.00,6626400.00,6106800.00,376.62,,,
A,22/01/26,13:59:00,443230323937FF171E0D-5,18897600.00,6160200.00,6628800.00,6108600.00,376.62,,,
A,22/01/26,14:04:00,443230323937FF171E0D-5,18903000.00,6162000.00,6630600.00,6110400.00,376.62,,,
A,22/01/26,14:09:00,443230323937FF171E0D-5,18910200.00,6164400.00,6633000.00,6112800.00,376.62,,,
A,22/01/26,14:14:00,443230323937FF171E0D-5,18916200.00,6166200.00,6635400.00,6114600.00,376.62,,,
A,22/01/26,14:19:00,443230323937FF171E0D-5,18921600.00,6168000.00,6637200.00,6116400.00,376.62,,,
A,22/01/26,14:24:00,443230323937FF171E0D-5,18928800.00,6170400.00,6639600.00,6118800.00,376.62,,,
A,22/01/26,14:29:00,443230323937FF171E0D-5,18934200.00,6172200.00,6641400.00,6120600.00,376.62,,,
A,22/01/26,14:34:00,443230323937FF171E0D-5,18940200.00,6174000.00,6643800.00,6122400.00,376.62,,,
A,22/01/26,14:39:00,443230323937FF171E0D-5,18946800.00,6176400.00,6645600.00,6124800.00,376.62,,,
A,22/01/26,14:44:00,443230323937FF171E0D-5,18952800.00,6178200.00,6648000.00,6126600.00,376.62,,,
A,22/01/26,14:49:00,443230323937FF171E0D-5,18958800.00,6180000.00,6650400.00,6128400.00,376.62,,,
A,22/01/26,14:54:00,443230323937FF171E0D-5,18965400.00,6182400.00,6652200.00,6130800.00,376.62,,,
A,22/01/26,14:59:00,443230323937FF171E0D-5,18971400.00,6184200.00,6654600.00,6132600.00,376.62,,,
A,22/01/26,15:04:00,443230323937FF171E0D-5,18976800.00,6186000.00,6656400.00,6134400.00,376.62,,,
A,22/01/26,15:09:00,443230323937FF171E0D-5,18984000.00,6188400.00,6658800.00,6136800.00,376.62,,,
A,22/01/26,15:14:00,443230323937FF171E0D-5,18989400.00,6190200.00,6660600.00,6138600.00,376.62,,,
A,22/01/26,15:19:00,443230323937FF171E0D-5,18996000.00,6192600.00,6663000.00,6140400.00,376.62,,,
A,22/01/26,15:24:00,443230323937FF171E0D-5,19002000.00,6194400.00,6664800.00,6142800.00,376.62,,,
A,22/01/26,15:29:00,443230323937FF171E0D-5,19008000.00,6196200.00,6667200.00,6144600.00,376.62,,,
A,22/01/26,15:34:00,443230323937FF171E0D-5,19014600.00,6198600.00,6669600.00,6146400.00,376.62,,,
A,22/01/26,15:39:00,443230323937FF171E0D-5,19020600.00,6200400.00,6671400.00,6148800.00,376.62,,,
A,22/01/26,15:44:00,443230323937FF171E0D-5,19026600.00,6202200.00,6673800.00,6150600.00,376.62,,,
A,22/01/26,15:49:00,443230323937FF171E0D-5,19032600.00,6204600.00,6675600.00,6152400.00,376.62,,,
A,22/01/26,15:54:00,443230323937FF171E0D-5,19039200.00,6206400.00,6678000.00,6154800.00,376.62,,,
A,22/01/26,15:59:00,443230323937FF171E0D-5,19045200.00,6208800.00,6679800.00,6156600.00,376.62,,,
A,22/01/26,16:04:00,443230323937FF171E0D-5,19051200.00,6210600.00,6682200.00,6158400.00,376.62,,,
A,22/01/26,16:09:00,443230323937FF171E0D-5,19057200.00,6212400.00,6684000.00,6160800.00,376.62,,,
A,22/01/26,16:14:00,443230323937FF171E0D-5,19063800.00,6214800.00,6686400.00,6162600.00,376.62,,,
A,22/01/26,16:19:00,443230323937FF171E0D-5,19069800.00,6216600.00,6688800.00,6164400.00,376.62,,,
A,22/01/26,16:24:00,443230323937FF171E0D-5,19075800.00,6218400.00,6690600.00,6166800.00,376.62,,,
A,22/01/26,16:29:00,443230323937FF171E0D-5,19082400.00,6220800.00,6693000.00,6168600.00,376.62,,,
A,22/01/26,16:34:00,443230323937FF171E0D-5,19087800.00,6222600.00,6694800.00,6170400.00,376.62,,,
A,22/01/26,16:39:00,443230323937FF171E0D-5,19094400.00,6224400.00,6697200.00,6172800.00,376.62,,,
A,22/01/26,16:44:00,443230323937FF171E0D-5,19100400.00,6226800.00,6699000.00,6174600.00,376.62,,,
A,22/01/26,16:49:00,443230323937FF171E0D-5,19106400.00,6228600.00,6701400.00,6176400.00,376.62,,,
A,22/01/26,16:54:00,443230323937FF171E0D-5,19113600.00,6231000.00,6703800.00,6178800.00,376.62,,,
A,22/01/26,16:59:00,443230323937FF171E0D-5,19119000.00,6232800.00,6705600.00,6180600.00,376.62,,,
A,22/01/26,17:04:00,443230323937FF171E0D-5,19125000.00,6234600.00,6708000.00,6182400.00,376.62,,,
A,22/01/26,17:09:00,443230323937FF171E0D-5,19131600.00,6237000.00,6709800.00,6184800.00,376.62,,,
A,22/01/26,17:14:00,443230323937FF171E0D-5,19137600.00,6238800.00,6712200.00,6186600.00,376.62,,,
A,22/01/26,17:19:00,443230323937FF171E0D-5,19143000.00,6240600.00,6714000.00,6188400.00,376.62,,,
A,22/01/26,17:24:00,443230323937FF171E0D-5,19150200.00,6243000.00,6716400.00,6190800.00,376.62,,,
A,22/01/26,17:29:00,443230323937FF171E0D-5,19156200.00,6244800.00,6718800.00,6192600.00,376.62,,,
A,22/01/26,17:34:00,443230323937FF171E0D-5,19161600.00,6246600.00,6720600.00,6194400.00,376.62,,,
A,22/01/26,17:39:00,443230323937FF171E0D-5,19168800.00,6249000.00,6723000.00,6196800.00,376.62,,,
A,22/01/26,17:44:00,443230323937FF171E0D-5,19174200.00,6250800.00,6724800.00,6198600.00,376.62,,,
A,22/01/26,17:49:00,443230323937FF171E0D-5,19180200.00,6252600.00,6727200.00,6200400.00,376.62,,,
A,22/01/26,17:54:00,443230323937FF171E0D-5,19186800.00,6255000.00,6729000.00,6202800.00,376.62,,,
A,22/01/26,17:59:00,443230323937FF171E0D-5,19192800.00,6256800.00,6731400.00,6204600.00,376.62,,,
A,22/01/26,18:04:00,443230323937FF171E0D-5,19199400.00,6259200.00,6733800.00,6206400.00,376.62,,,
A,22/01/26,18:09:00,443230323937FF171E0D-5,19205400.00,6261000.00,6735600.00,6208800.00,376.62,,,
A,22/01/26,18:14:00,443230323937FF171E0D-5,19211400.00,6262800.00,6738000.00,6210600.00,376.62,,,
A,22/01/26,18:19:00,443230323937FF171E0D-5,19217400.00,6265200.00,6739800.00,6212400.00,376.62,,,
A,22/01/26,18:24:00,443230323937FF171E0D-5,19224000.00,6267000.00,6742200.00,6214800.00,376.62,,,
A,22/01/26,18:29:00,443230323937FF171E0D-5,19229400.00,6268800.00,6744000.00,6216600.00,376.62,,,
A,22/01/26,18:34:00,443230323937FF171E0D-5,19236000.00,6271200.00,6746400.00,6218400.00,376.62,,,
A,22/01/26,18:39:00,443230323937FF171E0D-5,19242000.00,6273000.00,6748200.00,6220800.00,376.62,,,
A,22/01/26,18:44:00,443230323937FF171E0D-5,19248000.00,6274800.00,6750600.00,6222600.00,376.62,,,
A,22/01/26,18:49:00,443230323937FF171E0D-5,19254600.00,6277200.00,6753000.00,6224400.00,376.62,,,
A,22/01/26,18:54:00,443230323937FF171E0D-5,19260600.00,6279000.00,6754800.00,6226800.00,376.62,,,
A,22/01/26,18:59:00,443230323937FF171E0D-5,19267200.00,6281400.00,6757200.00,6228600.00,376.62,,,
A,22/01/26,19:04:00,443230323937FF171E0D-5,19272600.00,6283200.00,6759000.00,6230400.00,376.62,,,
A,22/01/26,19:09:00,443230323937FF171E0D-5,19279200.00,6285000.00,6761400.00,6232800.00,376.62,,,
A,22/01/26,19:14:00,443230323937FF171E0D-5,19285200.00,6287400.00,6763200.00,6234600.00,376.62,,,
A,22/01/26,19:19:00,443230323937FF171E0D-5,19291800.00,6289200.00,6765600.00,6237000.00,376.62,,,
A,22/01/26,19:24:00,443230323937FF171E0D-5,19297200.00,6291000.00,6767400.00,6238800.00,376.62,,,
A,22/01/26,19:29:00,443230323937FF171E0D-5,19303800.00,6293400.00,6769800.00,6240600.00,376.62,,,
A,22/01/26,19:34:00,443230323937FF171E0D-5,19310400.00,6295200.00,6772200.00,6243000.00,376.62,,,
A,22/01/26,19:39:00,443230323937FF171E0D-5,19315800.00,6297000.00,6774000.00,6244800.00,376.62,,,
A,22/01/26,19:44:00,443230323937FF171E0D-5,19322400.00,6299400.00,6776400.00,6246600.00,376.62,,,
A,22/01/26,19:49:00,443230323937FF171E0D-5,19328400.00,6301200.00,6778200.00,6249000.00,376.62,,,
A,22/01/26,19:54:00,443230323937FF171E0D-5,19334400.00,6303000.00,6780600.00,6250800.00,376.62,,,
A,22/01/26,19:59:00,443230323937FF171E0D-5,19341000.00,6305400.00,6782400.00,6253200.00,376.62,,,
A,22/01/26,20:04:00,443230323937FF171E0D-5,19347000.00,6307200.00,6784800.00,6255000.00,376.62,,,
A,22/01/26,20:09:00,443230323937FF171E0D-5,19352400.00,6309000.00,6786600.00,6256800.00,376.62,,,
A,22/01/26,20:14:00,443230323937FF171E0D-5,19359600.00,6311400.00,6789000.00,6259200.00,376.62,,,
A,22/01/26,20:19:00,443230323937FF171E0D-5,19365000.00,6313200.00,6790800.00,6261000.00,376.62,,,
A,22/01/26,20:24:00,443230323937FF171E0D-5,19371000.00,6315000.00,6793200.00,6262800.00,376.62,,,
A,22/01/26,20:29:00,443230323937FF171E0D-5,19378200.00,6317400.00,6795600.00,6265200.00,376.62,,,
A,22/01/26,20:34:00,443230323937FF171E0D-5,19383600.00,6319200.00,6797400.00,6267000.00,376.62,,,
A,22/01/26,20:39:00,443230323937FF171E0D-5,19390200.00,6321000.00,6799800.00,6269400.00,376.62,,,
A,22/01/26,20:44:00,443230323937FF171E0D-5,19396200.00,6323400.00,6801600.00,6271200.00,376.62,,,
A,22/01/26,20:49:00,443230323937FF171E0D-5,19402200.00,6325200.00,6804000.00,6273000.00,376.62,,,
A,22/01/26,20:54:00,443230323937FF171E0D-5,19408200.00,6327000.00,6805800.00,6275400.00,376.62,,,
A,22/01/26,20:59:00,443230323937FF171E0D-5,19414800.00,6329400.00,6808200.00,6277200.00,376.62,,,
A,22/01/26,21:04:00,443230323937FF171E0D-5,19420200.00,6331200.00,6810000.00,6279000.00,376.62,,,
A,22/01/26,21:09:00,443230323937FF171E0D-5,19426800.00,6333000.00,6812400.00,6281400.00,376.62,,,
A,22/01/26,21:14:00,443230323937FF171E0D-5,19433400.00,6335400.00,6814800.00,6283200.00,376.62,,,
A,22/01/26,21:19:00,443230323937FF171E0D-5,19439400.00,6337200.00,6816600.00,6285600.00,376.62,,,
A,22/01/26,21:24:00,443230323937FF171E0D-5,19445400.00,6339000.00,6819000.00,6287400.00,376.62,,,
A,22/01/26,21:29:00,443230323937FF171E0D-5,19451400.00,6341400.00,6820800.00,6289200.00,376.62,,,
A,22/01/26,21:34:00,443230323937FF171E0D-5,19458000.00,6343200.00,6823200.00,6291600.00,376.62,,,
A,22/01/26,21:39:00,443230323937FF171E0D-5,19463400.00,6345000.00,6825000.00,6293400.00,376.62,,,
A,22/01/26,21:44:00,443230323937FF171E0D-5,19469400.00,6346800.00,6827400.00,6295200.00,376.62,,,
A,22/01/26,21:49:00,443230323937FF171E0D-5,19474800.00,6348600.00,6829200.00,6297000.00,376.62,,,
A,22/01/26,21:54:00,443230323937FF171E0D-5,19480200.00,6350400.00,6831000.00,6298800.00,376.62,,,
A,22/01/26,21:59:00,443230323937FF171E0D-5,19486800.00,6352200.00,6833400.00,6301200.00,376.62,,,
A,22/01/26,22:04:00,443230323937FF171E0D-5,19492200.00,6354000.00,6835200.00,6303000.00,376.62,,,
A,22/01/26,22:09:00,443230323937FF171E0D-5,19497600.00,6355800.00,6837000.00,6304800.00,376.62,,,
A,22/01/26,22:14:00,443230323937FF171E0D-5,19503000.00,6357600.00,6838800.00,6306600.00,376.62,,,
A,22/01/26,22:19:00,443230323937FF171E0D-5,19509000.00,6359400.00,6841200.00,6308400.00,376.62,,,
A,22/01/26,22:24:00,443230323937FF171E0D-5,19514400.00,6361200.00,6843000.00,6310200.00,376.62,,,
A,22/01/26,22:29:00,443230323937FF171E0D-5,19519800.00,6363000.00,6844800.00,6312000.00,376.62,,,
A,22/01/26,22:34:00,443230323937FF171E0D-5,19525800.00,6365400.00,6846600.00,6313800.00,376.62,,,
A,22/01/26,22:39:00,443230323937FF171E0D-5,19531800.00,6367200.00,6849000.00,6315600.00,376.62,,,
A,22/01/26,22:44:00,443230323937FF171E0D-5,19537200.00,6369000.00,6850800.00,6317400.00,376.62,,,
A,22/01/26,22:49:00,443230323937FF171E0D-5,19543200.00,6370800.00,6852600.00,6319800.00,376.62,,,
A,22/01/26,22:54:00,443230323937FF171E0D-5,19549200.00,6372600.00,6855000.00,6321600.00,376.62,,,
A,22/01/26,22:59:00,443230323937FF171E0D-5,19554600.00,6374400.00,6856800.00,6323400.00,376.62,,,
A,22/01/26,23:04:00,443230323937FF171E0D-5,19560000.00,6376200.00,6858600.00,6325200.00,376.62,,,
A,22/01/26,23:09:00,443230323937FF171E0D-5,19565400.00,6378000.00,6860400.00,6327000.00,376.62,,,
A,22/01/26,23:14:00,443230323937FF171E0D-5,19571400.00,6379800.00,6862800.00,6328800.00,376.62,,,
A,22/01/26,23:19:00,443230323937FF171E0D-5,19576800.00,6381600.00,6864600.00,6330600.00,376.62,,,
A,22/01/26,23:24:00,443230323937FF171E0D-5,19582200.00,6383400.00,6866400.00,6332400.00,376.62,,,
A,22/01/26,23:29:00,443230323937FF171E0D-5,19587600.00,6385200.00,6868200.00,6334200.00,376.62,,,
A,22/01/26,23:34:00,443230323937FF171E0D-5,19593600.00,6387000.00,6870600.00,6336000.00,376.62,,,
A,22/01/26,23:39:00,443230323937FF171E0D-5,19599600.00,6388800.00,6872400.00,6338400.00,376.62,,,
A,22/01/26,23:44:00,443230323937FF171E0D-5,19605000.00,6390600.00,6874200.00,6340200.00,376.62,,,
A,22/01/26,23:49:00,443230323937FF171E0D-5,19610400.00,6392400.00,6876000.00,6342000.00,376.62,,,
A,22/01/26,23:54:00,443230323937FF171E0D-5,19616400.00,6394200.00,6878400.00,6343800.00,376.62,,,
A,22/01/26,23:59:00,443230323937FF171E0D-5,19621800.00,6396000.00,6880200.00,6345600.00,376.62,,,
A,23/01/26,00:04:00,443230323937FF171E0D-5,19627200.00,6397800.00,6882000.00,6347400.00,376.62,,,
A,23/01/26,00:09:00,443230323937FF171E0D-5,19632600.00,6399600.00,6883800.00,6349200.00,376.62,,,
A,23/01/26,00:14:00,443230323937FF171E0D-5,19638600.00,6401400.00,6886200.00,6351000.00,376.62,,,
A,23/01/26,00:19:00,443230323937FF171E0D-5,19644000.00,6403200.00,6888000.00,6352800.00,376.62,,,
A,23/01/26,00:24:00,443230323937FF171E0D-5,19649400.00,6405000.00,6889800.00,6354600.00,376.62,,,
A,23/01/26,00:29:00,443230323937FF171E0D-5,19655400.00,6406800.00,6892200.00,6356400.00,376.62,,,
A,23/01/26,00:34:00,443230323937FF171E0D-5,19661400.00,6408600.00,6894000.00,6358800.00,376.62,,,
A,23/01/26,00:39:00,443230323937FF171E0D-5,19666800.00,6410400.00,6895800.00,6360600.00,376.62,,,
A,23/01/26,00:44:00,443230323937FF171E0D-5,19672200.00,6412200.00,6897600.00,6362400.00,376.62,,,
A,23/01/26,00:49:00,443230323937FF171E0D-5,19678200.00,6414000.00,6900000.00,6364200.00,376.62,,,
A,23/01/26,00:54:00,443230323937FF171E0D-5,19683600.00,6415800.00,6901800.00,6366000.00,376.62,,,
A,23/01/26,00:59:00,443230323937FF171E0D-5,19689000.00,6417600.00,6903600.00,6367800.00,376.62,,,
A,23/01/26,01:04:00,443230323937FF171E0D-5,19695000.00,6419400.00,6906000.00,6369600.00,376.62,,,
A,23/01/26,01:09:00,443230323937FF171E0D-5,19700400.00,6421200.00,6907800.00,6371400.00,376.62,,,
A,23/01/26,01:14:00,443230323937FF171E0D-5,19705800.00,6423000.00,6909600.00,6373200.00,376.62,,,
A,23/01/26,01:19:00,443230323937FF171E0D-5,19712400.00,6424800.00,6912000.00,6375600.00,376.62,,,
A,23/01/26,01:24:00,443230323937FF171E0D-5,19717800.00,6426600.00,6913800.00,6377400.00,376.62,,,
A,23/01/26,01:29:00,443230323937FF171E0D-5,19723200.00,6428400.00,6915600.00,6379200.00,376.62,,,
A,23/01/26,01:34:00,443230323937FF171E0D-5,19729200.00,6430200.00,6918000.00,6381000.00,376.62,,,
A,23/01/26,01:39:00,443230323937FF171E0D-5,19734600.00,6432000.00,6919800.00,6382800.00,376.62,,,
A,23/01/26,01:44:00,443230323937FF171E0D-5,19740000.00,6433800.00,6921600.00,6384600.00,376.62,,,
A,23/01/26,01:49:00,443230323937FF171E0D-5,19746600.00,6436200.00,6924000.00,6386400.00,376.62,,,
A,23/01/26,01:54:00,443230323937FF171E0D-5,19752600.00,6438000.00,6925800.00,6388800.00,376.62,,,
A,23/01/26,01:59:00,443230323937FF171E0D-5,19758000.00,6439800.00,6927600.00,6390600.00,376.62,,,
A,23/01/26,02:04:00,443230323937FF171E0D-5,19764000.00,6441600.00,6930000.00,6392400.00,376.62,,,
A,23/01/26,02:09:00,443230323937FF171E0D-5,19769400.00,6443400.00,6931800.00,6394200.00,376.62,,,
A,23/01/26,02:14:00,443230323937FF171E0D-5,19774800.00,6445200.00,6933600.00,6396000.00,376.62,,,
A,23/01/26,02:19:00,443230323937FF171E0D-5,19780800.00,6447000.00,6936000.00,6397800.00,376.62,,,
A,23/01/26,02:24:00,443230323937FF171E0D-5,19786200.00,6448800.00,6937800.00,6399600.00,376.62,,,
A,23/01/26,02:29:00,443230323937FF171E0D-5,19792200.00,6450600.00,6939600.00,6402000.00,376.62,,,
A,23/01/26,02:34:00,443230323937FF171E0D-5,19798200.00,6452400.00,6942000.00,6403800.00,376.62,,,
A,23/01/26,02:39:00,443230323937FF171E0D-5,19803600.00,6454200.00,6943800.00,6405600.00,376.62,,,
A,23/01/26,02:44:00,443230323937FF171E0D-5,19809000.00,6456000.00,6945600.00,6407400.00,376.62,,,
A,23/01/26,02:49:00,443230323937FF171E0D-5,19815000.00,6457800.00,6948000.00,6409200.00,376.62,,,
A,23/01/26,02:54:00,443230323937FF171E0D-5,19821000.00,6460200.00,6949800.00,6411000.00,376.62,,,
A,23/01/26,02:59:00,443230323937FF171E0D-5,19827000.00,6462000.00,6951600.00,6413400.00,376.62,,,
A,23/01/26,03:04:00,443230323937FF171E0D-5,19833000.00,6463800.00,6954000.00,6415200.00,376.62,,,
A,23/01/26,03:09:00,443230323937FF171E0D-5,19838400.00,6465600.00,6955800.00,6417000.00,376.62,,,
A,23/01/26,03:14:00,443230323937FF171E0D-5,19844400.00,6467400.00,6958200.00,6418800.00,376.62,,,
A,23/01/26,03:19:00,443230323937FF171E0D-5,19849800.00,6469200.00,6960000.00,6420600.00,376.62,,,
A,23/01/26,03:24:00,443230323937FF171E0D-5,19855200.00,6471000.00,6961800.00,6422400.00,376.62,,,
A,23/01/26,03:29:00,443230323937FF171E0D-5,19860600.00,6472800.00,6963600.00,6424200.00,376.62,,,
A,23/01/26,03:34:00,443230323937FF171E0D-5,19866600.00,6474600.00,6966000.00,6426000.00,376.62,,,
A,23/01/26,03:39:00,443230323937FF171E0D-5,19872000.00,6476400.00,6967800.00,6427800.00,376.62,,,
A,23/01/26,03:44:00,443230323937FF171E0D-5,19877400.00,6478200.00,6969600.00,6429600.00,376.62,,,
A,23/01/26,03:49:00,443230323937FF171E0D-5,19882200.00,6479400.00,6971400.00,6431400.00,376.62,,,
A,23/01/26,03:54:00,443230323937FF171E0D-5,19887000.00,6481200.00,6973200.00,6432600.00,376.62,,,
A,23/01/26,03:59:00,443230323937FF171E0D-5,19891200.00,6482400.00,6974400.00,6434400.00,376.62,,,
A,23/01/26,04:04:00,443230323937FF171E0D-5,19896600.00,6484200.00,6976200.00,6436200.00,376.62,,,
A,23/01/26,04:09:00,443230323937FF171E0D-5,19902000.00,6486000.00,6978000.00,6438000.00,376.62,,,
A,23/01/26,04:14:00,443230323937FF171E0D-5,19906200.00,6487200.00,6979800.00,6439200.00,376.62,,,
A,23/01/26,04:19:00,443230323937FF171E0D-5,19911600.00,6489000.00,6981600.00,6441000.00,376.62,,,
A,23/01/26,04:24:00,443230323937FF171E0D-5,19917000.00,6490800.00,6983400.00,6442800.00,376.62,,,
A,23/01/26,04:29:00,443230323937FF171E0D-5,19921200.00,6492000.00,6985200.00,6444000.00,376.62,,,
A,23/01/26,04:34:00,443230323937FF171E0D-5,19926600.00,6493800.00,6987000.00,6445800.00,376.62,,,
A,23/01/26,04:39:00,443230323937FF171E0D-5,19932000.00,6495600.00,6988800.00,6447600.00,376.62,,,
A,23/01/26,04:44:00,443230323937FF171E0D-5,19936800.00,6496800.00,6990600.00,6449400.00,376.62,,,
A,23/01/26,04:49:00,443230323937FF171E0D-5,19941600.00,6498600.00,6992400.00,6450600.00,376.62,,,
A,23/01/26,04:54:00,443230323937FF171E0D-5,19946400.00,6500400.00,6993600.00,6452400.00,376.62,,,
A,23/01/26,04:59:00,443230323937FF171E0D-5,19951200.00,6501600.00,6995400.00,6454200.00,376.62,,,
A,23/01/26,05:04:00,443230323937FF171E0D-5,19956000.00,6503400.00,6997200.00,6455400.00,376.62,,,
A,23/01/26,05:09:00,443230323937FF171E0D-5,19961400.00,6505200.00,6999000.00,6457200.00,376.62,,,
A,23/01/26,05:14:00,443230323937FF171E0D-5,19966200.00,6506400.00,7000800.00,6459000.00,376.62,,,
A,23/01/26,05:19:00,443230323937FF171E0D-5,19971600.00,6508200.00,7002600.00,6460800.00,376.62,,,
A,23/01/26,05:24:00,443230323937FF171E0D-5,19976400.00,6510000.00,7004400.00,6462000.00,376.62,,,
A,23/01/26,05:29:00,443230323937FF171E0D-5,19981200.00,6511200.00,7006200.00,6463800.00,376.62,,,
A,23/01/26,05:34:00,443230323937FF171E0D-5,19986600.00,6513000.00,7008000.00,6465600.00,376.62,,,
A,23/01/26,05:39:00,443230323937FF171E0D-5,19992000.00,6514800.00,7009800.00,6467400.00,376.62,,,
A,23/01/26,05:44:00,443230323937FF171E0D-5,19996800.00,6516600.00,7011600.00,6468600.00,376.62,,,
A,23/01/26,05:49:00,443230323937FF171E0D-5,20001600.00,6517800.00,7013400.00,6470400.00,376.62,,,
A,23/01/26,05:54:00,443230323937FF171E0D-5,20007000.00,6519600.00,7015200.00,6472200.00,376.62,,,
A,23/01/26,05:59:00,443230323937FF171E0D-5,20011800.00,6521400.00,7016400.00,6474000.00,376.62,,,
A,23/01/26,06:04:00,443230323937FF171E0D-5,20016000.00,6522600.00,7018200.00,6475200.00,376.62,,,
A,23/01/26,06:09:00,443230323937FF171E0D-5,20021400.00,6524400.00,7020000.00,6477000.00,376.62,,,
A,23/01/26,06:14:00,443230323937FF171E0D-5,20026800.00,6526200.00,7021800.00,6478800.00,376.62,,,
A,23/01/26,06:19:00,443230323937FF171E0D-5,20031600.00,6528000.00,7023600.00,6480000.00,376.62,,,
A,23/01/26,06:24:00,443230323937FF171E0D-5,20036400.00,6529200.00,7025400.00,6481800.00,376.62,,,
A,23/01/26,06:29:00,443230323937FF171E0D-5,20041800.00,6531000.00,7027200.00,6483600.00,376.62,,,
A,23/01/26,06:34:00,443230323937FF171E0D-5,20047200.00,6532800.00,7029000.00,6485400.00,376.62,,,
A,23/01/26,06:39:00,443230323937FF171E0D-5,20052000.00,6534600.00,7030800.00,6486600.00,376.62,,,
A,23/01/26,06:44:00,443230323937FF171E0D-5,20056800.00,6535800.00,7032600.00,6488400.00,376.62,,,
A,23/01/26,06:49:00,443230323937FF171E0D-5,20064000.00,6538200.00,7035000.00,6490800.00,376.62,,,
A,23/01/26,06:54:00,443230323937FF171E0D-5,20070600.00,6540600.00,7037400.00,6492600.00,376.62,,,
A,23/01/26,06:59:00,443230323937FF171E0D-5,20077800.00,6543000.00,7039800.00,6495000.00,376.62,,,
A,23/01/26,07:04:00,443230323937FF171E0D-5,20084400.00,6544800.00,7042200.00,6497400.00,376.62,,,
A,23/01/26,07:09:00,443230323937FF171E0D-5,20091000.00,6547200.00,7044600.00,6499200.00,376.62,,,
A,23/01/26,07:14:00,443230323937FF171E0D-5,20098200.00,6549600.00,7047000.00,6501600.00,376.62,,,
A,23/01/26,07:19:00,443230323937FF171E0D-5,20105400.00,6552000.00,7049400.00,6504000.00,376.62,,,
A,23/01/26,07:24:00,443230323937FF171E0D-5,20111400.00,6553800.00,7051800.00,6505800.00,376.62,,,
A,23/01/26,07:29:00,443230323937FF171E0D-5,20118600.00,6556200.00,7054200.00,6508200.00,376.62,,,
A,23/01/26,07:34:00,443230323937FF171E0D-5,20125800.00,6558600.00,7056600.00,6510600.00,376.62,,,
A,23/01/26,07:39:00,443230323937FF171E0D-5,20131800.00,6560400.00,7059000.00,6512400.00,376.62,,,
A,23/01/26,07:44:00,443230323937FF171E0D-5,20139000.00,6562800.00,7061400.00,6514800.00,376.62,,,
A,23/01/26,07:49:00,443230323937FF171E0D-5,20146200.00,6565200.00,7063800.00,6517200.00,376.62,,,
A,23/01/26,07:54:00,443230323937FF171E0D-5,20153400.00,6567600.00,7066200.00,6519600.00,376.62,,,
A,23/01/26,07:59:00,443230323937FF171E0D-5,20159400.00,6569400.00,7068600.00,6521400.00,376.62,,,
A,23/01/26,08:04:00,443230323937FF171E0D-5,20166600.00,6571800.00,7071000.00,6523800.00,376.62,,,
A,23/01/26,08:09:00,443230323937FF171E0D-5,20173800.00,6574200.00,7073400.00,6526200.00,376.62,,,
A,23/01/26,08:14:00,443230323937FF171E0D-5,20180400.00,6576600.00,7075800.00,6528000.00,376.62,,,
A,23/01/26,08:19:00,443230323937FF171E0D-5,20187000.00,6578400.00,7078200.00,6530400.00,376.62,,,
A,23/01/26,08:24:00,443230323937FF171E0D-5,20194200.00,6580800.00,7080600.00,6532800.00,376.62,,,
A,23/01/26,08:29:00,443230323937FF171E0D-5,20201400.00,6583200.00,7083000.00,6535200.00,376.62,,,
A,23/01/26,08:34:00,443230323937FF171E0D-5,20207400.00,6585000.00,7085400.00,6537000.00,376.62,,,
A,23/01/26,08:39:00,443230323937FF171E0D-5,20214600.00,6587400.00,7087800.00,6539400.00,376.62,,,
A,23/01/26,08:44:00,443230323937FF171E0D-5,20221800.00,6589800.00,7090200.00,6541800.00,376.62,,,
A,23/01/26,08:49:00,443230323937FF171E0D-5,20228400.00,6592200.00,7092600.00,6543600.00,376.62,,,
A,23/01/26,08:54:00,443230323937FF171E0D-5,20234400.00,6594000.00,7094400.00,6546000.00,376.62,,,
A,23/01/26,08:59:00,443230323937FF171E0D-5,20241600.00,6596400.00,7096800.00,6548400.00,376.62,,,
A,23/01/26,09:04:00,443230323937FF171E0D-5,20248800.00,6598800.00,7099200.00,6550800.00,376.62,,,
A,23/01/26,09:09:00,443230323937FF171E0D-5,20254800.00,6600600.00,7101600.00,6552600.00,376.62,,,
A,23/01/26,09:14:00,443230323937FF171E0D-5,20262000.00,6603000.00,7104000.00,6555000.00,376.62,,,
A,23/01/26,09:19:00,443230323937FF171E0D-5,20269200.00,6605400.00,7106400.00,6557400.00,376.62,,,
A,23/01/26,09:24:00,443230323937FF171E0D-5,20275800.00,6607800.00,7108800.00,6559200.00,376.62,,,
A,23/01/26,09:29:00,443230323937FF171E0D-5,20282400.00,6609600.00,7111200.00,6561600.00,376.62,,,
A,23/01/26,09:34:00,443230323937FF171E0D-5,20289600.00,6612000.00,7113600.00,6564000.00,376.62,,,
A,23/01/26,09:39:00,443230323937FF171E0D-5,20296800.00,6614400.00,7116000.00,6566400.00,376.62,,,
A,23/01/26,09:44:00,443230323937FF171E0D-5,20302800.00,6616200.00,7118400.00,6568200.00,376.62,,,
A,23/01/26,09:49:00,443230323937FF171E0D-5,20310000.00,6618600.00,7120800.00,6570600.00,376.62,,,
A,23/01/26,09:54:00,443230323937FF171E0D-5,20317200.00,6621000.00,7123200.00,6573000.00,376.62,,,
A,23/01/26,09:59:00,443230323937FF171E0D-5,20324400.00,6623400.00,7125600.00,6575400.00,376.62,,,
A,23/01/26,10:04:00,443230323937FF171E0D-5,20330400.00,6625200.00,7128000.00,6577200.00,376.62,,,
A,23/01/26,10:09:00,443230323937FF171E0D-5,20337600.00,6627600.00,7130400.00,6579600.00,376.62,,,
A,23/01/26,10:14:00,443230323937FF171E0D-5,20344800.00,6630000.00,7132800.00,6582000.00,376.62,,,
A,23/01/26,10:19:00,443230323937FF171E0D-5,20350800.00,6631800.00,7135200.00,6583800.00,376.62,,,
A,23/01/26,10:24:00,443230323937FF171E0D-5,20358000.00,6634200.00,7137600.00,6586200.00,376.62,,,
A,23/01/26,10:29:00,443230323937FF171E0D-5,20365200.00,6636600.00,7140000.00,6588600.00,376.62,,,
A,23/01/26,10:34:00,443230323937FF171E0D-5,20372400.00,6639000.00,7142400.00,6591000.00,376.62,,,
A,23/01/26,10:39:00,443230323937FF171E0D-5,20378400.00,6640800.00,7144800.00,6592800.00,376.62,,,
A,23/01/26,10:44:00,443230323937FF171E0D-5,20385600.00,6643200.00,7147200.00,6595200.00,376.62,,,
A,23/01/26,10:49:00,443230323937FF171E0D-5,20392800.00,6645600.00,7149600.00,6597600.00,376.62,,,
A,23/01/26,10:54:00,443230323937FF171E0D-5,20398800.00,6647400.00,7152000.00,6599400.00,376.62,,,
A,23/01/26,10:59:00,443230323937FF171E0D-5,20406000.00,6649800.00,7154400.00,6601800.00,376.62,,,
A,23/01/26,11:04:00,443230323937FF171E0D-5,20413200.00,6652200.00,7156800.00,6604200.00,376.62,,,
A,23/01/26,11:09:00,443230323937FF171E0D-5,20419800.00,6654600.00,7158600.00,6606600.00,376.62,,,
A,23/01/26,11:14:00,443230323937FF171E0D-5,20425800.00,6656400.00,7161000.00,6608400.00,376.62,,,
A,23/01/26,11:19:00,443230323937FF171E0D-5,20433000.00,6658800.00,7163400.00,6610800.00,376.62,,,
A,23/01/26,11:24:00,443230323937FF171E0D-5,20440200.00,6661200.00,7165800.00,6613200.00,376.62,,,
A,23/01/26,11:29:00,443230323937FF171E0D-5,20446800.00,6663600.00,7168200.00,6615000.00,376.62,,,
A,23/01/26,11:34:00,443230323937FF171E0D-5,20453400.00,6665400.00,7170600.00,6617400.00,376.62,,,
A,23/01/26,11:39:00,443230323937FF171E0D-5,20460600.00,6667800.00,7173000.00,6619800.00,376.62,,,
A,23/01/26,11:44:00,443230323937FF171E0D-5,20467800.00,6670200.00,7175400.00,6622200.00,376.62,,,
A,23/01/26,11:49:00,443230323937FF171E0D-5,20473800.00,6672000.00,7177800.00,6624000.00,376.62,,,
A,23/01/26,11:54:00,443230323937FF171E0D-5,20481000.00,6674400.00,7180200.00,6626400.00,376.62,,,
A,23/01/26,11:59:00,443230323937FF171E0D-5,20488200.00,6676800.00,7182600.00,6628800.00,376.62,,,
A,23/01/26,12:04:00,443230323937FF171E0D-5,20494800.00,6679200.00,7185000.00,6630600.00,376.62,,,
A,23/01/26,12:09:00,443230323937FF171E0D-5,20501400.00,6681000.00,7187400.00,6633000.00,376.62,,,
A,23/01/26,12:14:00,443230323937FF171E0D-5,20508600.00,6683400.00,7189800.00,6635400.00,376.62,,,
A,23/01/26,12:19:00,443230323937FF171E0D-5,20515800.00,6685800.00,7192200.00,6637800.00,376.62,,,
A,23/01/26,12:24:00,443230323937FF171E0D-5,20521800.00,6687600.00,7194600.00,6639600.00,376.62,,,
A,23/01/26,12:29:00,443230323937FF171E0D-5,20529000.00,6690000.00,7197000.00,6642000.00,376.62,,,
A,23/01/26,12:34:00,443230323937FF171E0D-5,20536200.00,6692400.00,7199400.00,6644400.00,376.62,,,
A,23/01/26,12:39:00,443230323937FF171E0D-5,20543400.00,6694800.00,7201800.00,6646800.00,376.62,,,
A,23/01/26,12:44:00,443230323937FF171E0D-5,20549400.00,6696600.00,7204200.00,6648600.00,376.62,,,
A,23/01/26,12:49:00,443230323937FF171E0D-5,20556600.00,6699000.00,7206600.00,6651000.00,376.62,,,
A,23/01/26,12:54:00,443230323937FF171E0D-5,20563800.00,6701400.00,7209000.00,6653400.00,376.62,,,
A,23/01/26,12:59:00,443230323937FF171E0D-5,20569800.00,6703200.00,7211400.00,6655200.00,376.62,,,
A,23/01/26,13:04:00,443230323937FF171E0D-5,20577000.00,6705600.00,7213800.00,6657600.00,376.62,,,
A,23/01/26,13:09:00,443230323937FF171E0D-5,20584200.00,6708000.00,7216200.00,6660000.00,376.62,,,
A,23/01/26,13:14:00,443230323937FF171E0D-5,20591400.00,6710400.00,7218600.00,6662400.00,376.62,,,
A,23/01/26,13:19:00,443230323937FF171E0D-5,20596800.00,6712200.00,7220400.00,6664200.00,376.62,,,
A,23/01/26,13:24:00,443230323937FF171E0D-5,20604000.00,6714600.00,7222800.00,6666600.00,376.62,,,
A,23/01/26,13:29:00,443230323937FF171E0D-5,20611200.00,6717000.00,7225200.00,6669000.00,376.62,,,
A,23/01/26,13:34:00,443230323937FF171E0D-5,20617800.00,6718800.00,7227600.00,6671400.00,376.62,,,
A,23/01/26,13:39:00,443230323937FF171E0D-5,20624400.00,6721200.00,7230000.00,6673200.00,376.62,,,
A,23/01/26,13:44:00,443230323937FF171E0D-5,20631600.00,6723600.00,7232400.00,6675600.00,376.62,,,
A,23/01/26,13:49:00,443230323937FF171E0D-5,20638800.00,6726000.00,7234800.00,6678000.00,376.62,,,
A,23/01/26,13:54:00,443230323937FF171E0D-5,20644800.00,6727800.00,7237200.00,6679800.00,376.62,,,
A,23/01/26,13:59:00,443230323937FF171E0D-5,20652000.00,6730200.00,7239600.00,6682200.00,376.62,,,
A,23/01/26,14:04:00,443230323937FF171E0D-5,20659200.00,6732600.00,7242000.00,6684600.00,376.62,,,
A,23/01/26,14:09:00,443230323937FF171E0D-5,20665800.00,6734400.00,7244400.00,6687000.00,376.62,,,
A,23/01/26,14:14:00,443230323937FF171E0D-5,20672400.00,6736800.00,7246800.00,6688800.00,376.62,,,
A,23/01/26,14:19:00,443230323937FF171E0D-5,20679600.00,6739200.00,7249200.00,6691200.00,376.62,,,
A,23/01/26,14:24:00,443230323937FF171E0D-5,20686800.00,6741600.00,7251600.00,6693600.00,376.62,,,
A,23/01/26,14:29:00,443230323937FF171E0D-5,20692800.00,6743400.00,7254000.00,6695400.00,376.62,,,
A,23/01/26,14:34:00,443230323937FF171E0D-5,20700000.00,6745800.00,7256400.00,6697800.00,376.62,,,
A,23/01/26,14:39:00,443230323937FF171E0D-5,20707200.00,6748200.00,7258800.00,6700200.00,376.62,,,
A,23/01/26,14:44:00,443230323937FF171E0D-5,20714400.00,6750600.00,7261200.00,6702600.00,376.62,,,
A,23/01/26,14:49:00,443230323937FF171E0D-5,20720400.00,6752400.00,7263600.00,6704400.00,376.62,,,
A,23/01/26,14:54:00,443230323937FF171E0D-5,20727600.00,6754800.00,7266000.00,6706800.00,376.62,,,
A,23/01/26,14:59:00,443230323937FF171E0D-5,20734800.00,6757200.00,7268400.00,6709200.00,376.62,,,
A,23/01/26,15:04:00,443230323937FF171E0D-5,20740800.00,6759000.00,7270800.00,6711000.00,376.62,,,
A,23/01/26,15:09:00,443230323937FF171E0D-5,20748000.00,6761400.00,7273200.00,6713400.00,376.62,,,
A,23/01/26,15:14:00,443230323937FF171E0D-5,20754600.00,6763800.00,7275000.00,6715800.00,376.62,,,
A,23/01/26,15:19:00,443230323937FF171E0D-5,20761200.00,6766200.00,7277400.00,6717600.00,376.62,,,
A,23/01/26,15:24:00,443230323937FF171E0D-5,20767800.00,6768000.00,7279800.00,6720000.00,376.62,,,
A,23/01/26,15:29:00,443230323937FF171E0D-5,20775000.00,6770400.00,7282200.00,6722400.00,376.62,,,
A,23/01/26,15:34:00,443230323937FF171E0D-5,20782200.00,6772800.00,7284600.00,6724800.00,376.62,,,
A,23/01/26,15:39:00,443230323937FF171E0D-5,20788800.00,6775200.00,7287000.00,6726600.00,376.62,,,
A,23/01/26,15:44:00,443230323937FF171E0D-5,20795400.00,6777000.00,7289400.00,6729000.00,376.62,,,
A,23/01/26,15:49:00,443230323937FF171E0D-5,20802600.00,6779400.00,7291800.00,6731400.00,376.62,,,
A,23/01/26,15:54:00,443230323937FF171E0D-5,20809200.00,6781800.00,7294200.00,6733200.00,376.62,,,
A,23/01/26,15:59:00,443230323937FF171E0D-5,20816400.00,6784200.00,7296600.00,6735600.00,376.62,,,
A,23/01/26,16:04:00,443230323937FF171E0D-5,20823000.00,6786000.00,7299000.00,6738000.00,376.62,,,
A,23/01/26,16:09:00,443230323937FF171E0D-5,20829600.00,6788400.00,7301400.00,6739800.00,376.62,,,
A,23/01/26,16:14:00,443230323937FF171E0D-5,20836800.00,6790800.00,7303800.00,6742200.00,376.62,,,
A,23/01/26,16:19:00,443230323937FF171E0D-5,20844000.00,6793200.00,7306200.00,6744600.00,376.62,,,
A,23/01/26,16:24:00,443230323937FF171E0D-5,20850600.00,6795000.00,7308600.00,6747000.00,376.62,,,
A,23/01/26,16:29:00,443230323937FF171E0D-5,20857200.00,6797400.00,7311000.00,6748800.00,376.62,,,
A,23/01/26,16:34:00,443230323937FF171E0D-5,20864400.00,6799800.00,7313400.00,6751200.00,376.62,,,
A,23/01/26,16:39:00,443230323937FF171E0D-5,20871000.00,6801600.00,7315800.00,6753600.00,376.62,,,
A,23/01/26,16:44:00,443230323937FF171E0D-5,20877600.00,6804000.00,7318200.00,6755400.00,376.62,,,
A,23/01/26,16:49:00,443230323937FF171E0D-5,20884800.00,6806400.00,7320600.00,6757800.00,376.62,,,
A,23/01/26,16:54:00,443230323937FF171E0D-5,20892000.00,6808800.00,7323000.00,6760200.00,376.62,,,
A,23/01/26,16:59:00,443230323937FF171E0D-5,20898000.00,6810600.00,7325400.00,6762000.00,376.62,,,
A,23/01/26,17:04:00,443230323937FF171E0D-5,20905200.00,6813000.00,7327800.00,6764400.00,376.62,,,
A,23/01/26,17:09:00,443230323937FF171E0D-5,20912400.00,6815400.00,7330200.00,6766800.00,376.62,,,
A,23/01/26,17:14:00,443230323937FF171E0D-5,20919600.00,6817800.00,7332600.00,6769200.00,376.62,,,
A,23/01/26,17:19:00,443230323937FF171E0D-5,20925600.00,6819600.00,7335000.00,6771000.00,376.62,,,
A,23/01/26,17:24:00,443230323937FF171E0D-5,20932800.00,6822000.00,7337400.00,6773400.00,376.62,,,
A,23/01/26,17:29:00,443230323937FF171E0D-5,20940000.00,6824400.00,7339800.00,6775800.00,376.62,,,
A,23/01/26,17:34:00,443230323937FF171E0D-5,20946000.00,6826800.00,7341600.00,6777600.00,376.62,,,
A,23/01/26,17:39:00,443230323937FF171E0D-5,20952600.00,6828600.00,7344000.00,6780000.00,376.62,,,
A,23/01/26,17:44:00,443230323937FF171E0D-5,20959800.00,6831000.00,7346400.00,6782400.00,376.62,,,
A,23/01/26,17:49:00,443230323937FF171E0D-5,20966400.00,6833400.00,7348800.00,6784200.00,376.62,,,
A,23/01/26,17:54:00,443230323937FF171E0D-5,20973000.00,6835200.00,7351200.00,6786600.00,376.62,,,
A,23/01/26,17:59:00,443230323937FF171E0D-5,20980200.00,6837600.00,7353600.00,6789000.00,376.62,,,
A,23/01/26,18:04:00,443230323937FF171E0D-5,20987400.00,6840000.00,7356000.00,6791400.00,376.62,,,
A,23/01/26,18:09:00,443230323937FF171E0D-5,20994000.00,6842400.00,7358400.00,6793200.00,376.62,,,
A,23/01/26,18:14:00,443230323937FF171E0D-5,21000600.00,6844200.00,7360800.00,6795600.00,376.62,,,
A,23/01/26,18:19:00,443230323937FF171E0D-5,21007800.00,6846600.00,7363200.00,6798000.00,376.62,,,
A,23/01/26,18:24:00,443230323937FF171E0D-5,21015000.00,6849000.00,7365600.00,6800400.00,376.62,,,
A,23/01/26,18:29:00,443230323937FF171E0D-5,21021000.00,6850800.00,7368000.00,6802200.00,376.62,,,
A,23/01/26,18:34:00,443230323937FF171E0D-5,21028200.00,6853200.00,7370400.00,6804600.00,376.62,,,
A,23/01/26,18:39:00,443230323937FF171E0D-5,21035400.00,6855600.00,7372800.00,6807000.00,376.62,,,
A,23/01/26,18:44:00,443230323937FF171E0D-5,21042000.00,6858000.00,7375200.00,6808800.00,376.62,,,
A,23/01/26,18:49:00,443230323937FF171E0D-5,21048600.00,6859800.00,7377600.00,6811200.00,376.62,,,
A,23/01/26,18:54:00,443230323937FF171E0D-5,21055800.00,6862200.00,7380000.00,6813600.00,376.62,,,
A,23/01/26,18:59:00,443230323937FF171E0D-5,21063000.00,6864600.00,7382400.00,6816000.00,376.62,,,
A,23/01/26,19:04:00,443230323937FF171E0D-5,21069000.00,6866400.00,7384800.00,6817800.00,376.62,,,
A,23/01/26,19:09:00,443230323937FF171E0D-5,21076200.00,6868800.00,7387200.00,6820200.00,376.62,,,
A,23/01/26,19:14:00,443230323937FF171E0D-5,21083400.00,6871200.00,7389600.00,6822600.00,376.62,,,
A,23/01/26,19:19:00,443230323937FF171E0D-5,21090000.00,6873600.00,7392000.00,6824400.00,376.62,,,
A,23/01/26,19:24:00,443230323937FF171E0D-5,21096600.00,6875400.00,7394400.00,6826800.00,376.62,,,
A,23/01/26,19:29:00,443230323937FF171E0D-5,21103800.00,6877800.00,7396800.00,6829200.00,376.62,,,
A,23/01/26,19:34:00,443230323937FF171E0D-5,21111000.00,6880200.00,7399200.00,6831600.00,376.62,,,
A,23/01/26,19:39:00,443230323937FF171E0D-5,21117000.00,6882000.00,7401600.00,6833400.00,376.62,,,
A,23/01/26,19:44:00,443230323937FF171E0D-5,21124200.00,6884400.00,7404000.00,6835800.00,376.62,,,
A,23/01/26,19:49:00,443230323937FF171E0D-5,21130800.00,6886800.00,7405800.00,6838200.00,376.62,,,
A,23/01/26,19:54:00,443230323937FF171E0D-5,21138000.00,6889200.00,7408200.00,6840600.00,376.62,,,
A,23/01/26,19:59:00,443230323937FF171E0D-5,21144000.00,6891000.00,7410600.00,6842400.00,376.62,,,
A,23/01/26,20:04:00,443230323937FF171E0D-5,21151200.00,6893400.00,7413000.00,6844800.00,376.62,,,
A,23/01/26,20:09:00,443230323937FF171E0D-5,21158400.00,6895800.00,7415400.00,6847200.00,376.62,,,
A,23/01/26,20:14:00,443230323937FF171E0D-5,21165000.00,6897600.00,7417800.00,6849600.00,376.62,,,
A,23/01/26,20:19:00,443230323937FF171E0D-5,21171600.00,6900000.00,7420200.00,6851400.00,376.62,,,
A,23/01/26,20:24:00,443230323937FF171E0D-5,21178800.00,6902400.00,7422600.00,6853800.00,376.62,,,
A,23/01/26,20:29:00,443230323937FF171E0D-5,21186000.00,6904800.00,7425000.00,6856200.00,376.62,,,
A,23/01/26,20:34:00,443230323937FF171E0D-5,21192000.00,6906600.00,7427400.00,6858000.00,376.62,,,
A,23/01/26,20:39:00,443230323937FF171E0D-5,21199200.00,6909000.00,7429800.00,6860400.00,376.62,,,
A,23/01/26,20:44:00,443230323937FF171E0D-5,21206400.00,6911400.00,7432200.00,6862800.00,376.62,,,
A,23/01/26,20:49:00,443230323937FF171E0D-5,21213000.00,6913200.00,7434600.00,6865200.00,376.62,,,
A,23/01/26,20:54:00,443230323937FF171E0D-5,21219600.00,6915600.00,7437000.00,6867000.00,376.62,,,
A,23/01/26,20:59:00,443230323937FF171E0D-5,21226800.00,6918000.00,7439400.00,6869400.00,376.62,,,
A,23/01/26,21:04:00,443230323937FF171E0D-5,21234000.00,6920400.00,7441800.00,6871800.00,376.62,,,
A,23/01/26,21:09:00,443230323937FF171E0D-5,21240600.00,6922200.00,7444200.00,6874200.00,376.62,,,
A,23/01/26,21:14:00,443230323937FF171E0D-5,21247200.00,6924600.00,7446600.00,6876000.00,376.62,,,
A,23/01/26,21:19:00,443230323937FF171E0D-5,21254400.00,6927000.00,7449000.00,6878400.00,376.62,,,
A,23/01/26,21:24:00,443230323937FF171E0D-5,21261000.00,6928800.00,7451400.00,6880800.00,376.62,,,
A,23/01/26,21:29:00,443230323937FF171E0D-5,21268200.00,6931200.00,7453800.00,6883200.00,376.62,,,
A,23/01/26,21:34:00,443230323937FF171E0D-5,21274800.00,6933600.00,7456200.00,6885000.00,376.62,,,
A,23/01/26,21:39:00,443230323937FF171E0D-5,21281400.00,6936000.00,7458000.00,6887400.00,376.62,,,
A,23/01/26,21:44:00,443230323937FF171E0D-5,21288000.00,6937800.00,7460400.00,6889800.00,376.62,,,
A,23/01/26,21:49:00,443230323937FF171E0D-5,21295200.00,6940200.00,7462800.00,6892200.00,376.62,,,
A,23/01/26,21:54:00,443230323937FF171E0D-5,21301800.00,6942600.00,7465200.00,6894000.00,376.62,,,
A,23/01/26,21:59:00,443230323937FF171E0D-5,21308400.00,6944400.00,7467600.00,6896400.00,376.62,,,
A,23/01/26,22:04:00,443230323937FF171E0D-5,21315600.00,6946800.00,7470000.00,6898800.00,376.62,,,
A,23/01/26,22:09:00,443230323937FF171E0D-5,21322800.00,6949200.00,7472400.00,6901200.00,376.62,,,
A,23/01/26,22:14:00,443230323937FF171E0D-5,21328800.00,6951000.00,7474800.00,6903000.00,376.62,,,
A,23/01/26,22:19:00,443230323937FF171E0D-5,21336000.00,6953400.00,7477200.00,6905400.00,376.62,,,
A,23/01/26,22:24:00,443230323937FF171E0D-5,21343200.00,6955800.00,7479600.00,6907800.00,376.62,,,
A,23/01/26,22:29:00,443230323937FF171E0D-5,21349800.00,6957600.00,7482000.00,6910200.00,376.62,,,
A,23/01/26,22:34:00,443230323937FF171E0D-5,21356400.00,6960000.00,7484400.00,6912000.00,376.62,,,
A,23/01/26,22:39:00,443230323937FF171E0D-5,21363600.00,6962400.00,7486800.00,6914400.00,376.62,,,
A,23/01/26,22:44:00,443230323937FF171E0D-5,21370200.00,6964200.00,7489200.00,6916800.00,376.62,,,
A,23/01/26,22:49:00,443230323937FF171E0D-5,21377400.00,6966600.00,7491600.00,6919200.00,376.62,,,
A,23/01/26,22:54:00,443230323937FF171E0D-5,21384000.00,6969000.00,7494000.00,6921000.00,376.62,,,
A,23/01/26,22:59:00,443230323937FF171E0D-5,21391200.00,6971400.00,7496400.00,6923400.00,376.62,,,
A,23/01/26,23:04:00,443230323937FF171E0D-5,21397800.00,6973200.00,7498800.00,6925800.00,376.62,,,
A,23/01/26,23:09:00,443230323937FF171E0D-5,21405000.00,6975600.00,7501200.00,6928200.00,376.62,,,
A,23/01/26,23:14:00,443230323937FF171E0D-5,21412200.00,6978000.00,7503600.00,6930600.00,376.62,,,
A,23/01/26,23:19:00,443230323937FF171E0D-5,21418200.00,6979800.00,7506000.00,6932400.00,376.62,,,
A,23/01/26,23:24:00,443230323937FF171E0D-5,21425400.00,6982200.00,7508400.00,6934800.00,376.62,,,
A,23/01/26,23:29:00,443230323937FF171E0D-5,21431400.00,6984000.00,7510200.00,6937200.00,376.62,,,
A,23/01/26,23:34:00,443230323937FF171E0D-5,21438000.00,6986400.00,7512600.00,6939000.00,376.62,,,
A,23/01/26,23:39:00,443230323937FF171E0D-5,21444600.00,6988200.00,7515000.00,6941400.00,376.62,,,
A,23/01/26,23:44:00,443230323937FF171E0D-5,21451200.00,6990600.00,7517400.00,6943200.00,376.62,,,
A,23/01/26,23:49:00,443230323937FF171E0D-5,21457200.00,6992400.00,7519200.00,6945600.00,376.62,,,
A,23/01/26,23:54:00,443230323937FF171E0D-5,21463800.00,6994800.00,7521600.00,6947400.00,376.62,,,
A,23/01/26,23:59:00,443230323937FF171E0D-5,21470400.00,6996600.00,7524000.00,6949800.00,376.62,,,
A,24/01/26,00:04:00,443230323937FF171E0D-5,21475800.00,6998400.00,7525800.00,6951600.00,376.62,,,
A,24/01/26,00:09:00,443230323937FF171E0D-5,21483000.00,7000800.00,7528200.00,6954000.00,376.62,,,
A,24/01/26,00:14:00,443230323937FF171E0D-5,21489600.00,7002600.00,7530600.00,6956400.00,376.62,,,
A,24/01/26,00:19:00,443230323937FF171E0D-5,21496200.00,7005000.00,7533000.00,6958200.00,376.62,,,
A,24/01/26,00:24:00,443230323937FF171E0D-5,21502200.00,7006800.00,7534800.00,6960600.00,376.62,,,
A,24/01/26,00:29:00,443230323937FF171E0D-5,21508800.00,7009200.00,7537200.00,6962400.00,376.62,,,
A,24/01/26,00:34:00,443230323937FF171E0D-5,21515400.00,7011000.00,7539600.00,6964800.00,376.62,,,
A,24/01/26,00:39:00,443230323937FF171E0D-5,21521400.00,7012800.00,7542000.00,6966600.00,376.62,,,
A,24/01/26,00:44:00,443230323937FF171E0D-5,21528000.00,7015200.00,7543800.00,6969000.00,376.62,,,
A,24/01/26,00:49:00,443230323937FF171E0D-5,21534000.00,7017000.00,7546200.00,6970800.00,376.62,,,
A,24/01/26,00:54:00,443230323937FF171E0D-5,21541200.00,7019400.00,7548600.00,6973200.00,376.62,,,
A,24/01/26,00:59:00,443230323937FF171E0D-5,21546600.00,7021200.00,7550400.00,6975000.00,376.62,,,
A,24/01/26,01:04:00,443230323937FF171E0D-5,21553200.00,7023000.00,7552800.00,6977400.00,376.62,,,
A,24/01/26,01:09:00,443230323937FF171E0D-5,21559800.00,7025400.00,7555200.00,6979200.00,376.62,,,
A,24/01/26,01:14:00,443230323937FF171E0D-5,21566400.00,7027200.00,7557600.00,6981600.00,376.62,,,
A,24/01/26,01:19:00,443230323937FF171E0D-5,21573000.00,7029600.00,7559400.00,6984000.00,376.62,,,
A,24/01/26,01:24:00,443230323937FF171E0D-5,21579000.00,7031400.00,7561800.00,6985800.00,376.62,,,
A,24/01/26,01:29:00,443230323937FF171E0D-5,21586200.00,7033800.00,7564200.00,6988200.00,376.62,,,
A,24/01/26,01:34:00,443230323937FF171E0D-5,21591600.00,7035600.00,7566000.00,6990000.00,376.62,,,
A,24/01/26,01:39:00,443230323937FF171E0D-5,21598200.00,7037400.00,7568400.00,6992400.00,376.62,,,
A,24/01/26,01:44:00,443230323937FF171E0D-5,21604800.00,7039800.00,7570800.00,6994200.00,376.62,,,
A,24/01/26,01:49:00,443230323937FF171E0D-5,21611400.00,7041600.00,7573200.00,6996600.00,376.62,,,
A,24/01/26,01:54:00,443230323937FF171E0D-5,21617400.00,7044000.00,7575000.00,6998400.00,376.62,,,
A,24/01/26,01:59:00,443230323937FF171E0D-5,21624000.00,7045800.00,7577400.00,7000800.00,376.62,,,
A,24/01/26,02:04:00,443230323937FF171E0D-5,21630600.00,7048200.00,7579800.00,7002600.00,376.62,,,
A,24/01/26,02:09:00,443230323937FF171E0D-5,21637200.00,7050000.00,7582200.00,7005000.00,376.62,,,
A,24/01/26,02:14:00,443230323937FF171E0D-5,21642600.00,7051800.00,7584000.00,7006800.00,376.62,,,
A,24/01/26,02:19:00,443230323937FF171E0D-5,21649800.00,7054200.00,7586400.00,7009200.00,376.62,,,
A,24/01/26,02:24:00,443230323937FF171E0D-5,21656400.00,7056000.00,7588800.00,7011600.00,376.62,,,
A,24/01/26,02:29:00,443230323937FF171E0D-5,21663000.00,7058400.00,7591200.00,7013400.00,376.62,,,
A,24/01/26,02:34:00,443230323937FF171E0D-5,21669000.00,7060200.00,7593000.00,7015800.00,376.62,,,
A,24/01/26,02:39:00,443230323937FF171E0D-5,21675600.00,7062600.00,7595400.00,7017600.00,376.62,,,
A,24/01/26,02:44:00,443230323937FF171E0D-5,21682200.00,7064400.00,7597800.00,7020000.00,376.62,,,
A,24/01/26,02:49:00,443230323937FF171E0D-5,21687600.00,7066200.00,7599600.00,7021800.00,376.62,,,
A,24/01/26,02:54:00,443230323937FF171E0D-5,21694800.00,7068600.00,7602000.00,7024200.00,376.62,,,
A,24/01/26,02:59:00,443230323937FF171E0D-5,21700800.00,7070400.00,7604400.00,7026000.00,376.62,,,
A,24/01/26,03:04:00,443230323937FF171E0D-5,21708000.00,7072800.00,7606800.00,7028400.00,376.62,,,
A,24/01/26,03:09:00,443230323937FF171E0D-5,21713400.00,7074600.00,7608600.00,7030200.00,376.62,,,
A,24/01/26,03:14:00,443230323937FF171E0D-5,21720600.00,7077000.00,7611000.00,7032600.00,376.62,,,
A,24/01/26,03:19:00,443230323937FF171E0D-5,21727200.00,7078800.00,7613400.00,7035000.00,376.62,,,
A,24/01/26,03:24:00,443230323937FF171E0D-5,21733800.00,7081200.00,7615800.00,7036800.00,376.62,,,
A,24/01/26,03:29:00,443230323937FF171E0D-5,21739800.00,7083000.00,7617600.00,7039200.00,376.62,,,
A,24/01/26,03:34:00,443230323937FF171E0D-5,21745800.00,7084800.00,7620000.00,7041000.00,376.62,,,
A,24/01/26,03:39:00,443230323937FF171E0D-5,21753000.00,7087200.00,7622400.00,7043400.00,376.62,,,
A,24/01/26,03:44:00,443230323937FF171E0D-5,21759000.00,7089000.00,7624800.00,7045200.00,376.62,,,
A,24/01/26,03:49:00,443230323937FF171E0D-5,21765600.00,7091400.00,7626600.00,7047600.00,376.62,,,
A,24/01/26,03:54:00,443230323937FF171E0D-5,21771600.00,7093200.00,7629000.00,7049400.00,376.62,,,
A,24/01/26,03:59:00,443230323937FF171E0D-5,21778800.00,7095600.00,7631400.00,7051800.00,376.62,,,
A,24/01/26,04:04:00,443230323937FF171E0D-5,21784800.00,7097400.00,7633200.00,7054200.00,376.62,,,
A,24/01/26,04:09:00,443230323937FF171E0D-5,21791400.00,7099800.00,7635600.00,7056000.00,376.62,,,
A,24/01/26,04:14:00,443230323937FF171E0D-5,21798000.00,7101600.00,7638000.00,7058400.00,376.62,,,
A,24/01/26,04:19:00,443230323937FF171E0D-5,21804000.00,7103400.00,7640400.00,7060200.00,376.62,,,
A,24/01/26,04:24:00,443230323937FF171E0D-5,21810600.00,7105800.00,7642200.00,7062600.00,376.62,,,
A,24/01/26,04:29:00,443230323937FF171E0D-5,21816600.00,7107600.00,7644600.00,7064400.00,376.62,,,
A,24/01/26,04:34:00,443230323937FF171E0D-5,21823800.00,7110000.00,7647000.00,7066800.00,376.62,,,
A,24/01/26,04:39:00,443230323937FF171E0D-5,21829800.00,7111800.00,7649400.00,7068600.00,376.62,,,
A,24/01/26,04:44:00,443230323937FF171E0D-5,21836400.00,7114200.00,7651200.00,7071000.00,376.62,,,
A,24/01/26,04:49:00,443230323937FF171E0D-5,21842400.00,7116000.00,7653600.00,7072800.00,376.62,,,
A,24/01/26,04:54:00,443230323937FF171E0D-5,21849600.00,7118400.00,7656000.00,7075200.00,376.62,,,
A,24/01/26,04:59:00,443230323937FF171E0D-5,21856200.00,7120200.00,7658400.00,7077600.00,376.62,,,
A,24/01/26,05:04:00,443230323937FF171E0D-5,21861600.00,7122000.00,7660200.00,7079400.00,376.62,,,
A,24/01/26,05:09:00,443230323937FF171E0D-5,21868800.00,7124400.00,7662600.00,7081800.00,376.62,,,
A,24/01/26,05:14:00,443230323937FF171E0D-5,21874800.00,7126200.00,7665000.00,7083600.00,376.62,,,
A,24/01/26,05:19:00,443230323937FF171E0D-5,21882000.00,7128600.00,7667400.00,7086000.00,376.62,,,
A,24/01/26,05:24:00,443230323937FF171E0D-5,21887400.00,7130400.00,7669200.00,7087800.00,376.62,,,
A,24/01/26,05:29:00,443230323937FF171E0D-5,21894600.00,7132800.00,7671600.00,7090200.00,376.62,,,
A,24/01/26,05:34:00,443230323937FF171E0D-5,21900600.00,7134600.00,7674000.00,7092000.00,376.62,,,
A,24/01/26,05:39:00,443230323937FF171E0D-5,21907200.00,7137000.00,7675800.00,7094400.00,376.62,,,
A,24/01/26,05:44:00,443230323937FF171E0D-5,21913800.00,7138800.00,7678200.00,7096800.00,376.62,,,
A,24/01/26,05:49:00,443230323937FF171E0D-5,21919800.00,7140600.00,7680600.00,7098600.00,376.62,,,
A,24/01/26,05:54:00,443230323937FF171E0D-5,21927000.00,7143000.00,7683000.00,7101000.00,376.62,,,
A,24/01/26,05:59:00,443230323937FF171E0D-5,21932400.00,7144800.00,7684800.00,7102800.00,376.62,,,
A,24/01/26,06:04:00,443230323937FF171E0D-5,21939600.00,7147200.00,7687200.00,7105200.00,376.62,,,
A,24/01/26,06:09:00,443230323937FF171E0D-5,21945600.00,7149000.00,7689600.00,7107000.00,376.62,,,
A,24/01/26,06:14:00,443230323937FF171E0D-5,21952800.00,7151400.00,7692000.00,7109400.00,376.62,,,
A,24/01/26,06:19:00,443230323937FF171E0D-5,21958200.00,7153200.00,7693800.00,7111200.00,376.62,,,
A,24/01/26,06:24:00,443230323937FF171E0D-5,21965400.00,7155600.00,7696200.00,7113600.00,376.62,,,
A,24/01/26,06:29:00,443230323937FF171E0D-5,21971400.00,7157400.00,7698600.00,7115400.00,376.62,,,
A,24/01/26,06:34:00,443230323937FF171E0D-5,21978600.00,7159800.00,7701000.00,7117800.00,376.62,,,
A,24/01/26,06:39:00,443230323937FF171E0D-5,21984000.00,7161600.00,7702800.00,7119600.00,376.62,,,
A,24/01/26,06:44:00,443230323937FF171E0D-5,21991200.00,7164000.00,7705200.00,7122000.00,376.62,,,
A,24/01/26,06:49:00,443230323937FF171E0D-5,21997200.00,7165800.00,7707600.00,7123800.00,376.62,,,
A,24/01/26,06:54:00,443230323937FF171E0D-5,22004400.00,7168200.00,7710000.00,7126200.00,376.62,,,
A,24/01/26,06:59:00,443230323937FF171E0D-5,22010400.00,7170000.00,7712400.00,7128000.00,376.62,,,
A,24/01/26,07:04:00,443230323937FF171E0D-5,22017000.00,7172400.00,7714200.00,7130400.00,376.62,,,
A,24/01/26,07:09:00,443230323937FF171E0D-5,22023000.00,7174200.00,7716600.00,7132200.00,376.62,,,
A,24/01/26,07:14:00,443230323937FF171E0D-5,22030200.00,7176600.00,7719000.00,7134600.00,376.62,,,
A,24/01/26,07:19:00,443230323937FF171E0D-5,22036200.00,7178400.00,7721400.00,7136400.00,376.62,,,
A,24/01/26,07:24:00,443230323937FF171E0D-5,22042800.00,7180800.00,7723200.00,7138800.00,376.62,,,
A,24/01/26,07:29:00,443230323937FF171E0D-5,22048800.00,7182600.00,7725600.00,7140600.00,376.62,,,
A,24/01/26,07:34:00,443230323937FF171E0D-5,22056000.00,7185000.00,7728000.00,7143000.00,376.62,,,
A,24/01/26,07:39:00,443230323937FF171E0D-5,22062000.00,7186800.00,7730400.00,7144800.00,376.62,,,
A,24/01/26,07:44:00,443230323937FF171E0D-5,22069200.00,7189200.00,7732800.00,7147200.00,376.62,,,
A,24/01/26,07:49:00,443230323937FF171E0D-5,22074600.00,7191000.00,7734600.00,7149000.00,376.62,,,
A,24/01/26,07:54:00,443230323937FF171E0D-5,22081800.00,7193400.00,7737000.00,7151400.00,376.62,,,
A,24/01/26,07:59:00,443230323937FF171E0D-5,22087800.00,7195200.00,7739400.00,7153200.00,376.62,,,
A,24/01/26,08:04:00,443230323937FF171E0D-5,22095000.00,7197600.00,7741800.00,7155600.00,376.62,,,
A,24/01/26,08:09:00,443230323937FF171E0D-5,22100400.00,7199400.00,7743600.00,7157400.00,376.62,,,
A,24/01/26,08:14:00,443230323937FF171E0D-5,22107600.00,7201800.00,7746000.00,7159800.00,376.62,,,
A,24/01/26,08:19:00,443230323937FF171E0D-5,22113600.00,7203600.00,7748400.00,7161600.00,376.62,,,
A,24/01/26,08:24:00,443230323937FF171E0D-5,22120800.00,7206000.00,7750800.00,7164000.00,376.62,,,
A,24/01/26,08:29:00,443230323937FF171E0D-5,22126800.00,7207800.00,7753200.00,7165800.00,376.62,,,
A,24/01/26,08:34:00,443230323937FF171E0D-5,22133400.00,7210200.00,7755000.00,7168200.00,376.62,,,
A,24/01/26,08:39:00,443230323937FF171E0D-5,22139400.00,7212000.00,7757400.00,7170000.00,376.62,,,
A,24/01/26,08:44:00,443230323937FF171E0D-5,22146600.00,7214400.00,7759800.00,7172400.00,376.62,,,
A,24/01/26,08:49:00,443230323937FF171E0D-5,22153200.00,7216800.00,7762200.00,7174200.00,376.62,,,
A,24/01/26,08:54:00,443230323937FF171E0D-5,22159200.00,7218600.00,7764000.00,7176600.00,376.62,,,
A,24/01/26,08:59:00,443230323937FF171E0D-5,22165800.00,7221000.00,7766400.00,7178400.00,376.62,,,
A,24/01/26,09:04:00,443230323937FF171E0D-5,22172400.00,7222800.00,7768800.00,7180800.00,376.62,,,
A,24/01/26,09:09:00,443230323937FF171E0D-5,22179000.00,7225200.00,7771200.00,7182600.00,376.62,,,
A,24/01/26,09:14:00,443230323937FF171E0D-5,22185000.00,7227000.00,7773000.00,7185000.00,376.62,,,
A,24/01/26,09:19:00,443230323937FF171E0D-5,22191600.00,7229400.00,7775400.00,7186800.00,376.62,,,
A,24/01/26,09:24:00,443230323937FF171E0D-5,22198200.00,7231200.00,7777800.00,7189200.00,376.62,,,
A,24/01/26,09:29:00,443230323937FF171E0D-5,22204800.00,7233600.00,7780200.00,7191000.00,376.62,,,
A,24/01/26,09:34:00,443230323937FF171E0D-5,22210800.00,7235400.00,7782000.00,7193400.00,376.62,,,
A,24/01/26,09:39:00,443230323937FF171E0D-5,22217400.00,7237800.00,7784400.00,7195200.00,376.62,,,
A,24/01/26,09:44:00,443230323937FF171E0D-5,22224000.00,7239600.00,7786800.00,7197600.00,376.62,,,
A,24/01/26,09:49:00,443230323937FF171E0D-5,22230600.00,7242000.00,7789200.00,7199400.00,376.62,,,
A,24/01/26,09:54:00,443230323937FF171E0D-5,22237200.00,7243800.00,7791600.00,7201800.00,376.62,,,
A,24/01/26,09:59:00,443230323937FF171E0D-5,22243200.00,7246200.00,7793400.00,7203600.00,376.62,,,
A,24/01/26,10:04:00,443230323937FF171E0D-5,22249800.00,7248000.00,7795800.00,7206000.00,376.62,,,
A,24/01/26,10:09:00,443230323937FF171E0D-5,22256400.00,7250400.00,7798200.00,7207800.00,376.62,,,
A,24/01/26,10:14:00,443230323937FF171E0D-5,22263000.00,7252200.00,7800600.00,7210200.00,376.62,,,
A,24/01/26,10:19:00,443230323937FF171E0D-5,22269000.00,7254600.00,7802400.00,7212000.00,376.62,,,
A,24/01/26,10:24:00,443230323937FF171E0D-5,22275600.00,7256400.00,7804800.00,7214400.00,376.62,,,
A,24/01/26,10:29:00,443230323937FF171E0D-5,22282200.00,7258800.00,7807200.00,7216200.00,376.62,,,
A,24/01/26,10:34:00,443230323937FF171E0D-5,22288800.00,7260600.00,7809600.00,7218600.00,376.62,,,
A,24/01/26,10:39:00,443230323937FF171E0D-5,22294800.00,7263000.00,7811400.00,7220400.00,376.62,,,
A,24/01/26,10:44:00,443230323937FF171E0D-5,22301400.00,7264800.00,7813800.00,7222800.00,376.62,,,
A,24/01/26,10:49:00,443230323937FF171E0D-5,22308000.00,7267200.00,7816200.00,7224600.00,376.62,,,
A,24/01/26,10:54:00,443230323937FF171E0D-5,22314600.00,7269000.00,7818600.00,7227000.00,376.62,,,
A,24/01/26,10:59:00,443230323937FF171E0D-5,22320600.00,7271400.00,7820400.00,7228800.00,376.62,,,
A,24/01/26,11:04:00,443230323937FF171E0D-5,22327200.00,7273200.00,7822800.00,7231200.00,376.62,,,
A,24/01/26,11:09:00,443230323937FF171E0D-5,22333800.00,7275600.00,7825200.00,7233000.00,376.62,,,
A,24/01/26,11:14:00,443230323937FF171E0D-5,22340400.00,7277400.00,7827600.00,7235400.00,376.62,,,
A,24/01/26,11:19:00,443230323937FF171E0D-5,22346400.00,7279800.00,7829400.00,7237200.00,376.62,,,
A,24/01/26,11:24:00,443230323937FF171E0D-5,22353000.00,7281600.00,7831800.00,7239600.00,376.62,,,
A,24/01/26,11:29:00,443230323937FF171E0D-5,22360200.00,7284000.00,7834200.00,7242000.00,376.62,,,
A,24/01/26,11:34:00,443230323937FF171E0D-5,22366200.00,7285800.00,7836600.00,7243800.00,376.62,,,
A,24/01/26,11:39:00,443230323937FF171E0D-5,22373400.00,7288200.00,7839000.00,7246200.00,376.62,,,
A,24/01/26,11:44:00,443230323937FF171E0D-5,22378800.00,7290000.00,7840800.00,7248000.00,376.62,,,
A,24/01/26,11:49:00,443230323937FF171E0D-5,22386000.00,7292400.00,7843200.00,7250400.00,376.62,,,
A,24/01/26,11:54:00,443230323937FF171E0D-5,22392000.00,7294200.00,7845600.00,7252200.00,376.62,,,
A,24/01/26,11:59:00,443230323937FF171E0D-5,22399200.00,7296600.00,7848000.00,7254600.00,376.62,,,
A,24/01/26,12:04:00,443230323937FF171E0D-5,22404600.00,7298400.00,7849800.00,7256400.00,376.62,,,
A,24/01/26,12:09:00,443230323937FF171E0D-5,22411800.00,7300800.00,7852200.00,7258800.00,376.62,,,
A,24/01/26,12:14:00,443230323937FF171E0D-5,22417800.00,7302600.00,7854600.00,7260600.00,376.62,,,
A,24/01/26,12:19:00,443230323937FF171E0D-5,22425000.00,7305000.00,7857000.00,7263000.00,376.62,,,
A,24/01/26,12:24:00,443230323937FF171E0D-5,22430400.00,7306800.00,7858800.00,7264800.00,376.62,,,
A,24/01/26,12:29:00,443230323937FF171E0D-5,22437600.00,7309200.00,7861200.00,7267200.00,376.62,,,
A,24/01/26,12:34:00,443230323937FF171E0D-5,22443600.00,7311000.00,7863600.00,7269000.00,376.62,,,
A,24/01/26,12:39:00,443230323937FF171E0D-5,22450800.00,7313400.00,7866000.00,7271400.00,376.62,,,
A,24/01/26,12:44:00,443230323937FF171E0D-5,22456200.00,7315200.00,7867800.00,7273200.00,376.62,,,
A,24/01/26,12:49:00,443230323937FF171E0D-5,22462800.00,7317000.00,7870200.00,7275600.00,376.62,,,
A,24/01/26,12:54:00,443230323937FF171E0D-5,22469400.00,7319400.00,7872600.00,7277400.00,376.62,,,
A,24/01/26,12:59:00,443230323937FF171E0D-5,22476000.00,7321200.00,7875000.00,7279800.00,376.62,,,
A,24/01/26,13:04:00,443230323937FF171E0D-5,22482000.00,7323600.00,7876800.00,7281600.00,376.62,,,
A,24/01/26,13:09:00,443230323937FF171E0D-5,22488600.00,7325400.00,7879200.00,7284000.00,376.62,,,
A,24/01/26,13:14:00,443230323937FF171E0D-5,22495200.00,7327800.00,7881600.00,7285800.00,376.62,,,
A,24/01/26,13:19:00,443230323937FF171E0D-5,22501800.00,7329600.00,7884000.00,7288200.00,376.62,,,
A,24/01/26,13:24:00,443230323937FF171E0D-5,22508400.00,7332000.00,7886400.00,7290000.00,376.62,,,
A,24/01/26,13:29:00,443230323937FF171E0D-5,22514400.00,7333800.00,7888200.00,7292400.00,376.62,,,
A,24/01/26,13:34:00,443230323937FF171E0D-5,22521000.00,7336200.00,7890600.00,7294200.00,376.62,,,
A,24/01/26,13:39:00,443230323937FF171E0D-5,22527600.00,7338000.00,7893000.00,7296600.00,376.62,,,
A,24/01/26,13:44:00,443230323937FF171E0D-5,22534200.00,7340400.00,7895400.00,7298400.00,376.62,,,
A,24/01/26,13:49:00,443230323937FF171E0D-5,22540800.00,7342800.00,7897200.00,7300800.00,376.62,,,
A,24/01/26,13:54:00,443230323937FF171E0D-5,22546800.00,7344600.00,7899600.00,7302600.00,376.62,,,
A,24/01/26,13:59:00,443230323937FF171E0D-5,22554000.00,7347000.00,7902000.00,7305000.00,376.62,,,
A,24/01/26,14:04:00,443230323937FF171E0D-5,22560600.00,7348800.00,7904400.00,7307400.00,376.62,,,
A,24/01/26,14:09:00,443230323937FF171E0D-5,22567200.00,7351200.00,7906800.00,7309200.00,376.62,,,
A,24/01/26,14:14:00,443230323937FF171E0D-5,22573200.00,7353000.00,7908600.00,7311600.00,376.62,,,
A,24/01/26,14:19:00,443230323937FF171E0D-5,22579800.00,7355400.00,7911000.00,7313400.00,376.62,,,
A,24/01/26,14:24:00,443230323937FF171E0D-5,22586400.00,7357200.00,7913400.00,7315800.00,376.62,,,
A,24/01/26,14:29:00,443230323937FF171E0D-5,22592400.00,7359000.00,7915800.00,7317600.00,376.62,,,
A,24/01/26,14:34:00,443230323937FF171E0D-5,22599000.00,7361400.00,7917600.00,7320000.00,376.62,,,
A,24/01/26,14:39:00,443230323937FF171E0D-5,22605000.00,7363200.00,7920000.00,7321800.00,376.62,,,
A,24/01/26,14:44:00,443230323937FF171E0D-5,22612200.00,7365600.00,7922400.00,7324200.00,376.62,,,
A,24/01/26,14:49:00,443230323937FF171E0D-5,22618800.00,7367400.00,7924800.00,7326600.00,376.62,,,
A,24/01/26,14:54:00,443230323937FF171E0D-5,22625400.00,7369800.00,7927200.00,7328400.00,376.62,,,
A,24/01/26,14:59:00,443230323937FF171E0D-5,22631400.00,7371600.00,7929000.00,7330800.00,376.62,,,
A,24/01/26,15:04:00,443230323937FF171E0D-5,22638000.00,7374000.00,7931400.00,7332600.00,376.62,,,
A,24/01/26,15:09:00,443230323937FF171E0D-5,22644600.00,7375800.00,7933800.00,7335000.00,376.62,,,
A,24/01/26,15:14:00,443230323937FF171E0D-5,22651200.00,7378200.00,7936200.00,7336800.00,376.62,,,
A,24/01/26,15:19:00,443230323937FF171E0D-5,22657200.00,7380000.00,7938000.00,7339200.00,376.62,,,
A,24/01/26,15:24:00,443230323937FF171E0D-5,22663800.00,7382400.00,7940400.00,7341000.00,376.62,,,
A,24/01/26,15:29:00,443230323937FF171E0D-5,22670400.00,7384200.00,7942800.00,7343400.00,376.62,,,
A,24/01/26,15:34:00,443230323937FF171E0D-5,22677000.00,7386600.00,7945200.00,7345200.00,376.62,,,
A,24/01/26,15:39:00,443230323937FF171E0D-5,22683600.00,7388400.00,7947600.00,7347600.00,376.62,,,
A,24/01/26,15:44:00,443230323937FF171E0D-5,22689600.00,7390800.00,7949400.00,7349400.00,376.62,,,
A,24/01/26,15:49:00,443230323937FF171E0D-5,22696200.00,7392600.00,7951800.00,7351800.00,376.62,,,
A,24/01/26,15:54:00,443230323937FF171E0D-5,22702800.00,7395000.00,7954200.00,7353600.00,376.62,,,
A,24/01/26,15:59:00,443230323937FF171E0D-5,22709400.00,7396800.00,7956600.00,7356000.00,376.62,,,
A,24/01/26,16:04:00,443230323937FF171E0D-5,22715400.00,7399200.00,7958400.00,7357800.00,376.62,,,
A,24/01/26,16:09:00,443230323937FF171E0D-5,22722000.00,7401000.00,7960800.00,7360200.00,376.62,,,
A,24/01/26,16:14:00,443230323937FF171E0D-5,22728600.00,7403400.00,7963200.00,7362000.00,376.62,,,
A,24/01/26,16:19:00,443230323937FF171E0D-5,22735200.00,7405200.00,7965600.00,7364400.00,376.62,,,
A,24/01/26,16:24:00,443230323937FF171E0D-5,22741800.00,7407600.00,7968000.00,7366200.00,376.62,,,
A,24/01/26,16:29:00,443230323937FF171E0D-5,22747800.00,7409400.00,7969800.00,7368600.00,376.62,,,
A,24/01/26,16:34:00,443230323937FF171E0D-5,22754400.00,7411800.00,7972200.00,7370400.00,376.62,,,
A,24/01/26,16:39:00,443230323937FF171E0D-5,22761000.00,7413600.00,7974600.00,7372800.00,376.62,,,
A,24/01/26,16:44:00,443230323937FF171E0D-5,22767600.00,7416000.00,7977000.00,7374600.00,376.62,,,
A,24/01/26,16:49:00,443230323937FF171E0D-5,22774200.00,7417800.00,7979400.00,7377000.00,376.62,,,
A,24/01/26,16:54:00,443230323937FF171E0D-5,22780200.00,7420200.00,7981200.00,7378800.00,376.62,,,
A,24/01/26,16:59:00,443230323937FF171E0D-5,22786800.00,7422000.00,7983600.00,7381200.00,376.62,,,
A,24/01/26,17:04:00,443230323937FF171E0D-5,22793400.00,7423800.00,7986000.00,7383600.00,376.62,,,
A,24/01/26,17:09:00,443230323937FF171E0D-5,22800000.00,7426200.00,7988400.00,7385400.00,376.62,,,
A,24/01/26,17:14:00,443230323937FF171E0D-5,22806000.00,7428000.00,7990200.00,7387800.00,376.62,,,
A,24/01/26,17:19:00,443230323937FF171E0D-5,22812600.00,7430400.00,7992600.00,7389600.00,376.62,,,
A,24/01/26,17:24:00,443230323937FF171E0D-5,22819200.00,7432200.00,7995000.00,7392000.00,376.62,,,
A,24/01/26,17:29:00,443230323937FF171E0D-5,22825800.00,7434600.00,7997400.00,7393800.00,376.62,,,
A,24/01/26,17:34:00,443230323937FF171E0D-5,22832400.00,7436400.00,7999800.00,7396200.00,376.62,,,
A,24/01/26,17:39:00,443230323937FF171E0D-5,22838400.00,7438800.00,8001600.00,7398000.00,376.62,,,
A,24/01/26,17:44:00,443230323937FF171E0D-5,22845000.00,7440600.00,8004000.00,7400400.00,376.62,,,
A,24/01/26,17:49:00,443230323937FF171E0D-5,22851600.00,7443000.00,8006400.00,7402200.00,376.62,,,
A,24/01/26,17:54:00,443230323937FF171E0D-5,22858200.00,7444800.00,8008800.00,7404600.00,376.62,,,
A,24/01/26,17:59:00,443230323937FF171E0D-5,22864800.00,7447200.00,8011200.00,7406400.00,376.62,,,
A,24/01/26,18:04:00,443230323937FF171E0D-5,22870800.00,7449000.00,8013000.00,7408800.00,376.62,,,
A,24/01/26,18:09:00,443230323937FF171E0D-5,22877400.00,7451400.00,8015400.00,7410600.00,376.62,,,
A,24/01/26,18:14:00,443230323937FF171E0D-5,22884000.00,7453200.00,8017800.00,7413000.00,376.62,,,
A,24/01/26,18:19:00,443230323937FF171E0D-5,22890600.00,7455600.00,8020200.00,7414800.00,376.62,,,
A,24/01/26,18:24:00,443230323937FF171E0D-5,22896600.00,7457400.00,8022000.00,7417200.00,376.62,,,
A,24/01/26,18:29:00,443230323937FF171E0D-5,22903200.00,7459800.00,8024400.00,7419000.00,376.62,,,
A,24/01/26,18:34:00,443230323937FF171E0D-5,22909800.00,7461600.00,8026800.00,7421400.00,376.62,,,
A,24/01/26,18:39:00,443230323937FF171E0D-5,22916400.00,7464000.00,8029200.00,7423200.00,376.62,,,
A,24/01/26,18:44:00,443230323937FF171E0D-5,22923000.00,7465800.00,8031600.00,7425600.00,376.62,,,
A,24/01/26,18:49:00,443230323937FF171E0D-5,22929000.00,7468200.00,8033400.00,7427400.00,376.62,,,
A,24/01/26,18:54:00,443230323937FF171E0D-5,22935600.00,7470000.00,8035800.00,7429800.00,376.62,,,
A,24/01/26,18:59:00,443230323937FF171E0D-5,22942200.00,7472400.00,8038200.00,7431600.00,376.62,,,
A,24/01/26,19:04:00,443230323937FF171E0D-5,22948800.00,7474200.00,8040600.00,7434000.00,376.62,,,
A,24/01/26,19:09:00,443230323937FF171E0D-5,22955400.00,7476600.00,8042400.00,7436400.00,376.62,,,
A,24/01/26,19:14:00,443230323937FF171E0D-5,22961400.00,7478400.00,8044800.00,7438200.00,376.62,,,
A,24/01/26,19:19:00,443230323937FF171E0D-5,22968000.00,7480200.00,8047200.00,7440600.00,376.62,,,
A,24/01/26,19:24:00,443230323937FF171E0D-5,22974600.00,7482600.00,8049600.00,7442400.00,376.62,,,
A,24/01/26,19:29:00,443230323937FF171E0D-5,22980600.00,7484400.00,8051400.00,7444800.00,376.62,,,
A,24/01/26,19:34:00,443230323937FF171E0D-5,22987200.00,7486800.00,8053800.00,7446600.00,376.62,,,
A,24/01/26,19:39:00,443230323937FF171E0D-5,22993800.00,7488600.00,8056200.00,7449000.00,376.62,,,
A,24/01/26,19:44:00,443230323937FF171E0D-5,23001000.00,7491000.00,8058600.00,7451400.00,376.62,,,
A,24/01/26,19:49:00,443230323937FF171E0D-5,23007000.00,7492800.00,8061000.00,7453200.00,376.62,,,
A,24/01/26,19:54:00,443230323937FF171E0D-5,23014200.00,7495200.00,8063400.00,7455600.00,376.62,,,
A,24/01/26,19:59:00,443230323937FF171E0D-5,23020800.00,7497600.00,8065200.00,7458000.00,376.62,,,
A,24/01/26,20:04:00,443230323937FF171E0D-5,23026800.00,7499400.00,8067600.00,7459800.00,376.62,,,
A,24/01/26,20:09:00,443230323937FF171E0D-5,23034000.00,7501800.00,8070000.00,7462200.00,376.62,,,
A,24/01/26,20:14:00,443230323937FF171E0D-5,23040600.00,7503600.00,8072400.00,7464600.00,376.62,,,
A,24/01/26,20:19:00,443230323937FF171E0D-5,23047200.00,7506000.00,8074800.00,7466400.00,376.62,,,
A,24/01/26,20:24:00,443230323937FF171E0D-5,23053800.00,7507800.00,8077200.00,7468800.00,376.62,,,
A,24/01/26,20:29:00,443230323937FF171E0D-5,23061000.00,7510200.00,8079600.00,7471200.00,376.62,,,
A,24/01/26,20:34:00,443230323937FF171E0D-5,23067600.00,7512600.00,8082000.00,7473000.00,376.62,,,
A,24/01/26,20:39:00,443230323937FF171E0D-5,23073600.00,7514400.00,8083800.00,7475400.00,376.62,,,
A,24/01/26,20:44:00,443230323937FF171E0D-5,23080200.00,7516800.00,8086200.00,7477200.00,376.62,,,
A,24/01/26,20:49:00,443230323937FF171E0D-5,23086800.00,7518600.00,8088600.00,7479600.00,376.62,,,
A,24/01/26,20:54:00,443230323937FF171E0D-5,23094000.00,7521000.00,8091000.00,7482000.00,376.62,,,
A,24/01/26,20:59:00,443230323937FF171E0D-5,23100000.00,7522800.00,8093400.00,7483800.00,376.62,,,
A,24/01/26,21:04:00,443230323937FF171E0D-5,23107200.00,7525200.00,8095800.00,7486200.00,376.62,,,
A,24/01/26,21:09:00,443230323937FF171E0D-5,23113800.00,7527000.00,8098200.00,7488600.00,376.62,,,
A,24/01/26,21:14:00,443230323937FF171E0D-5,23120400.00,7529400.00,8100600.00,7490400.00,376.62,,,
A,24/01/26,21:19:00,443230323937FF171E0D-5,23127600.00,7531800.00,8103000.00,7492800.00,376.62,,,
A,24/01/26,21:24:00,443230323937FF171E0D-5,23133600.00,7533600.00,8104800.00,7495200.00,376.62,,,
A,24/01/26,21:29:00,443230323937FF171E0D-5,23140200.00,7536000.00,8107200.00,7497000.00,376.62,,,
A,24/01/26,21:34:00,443230323937FF171E0D-5,23146800.00,7537800.00,8109600.00,7499400.00,376.62,,,
A,24/01/26,21:39:00,443230323937FF171E0D-5,23154000.00,7540200.00,8112000.00,7501800.00,376.62,,,
A,24/01/26,21:44:00,443230323937FF171E0D-5,23160600.00,7542600.00,8114400.00,7503600.00,376.62,,,
A,24/01/26,21:49:00,443230323937FF171E0D-5,23167200.00,7544400.00,8116800.00,7506000.00,376.62,,,
A,24/01/26,21:54:00,443230323937FF171E0D-5,23174400.00,7546800.00,8119200.00,7508400.00,376.62,,,
A,24/01/26,21:59:00,443230323937FF171E0D-5,23179800.00,7548600.00,8121000.00,7510200.00,376.62,,,
A,24/01/26,22:04:00,443230323937FF171E0D-5,23187000.00,7551000.00,8123400.00,7512600.00,376.62,,,
A,24/01/26,22:09:00,443230323937FF171E0D-5,23194200.00,7553400.00,8125800.00,7515000.00,376.62,,,
A,24/01/26,22:14:00,443230323937FF171E0D-5,23200200.00,7555200.00,8128200.00,7516800.00,376.62,,,
A,24/01/26,22:19:00,443230323937FF171E0D-5,23207400.00,7557600.00,8130600.00,7519200.00,376.62,,,
A,24/01/26,22:24:00,443230323937FF171E0D-5,23214000.00,7559400.00,8133000.00,7521600.00,376.62,,,
A,24/01/26,22:29:00,443230323937FF171E0D-5,23220600.00,7561800.00,8135400.00,7523400.00,376.62,,,
A,24/01/26,22:34:00,443230323937FF171E0D-5,23227200.00,7563600.00,8137800.00,7525800.00,376.62,,,
A,24/01/26,22:39:00,443230323937FF171E0D-5,23234400.00,7566000.00,8140200.00,7528200.00,376.62,,,
A,24/01/26,22:44:00,443230323937FF171E0D-5,23239800.00,7567800.00,8142000.00,7530000.00,376.62,,,
A,24/01/26,22:49:00,443230323937FF171E0D-5,23247000.00,7570200.00,8144400.00,7532400.00,376.62,,,
A,24/01/26,22:54:00,443230323937FF171E0D-5,23254200.00,7572600.00,8146800.00,7534800.00,376.62,,,
A,24/01/26,22:59:00,443230323937FF171E0D-5,23260200.00,7574400.00,8149200.00,7536600.00,376.62,,,
A,24/01/26,23:04:00,443230323937FF171E0D-5,23267400.00,7576800.00,8151600.00,7539000.00,376.62,,,
A,24/01/26,23:09:00,443230323937FF171E0D-5,23274000.00,7578600.00,8154000.00,7541400.00,376.62,,,
A,24/01/26,23:14:00,443230323937FF171E0D-5,23280600.00,7581000.00,8156400.00,7543200.00,376.62,,,
A,24/01/26,23:19:00,443230323937FF171E0D-5,23287200.00,7582800.00,8158800.00,7545600.00,376.62,,,
A,24/01/26,23:24:00,443230323937FF171E0D-5,23293800.00,7585200.00,8160600.00,7548000.00,376.62,,,
A,24/01/26,23:29:00,443230323937FF171E0D-5,23300400.00,7587600.00,8163000.00,7549800.00,376.62,,,
A,24/01/26,23:34:00,443230323937FF171E0D-5,23307000.00,7589400.00,8165400.00,7552200.00,376.62,,,
A,24/01/26,23:39:00,443230323937FF171E0D-5,23314200.00,7591800.00,8167800.00,7554600.00,376.62,,,
A,24/01/26,23:44:00,443230323937FF171E0D-5,23320200.00,7593600.00,8170200.00,7556400.00,376.62,,,
A,24/01/26,23:49:00,443230323937FF171E0D-5,23327400.00,7596000.00,8172600.00,7558800.00,376.62,,,
A,24/01/26,23:54:00,443230323937FF171E0D-5,23334000.00,7597800.00,8175000.00,7561200.00,376.62,,,
A,24/01/26,23:59:00,443230323937FF171E0D-5,23340600.00,7600200.00,8177400.00,7563000.00,376.62,,,
A,25/01/26,00:04:00,443230323937FF171E0D-5,23347800.00,7602600.00,8179800.00,7565400.00,376.62,,,
A,25/01/26,00:09:00,443230323937FF171E0D-5,23353200.00,7604400.00,8181600.00,7567200.00,376.62,,,
A,25/01/26,00:14:00,443230323937FF171E0D-5,23360400.00,7606800.00,8184000.00,7569600.00,376.62,,,
A,25/01/26,00:19:00,443230323937FF171E0D-5,23367000.00,7608600.00,8186400.00,7572000.00,376.62,,,
A,25/01/26,00:24:00,443230323937FF171E0D-5,23373600.00,7611000.00,8188800.00,7573800.00,376.62,,,
A,25/01/26,00:29:00,443230323937FF171E0D-5,23380200.00,7612800.00,8191200.00,7576200.00,376.62,,,
A,25/01/26,00:34:00,443230323937FF171E0D-5,23387400.00,7615200.00,8193600.00,7578600.00,376.62,,,
A,25/01/26,00:39:00,443230323937FF171E0D-5,23394000.00,7617600.00,8196000.00,7580400.00,376.62,,,
A,25/01/26,00:44:00,443230323937FF171E0D-5,23400600.00,7619400.00,8198400.00,7582800.00,376.62,,,
A,25/01/26,00:49:00,443230323937FF171E0D-5,23407200.00,7621800.00,8200200.00,7585200.00,376.62,,,
A,25/01/26,00:54:00,443230323937FF171E0D-5,23413200.00,7623600.00,8202600.00,7587000.00,376.62,,,
A,25/01/26,00:59:00,443230323937FF171E0D-5,23420400.00,7626000.00,8205000.00,7589400.00,376.62,,,
A,25/01/26,01:04:00,443230323937FF171E0D-5,23427600.00,7628400.00,8207400.00,7591800.00,376.62,,,
A,25/01/26,01:09:00,443230323937FF171E0D-5,23433600.00,7630200.00,8209800.00,7593600.00,376.62,,,
A,25/01/26,01:14:00,443230323937FF171E0D-5,23440800.00,7632600.00,8212200.00,7596000.00,376.62,,,
A,25/01/26,01:19:00,443230323937FF171E0D-5,23446800.00,7634400.00,8214600.00,7597800.00,376.62,,,
A,25/01/26,01:24:00,443230323937FF171E0D-5,23454000.00,7636800.00,8217000.00,7600200.00,376.62,,,
A,25/01/26,01:29:00,443230323937FF171E0D-5,23460600.00,7639200.00,8218800.00,7602600.00,376.62,,,
A,25/01/26,01:34:00,443230323937FF171E0D-5,23466600.00,7641000.00,8221200.00,7604400.00,376.62,,,
A,25/01/26,01:39:00,443230323937FF171E0D-5,23473800.00,7643400.00,8223600.00,7606800.00,376.62,,,
A,25/01/26,01:44:00,443230323937FF171E0D-5,23480400.00,7645200.00,8226000.00,7609200.00,376.62,,,
A,25/01/26,01:49:00,443230323937FF171E0D-5,23487000.00,7647600.00,8228400.00,7611000.00,376.62,,,
A,25/01/26,01:54:00,443230323937FF171E0D-5,23493600.00,7649400.00,8230800.00,7613400.00,376.62,,,
A,25/01/26,01:59:00,443230323937FF171E0D-5,23500800.00,7651800.00,8233200.00,7615800.00,376.62,,,
A,25/01/26,02:04:00,443230323937FF171E0D-5,23507400.00,7654200.00,8235600.00,7617600.00,376.62,,,
A,25/01/26,02:09:00,443230323937FF171E0D-5,23513400.00,7656000.00,8237400.00,7620000.00,376.62,,,
A,25/01/26,02:14:00,443230323937FF171E0D-5,23520000.00,7658400.00,8239800.00,7621800.00,376.62,,,
A,25/01/26,02:19:00,443230323937FF171E0D-5,23526600.00,7660200.00,8242200.00,7624200.00,376.62,,,
A,25/01/26,02:24:00,443230323937FF171E0D-5,23533800.00,7662600.00,8244600.00,7626600.00,376.62,,,
A,25/01/26,02:29:00,443230323937FF171E0D-5,23539800.00,7664400.00,8247000.00,7628400.00,376.62,,,
A,25/01/26,02:34:00,443230323937FF171E0D-5,23547000.00,7666800.00,8249400.00,7630800.00,376.62,,,
A,25/01/26,02:39:00,443230323937FF171E0D-5,23554200.00,7669200.00,8251800.00,7633200.00,376.62,,,
A,25/01/26,02:44:00,443230323937FF171E0D-5,23559600.00,7671000.00,8253600.00,7635000.00,376.62,,,
A,25/01/26,02:49:00,443230323937FF171E0D-5,23566800.00,7673400.00,8256000.00,7637400.00,376.62,,,
A,25/01/26,02:54:00,443230323937FF171E0D-5,23573400.00,7675200.00,8258400.00,7639800.00,376.62,,,
A,25/01/26,02:59:00,443230323937FF171E0D-5,23580000.00,7677600.00,8260800.00,7641600.00,376.62,,,
A,25/01/26,03:04:00,443230323937FF171E0D-5,23586600.00,7679400.00,8263200.00,7644000.00,376.62,,,
A,25/01/26,03:09:00,443230323937FF171E0D-5,23593800.00,7681800.00,8265600.00,7646400.00,376.62,,,
A,25/01/26,03:14:00,443230323937FF171E0D-5,23600400.00,7684200.00,8268000.00,7648200.00,376.62,,,
A,25/01/26,03:19:00,443230323937FF171E0D-5,23607000.00,7686000.00,8270400.00,7650600.00,376.62,,,
A,25/01/26,03:24:00,443230323937FF171E0D-5,23613000.00,7688400.00,8272200.00,7652400.00,376.62,,,
A,25/01/26,03:29:00,443230323937FF171E0D-5,23619600.00,7690200.00,8274600.00,7654800.00,376.62,,,
A,25/01/26,03:34:00,443230323937FF171E0D-5,23626800.00,7692600.00,8277000.00,7657200.00,376.62,,,
A,25/01/26,03:39:00,443230323937FF171E0D-5,23632800.00,7694400.00,8279400.00,7659000.00,376.62,,,
A,25/01/26,03:44:00,443230323937FF171E0D-5,23640000.00,7696800.00,8281800.00,7661400.00,376.62,,,
A,25/01/26,03:49:00,443230323937FF171E0D-5,23646600.00,7698600.00,8284200.00,7663800.00,376.62,,,
A,25/01/26,03:54:00,443230323937FF171E0D-5,23653200.00,7701000.00,8286600.00,7665600.00,376.62,,,
A,25/01/26,03:59:00,443230323937FF171E0D-5,23659800.00,7703400.00,8288400.00,7668000.00,376.62,,,
A,25/01/26,04:04:00,443230323937FF171E0D-5,23666400.00,7705200.00,8290800.00,7670400.00,376.62,,,
A,25/01/26,04:09:00,443230323937FF171E0D-5,23673000.00,7707600.00,8293200.00,7672200.00,376.62,,,
A,25/01/26,04:14:00,443230323937FF171E0D-5,23679600.00,7709400.00,8295600.00,7674600.00,376.62,,,
A,25/01/26,04:19:00,443230323937FF171E0D-5,23686200.00,7711800.00,8298000.00,7676400.00,376.62,,,
A,25/01/26,04:24:00,443230323937FF171E0D-5,23692800.00,7713600.00,8300400.00,7678800.00,376.62,,,
A,25/01/26,04:29:00,443230323937FF171E0D-5,23700000.00,7716000.00,8302800.00,7681200.00,376.62,,,
A,25/01/26,04:34:00,443230323937FF171E0D-5,23706600.00,7718400.00,8305200.00,7683000.00,376.62,,,
A,25/01/26,04:39:00,443230323937FF171E0D-5,23712600.00,7720200.00,8307000.00,7685400.00,376.62,,,
A,25/01/26,04:44:00,443230323937FF171E0D-5,23719800.00,7722600.00,8309400.00,7687800.00,376.62,,,
A,25/01/26,04:49:00,443230323937FF171E0D-5,23725800.00,7724400.00,8311800.00,7689600.00,376.62,,,
A,25/01/26,04:54:00,443230323937FF171E0D-5,23733000.00,7726800.00,8314200.00,7692000.00,376.62,,,
A,25/01/26,04:59:00,443230323937FF171E0D-5,23739000.00,7728600.00,8316600.00,7693800.00,376.62,,,
A,25/01/26,05:04:00,443230323937FF171E0D-5,23746200.00,7731000.00,8319000.00,7696200.00,376.62,,,
A,25/01/26,05:09:00,443230323937FF171E0D-5,23753400.00,7733400.00,8321400.00,7698600.00,376.62,,,
A,25/01/26,05:14:00,443230323937FF171E0D-5,23759400.00,7735200.00,8323800.00,7700400.00,376.62,,,
A,25/01/26,05:19:00,443230323937FF171E0D-5,23766000.00,7737600.00,8325600.00,7702800.00,376.62,,,
A,25/01/26,05:24:00,443230323937FF171E0D-5,23772000.00,7739400.00,8328000.00,7704600.00,376.62,,,
A,25/01/26,05:29:00,443230323937FF171E0D-5,23777400.00,7741200.00,8329800.00,7706400.00,376.62,,,
A,25/01/26,05:34:00,443230323937FF171E0D-5,23783400.00,7743000.00,8332200.00,7708200.00,376.62,,,
A,25/01/26,05:39:00,443230323937FF171E0D-5,23789400.00,7744800.00,8334000.00,7710600.00,376.62,,,
A,25/01/26,05:44:00,443230323937FF171E0D-5,23795400.00,7746600.00,8336400.00,7712400.00,376.62,,,
A,25/01/26,05:49:00,443230323937FF171E0D-5,23801400.00,7749000.00,8338200.00,7714200.00,376.62,,,
A,25/01/26,05:54:00,443230323937FF171E0D-5,23806800.00,7750800.00,8340000.00,7716000.00,376.62,,,
A,25/01/26,05:59:00,443230323937FF171E0D-5,23812800.00,7752600.00,8342400.00,7717800.00,376.62,,,
A,25/01/26,06:04:00,443230323937FF171E0D-5,23818200.00,7754400.00,8344200.00,7719600.00,376.62,,,
A,25/01/26,06:09:00,443230323937FF171E0D-5,23824800.00,7756200.00,8346600.00,7722000.00,376.62,,,
A,25/01/26,06:14:00,443230323937FF171E0D-5,23830200.00,7758000.00,8348400.00,7723800.00,376.62,,,
A,25/01/26,06:19:00,443230323937FF171E0D-5,23836800.00,7760400.00,8350800.00,7725600.00,376.62,,,
A,25/01/26,06:24:00,443230323937FF171E0D-5,23842200.00,7762200.00,8352600.00,7727400.00,376.62,,,
A,25/01/26,06:29:00,443230323937FF171E0D-5,23847600.00,7764000.00,8354400.00,7729200.00,376.62,,,
A,25/01/26,06:34:00,443230323937FF171E0D-5,23853600.00,7765800.00,8356800.00,7731000.00,376.62,,,
A,25/01/26,06:39:00,443230323937FF171E0D-5,23859000.00,7767600.00,8358600.00,7732800.00,376.62,,,
A,25/01/26,06:44:00,443230323937FF171E0D-5,23865600.00,7769400.00,8361000.00,7735200.00,376.62,,,
A,25/01/26,06:49:00,443230323937FF171E0D-5,23871600.00,7771800.00,8362800.00,7737000.00,376.62,,,
A,25/01/26,06:54:00,443230323937FF171E0D-5,23877600.00,7773600.00,8365200.00,7738800.00,376.62,,,
A,25/01/26,06:59:00,443230323937FF171E0D-5,23883000.00,7775400.00,8367000.00,7740600.00,376.62,,,
A,25/01/26,07:04:00,443230323937FF171E0D-5,23889000.00,7777200.00,8369400.00,7742400.00,376.62,,,
A,25/01/26,07:09:00,443230323937FF171E0D-5,23894400.00,7779000.00,8371200.00,7744200.00,376.62,,,
A,25/01/26,07:14:00,443230323937FF171E0D-5,23899800.00,7780800.00,8373000.00,7746000.00,376.62,,,
A,25/01/26,07:19:00,443230323937FF171E0D-5,23906400.00,7783200.00,8375400.00,7747800.00,376.62,,,
A,25/01/26,07:24:00,443230323937FF171E0D-5,23911800.00,7785000.00,8377200.00,7749600.00,376.62,,,
A,25/01/26,07:29:00,443230323937FF171E0D-5,23918400.00,7786800.00,8379600.00,7752000.00,376.62,,,
A,25/01/26,07:34:00,443230323937FF171E0D-5,23923800.00,7788600.00,8381400.00,7753800.00,376.62,,,
A,25/01/26,07:39:00,443230323937FF171E0D-5,23929800.00,7790400.00,8383800.00,7755600.00,376.62,,,
A,25/01/26,07:44:00,443230323937FF171E0D-5,23935800.00,7792800.00,8385600.00,7757400.00,376.62,,,
A,25/01/26,07:49:00,443230323937FF171E0D-5,23941800.00,7794600.00,8388000.00,7759200.00,376.62,,,
A,25/01/26,07:54:00,443230323937FF171E0D-5,23947200.00,7796400.00,8389800.00,7761000.00,376.62,,,
A,25/01/26,07:59:00,443230323937FF171E0D-5,23953200.00,7798200.00,8392200.00,7762800.00,376.62,,,
A,25/01/26,08:04:00,443230323937FF171E0D-5,23959200.00,7800000.00,8394000.00,7765200.00,376.62,,,
A,25/01/26,08:09:00,443230323937FF171E0D-5,23964600.00,7801800.00,8395800.00,7767000.00,376.62,,,
A,25/01/26,08:14:00,443230323937FF171E0D-5,23971200.00,7804200.00,8398200.00,7768800.00,376.62,,,
A,25/01/26,08:19:00,443230323937FF171E0D-5,23976600.00,7806000.00,8400000.00,7770600.00,376.62,,,
A,25/01/26,08:24:00,443230323937FF171E0D-5,23982600.00,7807800.00,8402400.00,7772400.00,376.62,,,
A,25/01/26,08:29:00,443230323937FF171E0D-5,23988000.00,7809600.00,8404200.00,7774200.00,376.62,,,
A,25/01/26,08:34:00,443230323937FF171E0D-5,23994000.00,7811400.00,8406600.00,7776000.00,376.62,,,
A,25/01/26,08:39:00,443230323937FF171E0D-5,24000000.00,7813800.00,8408400.00,7777800.00,376.62,,,
A,25/01/26,08:44:00,443230323937FF171E0D-5,24006600.00,7815600.00,8410800.00,7780200.00,376.62,,,
A,25/01/26,08:49:00,443230323937FF171E0D-5,24012000.00,7817400.00,8412600.00,7782000.00,376.62,,,
A,25/01/26,08:54:00,443230323937FF171E0D-5,24018000.00,7819200.00,8415000.00,7783800.00,376.62,,,
A,25/01/26,08:59:00,443230323937FF171E0D-5,24023400.00,7821000.00,8416800.00,7785600.00,376.62,,,
A,25/01/26,09:04:00,443230323937FF171E0D-5,24029400.00,7823400.00,8418600.00,7787400.00,376.62,,,
A,25/01/26,09:09:00,443230323937FF171E0D-5,24035400.00,7825200.00,8421000.00,7789200.00,376.62,,,
A,25/01/26,09:14:00,443230323937FF171E0D-5,24040800.00,7827000.00,8422800.00,7791000.00,376.62,,,
A,25/01/26,09:19:00,443230323937FF171E0D-5,24046800.00,7828800.00,8425200.00,7792800.00,376.62,,,
A,25/01/26,09:24:00,443230323937FF171E0D-5,24052800.00,7830600.00,8427000.00,7795200.00,376.62,,,
A,25/01/26,09:29:00,443230323937FF171E0D-5,24059400.00,7833000.00,8429400.00,7797000.00,376.62,,,
A,25/01/26,09:34:00,443230323937FF171E0D-5,24064800.00,7834800.00,8431200.00,7798800.00,376.62,,,
A,25/01/26,09:39:00,443230323937FF171E0D-5,24070800.00,7836600.00,8433600.00,7800600.00,376.62,,,
A,25/01/26,09:44:00,443230323937FF171E0D-5,24076200.00,7838400.00,8435400.00,7802400.00,376.62,,,
A,25/01/26,09:49:00,443230323937FF171E0D-5,24081600.00,7840200.00,8437200.00,7804200.00,376.62,,,
A,25/01/26,09:54:00,443230323937FF171E0D-5,24088200.00,7842600.00,8439600.00,7806000.00,376.62,,,
A,25/01/26,09:59:00,443230323937FF171E0D-5,24094200.00,7844400.00,8441400.00,7808400.00,376.62,,,
A,25/01/26,10:04:00,443230323937FF171E0D-5,24100200.00,7846200.00,8443800.00,7810200.00,376.62,,,
A,25/01/26,10:09:00,443230323937FF171E0D-5,24105600.00,7848000.00,8445600.00,7812000.00,376.62,,,
A,25/01/26,10:14:00,443230323937FF171E0D-5,24111600.00,7849800.00,8448000.00,7813800.00,376.62,,,
A,25/01/26,10:19:00,443230323937FF171E0D-5,24117600.00,7852200.00,8449800.00,7815600.00,376.62,,,
A,25/01/26,10:24:00,443230323937FF171E0D-5,24123600.00,7854000.00,8452200.00,7817400.00,376.62,,,
A,25/01/26,10:29:00,443230323937FF171E0D-5,24129000.00,7855800.00,8454000.00,7819200.00,376.62,,,
A,25/01/26,10:34:00,443230323937FF171E0D-5,24135000.00,7857600.00,8456400.00,7821000.00,376.62,,,
A,25/01/26,10:39:00,443230323937FF171E0D-5,24141000.00,7859400.00,8458200.00,7823400.00,376.62,,,
A,25/01/26,10:44:00,443230323937FF171E0D-5,24145800.00,7861200.00,8460000.00,7824600.00,376.62,,,
A,25/01/26,10:49:00,443230323937FF171E0D-5,24145800.00,7861200.00,8460000.00,7824600.00,376.62,,,
A,25/01/26,10:54:00,443230323937FF171E0D-5,24145800.00,7861200.00,8460000.00,7824600.00,376.62,,,
A,25/01/26,10:59:00,443230323937FF171E0D-5,24145800.00,7861200.00,8460000.00,7824600.00,376.62,,,
A,25/01/26,11:04:00,443230323937FF171E0D-5,24145800.00,7861200.00,8460000.00,7824600.00,376.62,,,
A,25/01/26,11:09:00,443230323937FF171E0D-5,24145800.00,7861200.00,8460000.00,7824600.00,376.62,,,
A,25/01/26,11:14:00,443230323937FF171E0D-5,24145800.00,7861200.00,8460000.00,7824600.00,376.62,,,
A,25/01/26,11:19:00,443230323937FF171E0D-5,24145800.00,7861200.00,8460000.00,7824600.00,376.62,,,
A,25/01/26,11:24:00,443230323937FF171E0D-5,24145800.00,7861200.00,8460000.00,7824600.00,376.62,,,
A,25/01/26,11:29:00,443230323937FF171E0D-5,24145800.00,7861200.00,8460000.00,7824600.00,376.62,,,
A,25/01/26,11:34:00,443230323937FF171E0D-5,24145800.00,7861200.00,8460000.00,7824600.00,376.62,,,
A,25/01/26,11:39:00,443230323937FF171E0D-5,24145800.00,7861200.00,8460000.00,7824600.00,376.62,,,
A,25/01/26,11:44:00,443230323937FF171E0D-5,24145800.00,7861200.00,8460000.00,7824600.00,376.62,,,
A,25/01/26,11:49:00,443230323937FF171E0D-5,24145800.00,7861200.00,8460000.00,7824600.00,376.62,,,
A,25/01/26,11:54:00,443230323937FF171E0D-5,24145800.00,7861200.00,8460000.00,7824600.00,376.62,,,
A,25/01/26,11:59:00,443230323937FF171E0D-5,24145800.00,7861200.00,8460000.00,7824600.00,376.62,,,
A,25/01/26,12:04:00,443230323937FF171E0D-5,24145800.00,7861200.00,8460000.00,7824600.00,376.62,,,
A,25/01/26,12:09:00,443230323937FF171E0D-5,24145800.00,7861200.00,8460000.00,7824600.00,376.62,,,
A,25/01/26,12:14:00,443230323937FF171E0D-5,24145800.00,7861200.00,8460000.00,7824600.00,376.62,,,
A,25/01/26,12:19:00,443230323937FF171E0D-5,24145800.00,7861200.00,8460000.00,7824600.00,376.62,,,
A,25/01/26,12:24:00,443230323937FF171E0D-5,24145800.00,7861200.00,8460000.00,7824600.00,376.62,,,
A,25/01/26,12:29:00,443230323937FF171E0D-5,24145800.00,7861200.00,8460000.00,7824600.00,376.62,,,
A,25/01/26,12:34:00,443230323937FF171E0D-5,24145800.00,7861200.00,8460000.00,7824600.00,376.62,,,
A,25/01/26,12:39:00,443230323937FF171E0D-5,24145800.00,7861200.00,8460000.00,7824600.00,376.62,,,
A,25/01/26,12:44:00,443230323937FF171E0D-5,24145800.00,7861200.00,8460000.00,7824600.00,376.62,,,
A,25/01/26,12:49:00,443230323937FF171E0D-5,24145800.00,7861200.00,8460000.00,7824600.00,376.62,,,
A,25/01/26,12:54:00,443230323937FF171E0D-5,24145800.00,7861200.00,8460000.00,7824600.00,376.62,,,
A,25/01/26,12:59:00,443230323937FF171E0D-5,24145800.00,7861200.00,8460000.00,7824600.00,376.62,,,
A,25/01/26,13:04:00,443230323937FF171E0D-5,24145800.00,7861200.00,8460000.00,7824600.00,376.62,,,
A,25/01/26,13:09:00,443230323937FF171E0D-5,24145800.00,7861200.00,8460000.00,7824600.00,376.62,,,
A,25/01/26,13:14:00,443230323937FF171E0D-5,24145800.00,7861200.00,8460000.00,7824600.00,376.62,,,
A,25/01/26,13:19:00,443230323937FF171E0D-5,24145800.00,7861200.00,8460000.00,7824600.00,376.62,,,
A,25/01/26,13:24:00,443230323937FF171E0D-5,24145800.00,7861200.00,8460000.00,7824600.00,376.62,,,
A,25/01/26,13:29:00,443230323937FF171E0D-5,24145800.00,7861200.00,8460000.00,7824600.00,376.62,,,
A,25/01/26,13:34:00,443230323937FF171E0D-5,24145800.00,7861200.00,8460000.00,7824600.00,376.62,,,
A,25/01/26,13:39:00,443230323937FF171E0D-5,24145800.00,7861200.00,8460000.00,7824600.00,376.62,,,
A,25/01/26,13:44:00,443230323937FF171E0D-5,24145800.00,7861200.00,8460000.00,7824600.00,376.62,,,
A,25/01/26,13:49:00,443230323937FF171E0D-5,24145800.00,7861200.00,8460000.00,7824600.00,376.62,,,
A,25/01/26,13:54:00,443230323937FF171E0D-5,24145800.00,7861200.00,8460000.00,7824600.00,376.62,,,
A,25/01/26,13:59:00,443230323937FF171E0D-5,24145800.00,7861200.00,8460000.00,7824600.00,376.62,,,
A,25/01/26,14:04:00,443230323937FF171E0D-5,24145800.00,7861200.00,8460000.00,7824600.00,376.62,,,
A,25/01/26,14:09:00,443230323937FF171E0D-5,24145800.00,7861200.00,8460000.00,7824600.00,376.62,,,
A,25/01/26,14:14:00,443230323937FF171E0D-5,24145800.00,7861200.00,8460000.00,7824600.00,376.62,,,
A,25/01/26,14:19:00,443230323937FF171E0D-5,24145800.00,7861200.00,8460000.00,7824600.00,376.62,,,
A,25/01/26,14:24:00,443230323937FF171E0D-5,24145800.00,7861200.00,8460000.00,7824600.00,376.62,,,
A,25/01/26,14:29:00,443230323937FF171E0D-5,24145800.00,7861200.00,8460000.00,7824600.00,376.62,,,
A,25/01/26,14:34:00,443230323937FF171E0D-5,24145800.00,7861200.00,8460000.00,7824600.00,376.62,,,
A,25/01/26,14:39:00,443230323937FF171E0D-5,24145800.00,7861200.00,8460000.00,7824600.00,376.62,,,
A,25/01/26,14:44:00,443230323937FF171E0D-5,24145800.00,7861200.00,8460000.00,7824600.00,376.62,,,
A,25/01/26,14:49:00,443230323937FF171E0D-5,24145800.00,7861200.00,8460000.00,7824600.00,376.62,,,
A,25/01/26,14:54:00,443230323937FF171E0D-5,24145800.00,7861200.00,8460000.00,7824600.00,376.62,,,
A,25/01/26,14:59:00,443230323937FF171E0D-5,24145800.00,7861200.00,8460000.00,7824600.00,376.62,,,
A,25/01/26,15:04:00,443230323937FF171E0D-5,24145800.00,7861200.00,8460000.00,7824600.00,376.62,,,
A,25/01/26,15:09:00,443230323937FF171E0D-5,24145800.00,7861200.00,8460000.00,7824600.00,376.62,,,
A,25/01/26,15:14:00,443230323937FF171E0D-5,24145800.00,7861200.00,8460000.00,7824600.00,376.62,,,
A,25/01/26,15:19:00,443230323937FF171E0D-5,24145800.00,7861200.00,8460000.00,7824600.00,376.62,,,
A,25/01/26,15:24:00,443230323937FF171E0D-5,24145800.00,7861200.00,8460000.00,7824600.00,376.62,,,
A,25/01/26,15:29:00,443230323937FF171E0D-5,24145800.00,7861200.00,8460000.00,7824600.00,376.62,,,
A,25/01/26,15:34:00,443230323937FF171E0D-5,24145800.00,7861200.00,8460000.00,7824600.00,376.62,,,
A,25/01/26,15:39:00,443230323937FF171E0D-5,24145800.00,7861200.00,8460000.00,7824600.00,376.62,,,
A,25/01/26,15:44:00,443230323937FF171E0D-5,24145800.00,7861200.00,8460000.00,7824600.00,376.62,,,
A,25/01/26,15:49:00,443230323937FF171E0D-5,24145800.00,7861200.00,8460000.00,7824600.00,376.62,,,
A,25/01/26,15:54:00,443230323937FF171E0D-5,24145800.00,7861200.00,8460000.00,7824600.00,376.62,,,
A,25/01/26,15:59:00,443230323937FF171E0D-5,24145800.00,7861200.00,8460000.00,7824600.00,376.62,,,
A,25/01/26,16:04:00,443230323937FF171E0D-5,24145800.00,7861200.00,8460000.00,7824600.00,376.62,,,
A,25/01/26,16:09:00,443230323937FF171E0D-5,24145800.00,7861200.00,8460000.00,7824600.00,376.62,,,
A,25/01/26,16:14:00,443230323937FF171E0D-5,24145800.00,7861200.00,8460000.00,7824600.00,376.62,,,
A,25/01/26,16:19:00,443230323937FF171E0D-5,24145800.00,7861200.00,8460000.00,7824600.00,376.62,,,
A,25/01/26,16:24:00,443230323937FF171E0D-5,24145800.00,7861200.00,8460000.00,7824600.00,376.62,,,
A,25/01/26,16:29:00,443230323937FF171E0D-5,24145800.00,7861200.00,8460000.00,7824600.00,376.62,,,
A,25/01/26,16:34:00,443230323937FF171E0D-5,24145800.00,7861200.00,8460000.00,7824600.00,376.62,,,
A,25/01/26,16:39:00,443230323937FF171E0D-5,24145800.00,7861200.00,8460000.00,7824600.00,376.62,,,
A,25/01/26,16:44:00,443230323937FF171E0D-5,24145800.00,7861200.00,8460000.00,7824600.00,376.62,,,
A,25/01/26,16:49:00,443230323937FF171E0D-5,24145800.00,7861200.00,8460000.00,7824600.00,376.62,,,
A,25/01/26,16:54:00,443230323937FF171E0D-5,24145800.00,7861200.00,8460000.00,7824600.00,376.62,,,
A,25/01/26,16:59:00,443230323937FF171E0D-5,24145800.00,7861200.00,8460000.00,7824600.00,376.62,,,
A,25/01/26,17:04:00,443230323937FF171E0D-5,24145800.00,7861200.00,8460000.00,7824600.00,376.62,,,
A,25/01/26,17:09:00,443230323937FF171E0D-5,24145800.00,7861200.00,8460000.00,7824600.00,376.62,,,
A,25/01/26,17:14:00,443230323937FF171E0D-5,24145800.00,7861200.00,8460000.00,7824600.00,376.62,,,
A,25/01/26,17:19:00,443230323937FF171E0D-5,24145800.00,7861200.00,8460000.00,7824600.00,376.62,,,
A,25/01/26,17:24:00,443230323937FF171E0D-5,24145800.00,7861200.00,8460000.00,7824600.00,376.62,,,
A,25/01/26,17:29:00,443230323937FF171E0D-5,24145800.00,7861200.00,8460000.00,7824600.00,376.62,,,
A,25/01/26,17:34:00,443230323937FF171E0D-5,24145800.00,7861200.00,8460000.00,7824600.00,376.62,,,
A,25/01/26,17:39:00,443230323937FF171E0D-5,24145800.00,7861200.00,8460000.00,7824600.00,376.62,,,
A,25/01/26,17:44:00,443230323937FF171E0D-5,24145800.00,7861200.00,8460000.00,7824600.00,376.62,,,
A,25/01/26,17:49:00,443230323937FF171E0D-5,24145800.00,7861200.00,8460000.00,7824600.00,376.62,,,
A,25/01/26,17:54:00,443230323937FF171E0D-5,24145800.00,7861200.00,8460000.00,7824600.00,376.62,,,
A,25/01/26,17:59:00,443230323937FF171E0D-5,24145800.00,7861200.00,8460000.00,7824600.00,376.62,,,
A,25/01/26,18:04:00,443230323937FF171E0D-5,24145800.00,7861200.00,8460000.00,7824600.00,376.62,,,
A,25/01/26,18:09:00,443230323937FF171E0D-5,24145800.00,7861200.00,8460000.00,7824600.00,376.62,,,
A,25/01/26,18:14:00,443230323937FF171E0D-5,24145800.00,7861200.00,8460000.00,7824600.00,376.62,,,
A,25/01/26,18:19:00,443230323937FF171E0D-5,24145800.00,7861200.00,8460000.00,7824600.00,376.62,,,
A,25/01/26,18:24:00,443230323937FF171E0D-5,24145800.00,7861200.00,8460000.00,7824600.00,376.62,,,
A,25/01/26,18:29:00,443230323937FF171E0D-5,24145800.00,7861200.00,8460000.00,7824600.00,376.62,,,
A,25/01/26,18:34:00,443230323937FF171E0D-5,24145800.00,7861200.00,8460000.00,7824600.00,376.62,,,
A,25/01/26,18:39:00,443230323937FF171E0D-5,24145800.00,7861200.00,8460000.00,7824600.00,376.62,,,
A,25/01/26,18:44:00,443230323937FF171E0D-5,24145800.00,7861200.00,8460000.00,7824600.00,376.62,,,
A,25/01/26,18:49:00,443230323937FF171E0D-5,24145800.00,7861200.00,8460000.00,7824600.00,376.62,,,
A,25/01/26,18:54:00,443230323937FF171E0D-5,24145800.00,7861200.00,8460000.00,7824600.00,376.62,,,
A,25/01/26,18:59:00,443230323937FF171E0D-5,24145800.00,7861200.00,8460000.00,7824600.00,376.62,,,
A,25/01/26,19:04:00,443230323937FF171E0D-5,24145800.00,7861200.00,8460000.00,7824600.00,376.62,,,
A,25/01/26,19:09:00,443230323937FF171E0D-5,24145800.00,7861200.00,8460000.00,7824600.00,376.62,,,
A,25/01/26,19:14:00,443230323937FF171E0D-5,24145800.00,7861200.00,8460000.00,7824600.00,376.62,,,
A,25/01/26,19:19:00,443230323937FF171E0D-5,24145800.00,7861200.00,8460000.00,7824600.00,376.62,,,
A,25/01/26,19:24:00,443230323937FF171E0D-5,24145800.00,7861200.00,8460000.00,7824600.00,376.62,,,
A,25/01/26,19:29:00,443230323937FF171E0D-5,24145800.00,7861200.00,8460000.00,7824600.00,376.62,,,
A,25/01/26,19:34:00,443230323937FF171E0D-5,24145800.00,7861200.00,8460000.00,7824600.00,376.62,,,
A,25/01/26,19:39:00,443230323937FF171E0D-5,24145800.00,7861200.00,8460000.00,7824600.00,376.62,,,
A,25/01/26,19:44:00,443230323937FF171E0D-5,24145800.00,7861200.00,8460000.00,7824600.00,376.62,,,
A,25/01/26,19:49:00,443230323937FF171E0D-5,24145800.00,7861200.00,8460000.00,7824600.00,376.62,,,
A,25/01/26,19:54:00,443230323937FF171E0D-5,24145800.00,7861200.00,8460000.00,7824600.00,376.62,,,
A,25/01/26,19:59:00,443230323937FF171E0D-5,24145800.00,7861200.00,8460000.00,7824600.00,376.62,,,
A,25/01/26,20:04:00,443230323937FF171E0D-5,24145800.00,7861200.00,8460000.00,7824600.00,376.62,,,
A,25/01/26,20:09:00,443230323937FF171E0D-5,24145800.00,7861200.00,8460000.00,7824600.00,376.62,,,
A,25/01/26,20:14:00,443230323937FF171E0D-5,24145800.00,7861200.00,8460000.00,7824600.00,376.62,,,
A,25/01/26,20:19:00,443230323937FF171E0D-5,24145800.00,7861200.00,8460000.00,7824600.00,376.62,,,
A,25/01/26,20:24:00,443230323937FF171E0D-5,24145800.00,7861200.00,8460000.00,7824600.00,376.62,,,
A,25/01/26,20:29:00,443230323937FF171E0D-5,24145800.00,7861200.00,8460000.00,7824600.00,376.62,,,
A,25/01/26,20:34:00,443230323937FF171E0D-5,24145800.00,7861200.00,8460000.00,7824600.00,376.62,,,
A,25/01/26,20:39:00,443230323937FF171E0D-5,24145800.00,7861200.00,8460000.00,7824600.00,376.62,,,
A,25/01/26,20:44:00,443230323937FF171E0D-5,24145800.00,7861200.00,8460000.00,7824600.00,376.62,,,
A,25/01/26,20:49:00,443230323937FF171E0D-5,24145800.00,7861200.00,8460000.00,7824600.00,376.62,,,
A,25/01/26,20:54:00,443230323937FF171E0D-5,24145800.00,7861200.00,8460000.00,7824600.00,376.62,,,
A,25/01/26,20:59:00,443230323937FF171E0D-5,24145800.00,7861200.00,8460000.00,7824600.00,376.62,,,
A,25/01/26,21:04:00,443230323937FF171E0D-5,24145800.00,7861200.00,8460000.00,7824600.00,376.62,,,
A,25/01/26,21:09:00,443230323937FF171E0D-5,24145800.00,7861200.00,8460000.00,7824600.00,376.62,,,
A,25/01/26,21:14:00,443230323937FF171E0D-5,24145800.00,7861200.00,8460000.00,7824600.00,376.62,,,
A,25/01/26,21:19:00,443230323937FF171E0D-5,24145800.00,7861200.00,8460000.00,7824600.00,376.62,,,
A,25/01/26,21:24:00,443230323937FF171E0D-5,24145800.00,7861200.00,8460000.00,7824600.00,376.62,,,
A,25/01/26,21:29:00,443230323937FF171E0D-5,24145800.00,7861200.00,8460000.00,7824600.00,376.62,,,
A,25/01/26,21:34:00,443230323937FF171E0D-5,24145800.00,7861200.00,8460000.00,7824600.00,376.62,,,
A,25/01/26,21:39:00,443230323937FF171E0D-5,24145800.00,7861200.00,8460000.00,7824600.00,376.62,,,
A,25/01/26,21:44:00,443230323937FF171E0D-5,24145800.00,7861200.00,8460000.00,7824600.00,376.62,,,
A,25/01/26,21:49:00,443230323937FF171E0D-5,24145800.00,7861200.00,8460000.00,7824600.00,376.62,,,
A,25/01/26,21:54:00,443230323937FF171E0D-5,24145800.00,7861200.00,8460000.00,7824600.00,376.62,,,
A,25/01/26,21:59:00,443230323937FF171E0D-5,24145800.00,7861200.00,8460000.00,7824600.00,376.62,,,
A,25/01/26,22:04:00,443230323937FF171E0D-5,24145800.00,7861200.00,8460000.00,7824600.00,376.62,,,
A,25/01/26,22:09:00,443230323937FF171E0D-5,24145800.00,7861200.00,8460000.00,7824600.00,376.62,,,
A,25/01/26,22:14:00,443230323937FF171E0D-5,24145800.00,7861200.00,8460000.00,7824600.00,376.62,,,
A,25/01/26,22:19:00,443230323937FF171E0D-5,24145800.00,7861200.00,8460000.00,7824600.00,376.62,,,
A,25/01/26,22:24:00,443230323937FF171E0D-5,24145800.00,7861200.00,8460000.00,7824600.00,376.62,,,
A,25/01/26,22:29:00,443230323937FF171E0D-5,24145800.00,7861200.00,8460000.00,7824600.00,376.62,,,
A,25/01/26,22:34:00,443230323937FF171E0D-5,24145800.00,7861200.00,8460000.00,7824600.00,376.62,,,
A,25/01/26,22:39:00,443230323937FF171E0D-5,24145800.00,7861200.00,8460000.00,7824600.00,376.62,,,
A,25/01/26,22:44:00,443230323937FF171E0D-5,24145800.00,7861200.00,8460000.00,7824600.00,376.62,,,
A,25/01/26,22:49:00,443230323937FF171E0D-5,24145800.00,7861200.00,8460000.00,7824600.00,376.62,,,
A,25/01/26,22:54:00,443230323937FF171E0D-5,24145800.00,7861200.00,8460000.00,7824600.00,376.62,,,
A,25/01/26,22:59:00,443230323937FF171E0D-5,24145800.00,7861200.00,8460000.00,7824600.00,376.62,,,
A,25/01/26,23:04:00,443230323937FF171E0D-5,24145800.00,7861200.00,8460000.00,7824600.00,376.62,,,
A,25/01/26,23:09:00,443230323937FF171E0D-5,24145800.00,7861200.00,8460000.00,7824600.00,376.62,,,
A,25/01/26,23:14:00,443230323937FF171E0D-5,24145800.00,7861200.00,8460000.00,7824600.00,376.62,,,
A,25/01/26,23:19:00,443230323937FF171E0D-5,24145800.00,7861200.00,8460000.00,7824600.00,376.62,,,
A,25/01/26,23:24:00,443230323937FF171E0D-5,24145800.00,7861200.00,8460000.00,7824600.00,376.62,,,
A,25/01/26,23:29:00,443230323937FF171E0D-5,24145800.00,7861200.00,8460000.00,7824600.00,376.62,,,
A,25/01/26,23:34:00,443230323937FF171E0D-5,24145800.00,7861200.00,8460000.00,7824600.00,376.62,,,
A,25/01/26,23:39:00,443230323937FF171E0D-5,24145800.00,7861200.00,8460000.00,7824600.00,376.62,,,
A,25/01/26,23:44:00,443230323937FF171E0D-5,24145800.00,7861200.00,8460000.00,7824600.00,376.62,,,
A,25/01/26,23:49:00,443230323937FF171E0D-5,24145800.00,7861200.00,8460000.00,7824600.00,376.62,,,
A,25/01/26,23:54:00,443230323937FF171E0D-5,24145800.00,7861200.00,8460000.00,7824600.00,376.62,,,
A,25/01/26,23:59:00,443230323937FF171E0D-5,24145800.00,7861200.00,8460000.00,7824600.00,376.62,,,
A,26/01/26,00:04:00,443230323937FF171E0D-5,24145800.00,7861200.00,8460000.00,7824600.00,376.62,,,
A,26/01/26,00:09:00,443230323937FF171E0D-5,24145800.00,7861200.00,8460000.00,7824600.00,376.62,,,
A,26/01/26,00:14:00,443230323937FF171E0D-5,24145800.00,7861200.00,8460000.00,7824600.00,376.62,,,
A,26/01/26,00:19:00,443230323937FF171E0D-5,24145800.00,7861200.00,8460000.00,7824600.00,376.62,,,
A,26/01/26,00:24:00,443230323937FF171E0D-5,24145800.00,7861200.00,8460000.00,7824600.00,376.62,,,
A,26/01/26,00:29:00,443230323937FF171E0D-5,24145800.00,7861200.00,8460000.00,7824600.00,376.62,,,
A,26/01/26,00:34:00,443230323937FF171E0D-5,24145800.00,7861200.00,8460000.00,7824600.00,376.62,,,
A,26/01/26,00:39:00,443230323937FF171E0D-5,24145800.00,7861200.00,8460000.00,7824600.00,376.62,,,
A,26/01/26,00:44:00,443230323937FF171E0D-5,24145800.00,7861200.00,8460000.00,7824600.00,376.62,,,
A,26/01/26,00:49:00,443230323937FF171E0D-5,24145800.00,7861200.00,8460000.00,7824600.00,376.62,,,
A,26/01/26,00:54:00,443230323937FF171E0D-5,24145800.00,7861200.00,8460000.00,7824600.00,376.62,,,
A,26/01/26,00:59:00,443230323937FF171E0D-5,24145800.00,7861200.00,8460000.00,7824600.00,376.62,,,
A,26/01/26,01:04:00,443230323937FF171E0D-5,24145800.00,7861200.00,8460000.00,7824600.00,376.62,,,
A,26/01/26,01:09:00,443230323937FF171E0D-5,24145800.00,7861200.00,8460000.00,7824600.00,376.62,,,
A,26/01/26,01:14:00,443230323937FF171E0D-5,24145800.00,7861200.00,8460000.00,7824600.00,376.62,,,
A,26/01/26,01:19:00,443230323937FF171E0D-5,24145800.00,7861200.00,8460000.00,7824600.00,376.62,,,
A,26/01/26,01:24:00,443230323937FF171E0D-5,24145800.00,7861200.00,8460000.00,7824600.00,376.62,,,
A,26/01/26,01:29:00,443230323937FF171E0D-5,24145800.00,7861200.00,8460000.00,7824600.00,376.62,,,
A,26/01/26,01:34:00,443230323937FF171E0D-5,24145800.00,7861200.00,8460000.00,7824600.00,376.62,,,
A,26/01/26,01:39:00,443230323937FF171E0D-5,24145800.00,7861200.00,8460000.00,7824600.00,376.62,,,
A,26/01/26,01:44:00,443230323937FF171E0D-5,24145800.00,7861200.00,8460000.00,7824600.00,376.62,,,
A,26/01/26,01:49:00,443230323937FF171E0D-5,24145800.00,7861200.00,8460000.00,7824600.00,376.62,,,
A,26/01/26,01:54:00,443230323937FF171E0D-5,24145800.00,7861200.00,8460000.00,7824600.00,376.62,,,
A,26/01/26,01:59:00,443230323937FF171E0D-5,24145800.00,7861200.00,8460000.00,7824600.00,376.62,,,
A,26/01/26,02:04:00,443230323937FF171E0D-5,24145800.00,7861200.00,8460000.00,7824600.00,376.62,,,
A,26/01/26,02:09:00,443230323937FF171E0D-5,24145800.00,7861200.00,8460000.00,7824600.00,376.62,,,
A,26/01/26,02:14:00,443230323937FF171E0D-5,24145800.00,7861200.00,8460000.00,7824600.00,376.62,,,
A,26/01/26,02:19:00,443230323937FF171E0D-5,24145800.00,7861200.00,8460000.00,7824600.00,376.62,,,
A,26/01/26,02:24:00,443230323937FF171E0D-5,24145800.00,7861200.00,8460000.00,7824600.00,376.62,,,
A,26/01/26,02:29:00,443230323937FF171E0D-5,24145800.00,7861200.00,8460000.00,7824600.00,376.62,,,
A,26/01/26,02:34:00,443230323937FF171E0D-5,24145800.00,7861200.00,8460000.00,7824600.00,376.62,,,
A,26/01/26,02:39:00,443230323937FF171E0D-5,24145800.00,7861200.00,8460000.00,7824600.00,376.62,,,
A,26/01/26,02:44:00,443230323937FF171E0D-5,24145800.00,7861200.00,8460000.00,7824600.00,376.62,,,
A,26/01/26,02:49:00,443230323937FF171E0D-5,24145800.00,7861200.00,8460000.00,7824600.00,376.62,,,
A,26/01/26,02:54:00,443230323937FF171E0D-5,24145800.00,7861200.00,8460000.00,7824600.00,376.62,,,
A,26/01/26,02:59:00,443230323937FF171E0D-5,24145800.00,7861200.00,8460000.00,7824600.00,376.62,,,
A,26/01/26,03:04:00,443230323937FF171E0D-5,24145800.00,7861200.00,8460000.00,7824600.00,376.62,,,
A,26/01/26,03:09:00,443230323937FF171E0D-5,24145800.00,7861200.00,8460000.00,7824600.00,376.62,,,
A,26/01/26,03:14:00,443230323937FF171E0D-5,24145800.00,7861200.00,8460000.00,7824600.00,376.62,,,
A,26/01/26,03:19:00,443230323937FF171E0D-5,24145800.00,7861200.00,8460000.00,7824600.00,376.62,,,
A,26/01/26,03:24:00,443230323937FF171E0D-5,24145800.00,7861200.00,8460000.00,7824600.00,376.62,,,
A,26/01/26,03:29:00,443230323937FF171E0D-5,24145800.00,7861200.00,8460000.00,7824600.00,376.62,,,
A,26/01/26,03:34:00,443230323937FF171E0D-5,24145800.00,7861200.00,8460000.00,7824600.00,376.62,,,
A,26/01/26,03:39:00,443230323937FF171E0D-5,24145800.00,7861200.00,8460000.00,7824600.00,376.62,,,
A,26/01/26,03:44:00,443230323937FF171E0D-5,24145800.00,7861200.00,8460000.00,7824600.00,376.62,,,
A,26/01/26,03:49:00,443230323937FF171E0D-5,24145800.00,7861200.00,8460000.00,7824600.00,376.62,,,
A,26/01/26,03:54:00,443230323937FF171E0D-5,24145800.00,7861200.00,8460000.00,7824600.00,376.62,,,
A,26/01/26,03:59:00,443230323937FF171E0D-5,24145800.00,7861200.00,8460000.00,7824600.00,376.62,,,
A,26/01/26,04:04:00,443230323937FF171E0D-5,24145800.00,7861200.00,8460000.00,7824600.00,376.62,,,
A,26/01/26,04:09:00,443230323937FF171E0D-5,24145800.00,7861200.00,8460000.00,7824600.00,376.62,,,
A,26/01/26,04:14:00,443230323937FF171E0D-5,24145800.00,7861200.00,8460000.00,7824600.00,376.62,,,
A,26/01/26,04:19:00,443230323937FF171E0D-5,24145800.00,7861200.00,8460000.00,7824600.00,376.62,,,
A,26/01/26,04:24:00,443230323937FF171E0D-5,24145800.00,7861200.00,8460000.00,7824600.00,376.62,,,
A,26/01/26,04:29:00,443230323937FF171E0D-5,24145800.00,7861200.00,8460000.00,7824600.00,376.62,,,
A,26/01/26,04:34:00,443230323937FF171E0D-5,24145800.00,7861200.00,8460000.00,7824600.00,376.62,,,
A,26/01/26,04:39:00,443230323937FF171E0D-5,24145800.00,7861200.00,8460000.00,7824600.00,376.62,,,
A,26/01/26,04:44:00,443230323937FF171E0D-5,24145800.00,7861200.00,8460000.00,7824600.00,376.62,,,
A,26/01/26,04:49:00,443230323937FF171E0D-5,24145800.00,7861200.00,8460000.00,7824600.00,376.62,,,
A,26/01/26,04:54:00,443230323937FF171E0D-5,24145800.00,7861200.00,8460000.00,7824600.00,376.62,,,
A,26/01/26,04:59:00,443230323937FF171E0D-5,24145800.00,7861200.00,8460000.00,7824600.00,376.62,,,
A,26/01/26,05:04:00,443230323937FF171E0D-5,24145800.00,7861200.00,8460000.00,7824600.00,376.62,,,
A,26/01/26,05:09:00,443230323937FF171E0D-5,24145800.00,7861200.00,8460000.00,7824600.00,376.62,,,
A,26/01/26,05:14:00,443230323937FF171E0D-5,24145800.00,7861200.00,8460000.00,7824600.00,376.62,,,
A,26/01/26,05:19:00,443230323937FF171E0D-5,24145800.00,7861200.00,8460000.00,7824600.00,376.62,,,
A,26/01/26,05:24:00,443230323937FF171E0D-5,24145800.00,7861200.00,8460000.00,7824600.00,376.62,,,
A,26/01/26,05:29:00,443230323937FF171E0D-5,24145800.00,7861200.00,8460000.00,7824600.00,376.62,,,
A,26/01/26,05:34:00,443230323937FF171E0D-5,24145800.00,7861200.00,8460000.00,7824600.00,376.62,,,
A,26/01/26,05:39:00,443230323937FF171E0D-5,24145800.00,7861200.00,8460000.00,7824600.00,376.62,,,
A,26/01/26,05:44:00,443230323937FF171E0D-5,24145800.00,7861200.00,8460000.00,7824600.00,376.62,,,
A,26/01/26,05:49:00,443230323937FF171E0D-5,24145800.00,7861200.00,8460000.00,7824600.00,376.62,,,
A,26/01/26,05:54:00,443230323937FF171E0D-5,24145800.00,7861200.00,8460000.00,7824600.00,376.62,,,
A,26/01/26,05:59:00,443230323937FF171E0D-5,24145800.00,7861200.00,8460000.00,7824600.00,376.62,,,
A,26/01/26,06:04:00,443230323937FF171E0D-5,24145800.00,7861200.00,8460000.00,7824600.00,376.62,,,
A,26/01/26,06:09:00,443230323937FF171E0D-5,24145800.00,7861200.00,8460000.00,7824600.00,376.62,,,
A,26/01/26,06:14:00,443230323937FF171E0D-5,24145800.00,7861200.00,8460000.00,7824600.00,376.62,,,
A,26/01/26,06:19:00,443230323937FF171E0D-5,24145800.00,7861200.00,8460000.00,7824600.00,376.62,,,
A,26/01/26,06:24:00,443230323937FF171E0D-5,24145800.00,7861200.00,8460000.00,7824600.00,376.62,,,
A,26/01/26,06:29:00,443230323937FF171E0D-5,24145800.00,7861200.00,8460000.00,7824600.00,376.62,,,
A,26/01/26,06:34:00,443230323937FF171E0D-5,24145800.00,7861200.00,8460000.00,7824600.00,376.62,,,
A,26/01/26,06:39:00,443230323937FF171E0D-5,24145800.00,7861200.00,8460000.00,7824600.00,376.62,,,
A,26/01/26,06:44:00,443230323937FF171E0D-5,24145800.00,7861200.00,8460000.00,7824600.00,376.62,,,
A,26/01/26,06:49:00,443230323937FF171E0D-5,24145800.00,7861200.00,8460000.00,7824600.00,376.62,,,
A,26/01/26,06:54:00,443230323937FF171E0D-5,24145800.00,7861200.00,8460000.00,7824600.00,376.62,,,
A,26/01/26,06:59:00,443230323937FF171E0D-5,24145800.00,7861200.00,8460000.00,7824600.00,376.62,,,
A,26/01/26,07:04:00,443230323937FF171E0D-5,24145800.00,7861200.00,8460000.00,7824600.00,376.62,,,
A,26/01/26,07:09:00,443230323937FF171E0D-5,24145800.00,7861200.00,8460000.00,7824600.00,376.62,,,
A,26/01/26,07:14:00,443230323937FF171E0D-5,24145800.00,7861200.00,8460000.00,7824600.00,376.62,,,
A,26/01/26,07:19:00,443230323937FF171E0D-5,24145800.00,7861200.00,8460000.00,7824600.00,376.62,,,
A,26/01/26,07:24:00,443230323937FF171E0D-5,24145800.00,7861200.00,8460000.00,7824600.00,376.62,,,
A,26/01/26,07:29:00,443230323937FF171E0D-5,24145800.00,7861200.00,8460000.00,7824600.00,376.62,,,
A,26/01/26,07:34:00,443230323937FF171E0D-5,24145800.00,7861200.00,8460000.00,7824600.00,376.62,,,
A,26/01/26,07:39:00,443230323937FF171E0D-5,24145800.00,7861200.00,8460000.00,7824600.00,376.62,,,
A,26/01/26,07:44:00,443230323937FF171E0D-5,24145800.00,7861200.00,8460000.00,7824600.00,376.62,,,
A,26/01/26,07:49:00,443230323937FF171E0D-5,24145800.00,7861200.00,8460000.00,7824600.00,376.62,,,
A,26/01/26,07:54:00,443230323937FF171E0D-5,24145800.00,7861200.00,8460000.00,7824600.00,376.62,,,
A,26/01/26,07:59:00,443230323937FF171E0D-5,24145800.00,7861200.00,8460000.00,7824600.00,376.62,,,
A,26/01/26,08:04:00,443230323937FF171E0D-5,24145800.00,7861200.00,8460000.00,7824600.00,376.62,,,
A,26/01/26,08:09:00,443230323937FF171E0D-5,24145800.00,7861200.00,8460000.00,7824600.00,376.62,,,
A,26/01/26,08:14:00,443230323937FF171E0D-5,24145800.00,7861200.00,8460000.00,7824600.00,376.62,,,
A,26/01/26,08:19:00,443230323937FF171E0D-5,24145800.00,7861200.00,8460000.00,7824600.00,376.62,,,
A,26/01/26,08:24:00,443230323937FF171E0D-5,24145800.00,7861200.00,8460000.00,7824600.00,376.62,,,
A,26/01/26,08:29:00,443230323937FF171E0D-5,24145800.00,7861200.00,8460000.00,7824600.00,376.62,,,
A,26/01/26,08:34:00,443230323937FF171E0D-5,24145800.00,7861200.00,8460000.00,7824600.00,376.62,,,
A,26/01/26,08:39:00,443230323937FF171E0D-5,24145800.00,7861200.00,8460000.00,7824600.00,376.62,,,
A,26/01/26,08:44:00,443230323937FF171E0D-5,24145800.00,7861200.00,8460000.00,7824600.00,376.62,,,
A,26/01/26,08:49:00,443230323937FF171E0D-5,24145800.00,7861200.00,8460000.00,7824600.00,376.62,,,
A,26/01/26,08:54:00,443230323937FF171E0D-5,24145800.00,7861200.00,8460000.00,7824600.00,376.62,,,
A,26/01/26,08:59:00,443230323937FF171E0D-5,24145800.00,7861200.00,8460000.00,7824600.00,376.62,,,
A,26/01/26,09:04:00,443230323937FF171E0D-5,24145800.00,7861200.00,8460000.00,7824600.00,376.62,,,
A,26/01/26,09:09:00,443230323937FF171E0D-5,24145800.00,7861200.00,8460000.00,7824600.00,376.62,,,
A,26/01/26,09:14:00,443230323937FF171E0D-5,24145800.00,7861200.00,8460000.00,7824600.00,376.62,,,
A,26/01/26,09:19:00,443230323937FF171E0D-5,24145800.00,7861200.00,8460000.00,7824600.00,376.62,,,
A,26/01/26,09:24:00,443230323937FF171E0D-5,24145800.00,7861200.00,8460000.00,7824600.00,376.62,,,
A,26/01/26,09:29:00,443230323937FF171E0D-5,24145800.00,7861200.00,8460000.00,7824600.00,376.62,,,
A,26/01/26,09:34:00,443230323937FF171E0D-5,24145800.00,7861200.00,8460000.00,7824600.00,376.62,,,
A,26/01/26,09:39:00,443230323937FF171E0D-5,24145800.00,7861200.00,8460000.00,7824600.00,376.62,,,
A,26/01/26,09:44:00,443230323937FF171E0D-5,24145800.00,7861200.00,8460000.00,7824600.00,376.62,,,
A,26/01/26,09:49:00,443230323937FF171E0D-5,24145800.00,7861200.00,8460000.00,7824600.00,376.62,,,
A,26/01/26,09:54:00,443230323937FF171E0D-5,24145800.00,7861200.00,8460000.00,7824600.00,376.62,,,
A,26/01/26,09:59:00,443230323937FF171E0D-5,24145800.00,7861200.00,8460000.00,7824600.00,376.62,,,
A,26/01/26,10:04:00,443230323937FF171E0D-5,24145800.00,7861200.00,8460000.00,7824600.00,376.62,,,
A,26/01/26,10:09:00,443230323937FF171E0D-5,24145800.00,7861200.00,8460000.00,7824600.00,376.62,,,
A,26/01/26,10:14:00,443230323937FF171E0D-5,24145800.00,7861200.00,8460000.00,7824600.00,376.62,,,
A,26/01/26,10:19:00,443230323937FF171E0D-5,24145800.00,7861200.00,8460000.00,7824600.00,376.62,,,
A,26/01/26,10:24:00,443230323937FF171E0D-5,24146400.00,7861200.00,8460000.00,7825200.00,376.62,,,
A,26/01/26,10:29:00,443230323937FF171E0D-5,24152400.00,7863000.00,8462400.00,7827000.00,376.62,,,
A,26/01/26,10:34:00,443230323937FF171E0D-5,24159000.00,7865400.00,8464800.00,7828800.00,376.62,,,
A,26/01/26,10:39:00,443230323937FF171E0D-5,24166200.00,7867800.00,8467200.00,7831200.00,376.62,,,
A,26/01/26,10:44:00,443230323937FF171E0D-5,24173400.00,7870200.00,8469600.00,7833600.00,376.62,,,
A,26/01/26,10:49:00,443230323937FF171E0D-5,24180600.00,7872600.00,8472000.00,7836000.00,376.62,,,
A,26/01/26,10:54:00,443230323937FF171E0D-5,24187200.00,7874400.00,8474400.00,7838400.00,376.62,,,
A,26/01/26,10:59:00,443230323937FF171E0D-5,24194400.00,7876800.00,8476800.00,7840800.00,376.62,,,
A,26/01/26,11:04:00,443230323937FF171E0D-5,24201600.00,7879200.00,8479200.00,7843200.00,376.62,,,
A,26/01/26,11:09:00,443230323937FF171E0D-5,24208800.00,7881600.00,8482200.00,7845000.00,376.62,,,
A,26/01/26,11:14:00,443230323937FF171E0D-5,24216000.00,7884000.00,8484600.00,7847400.00,376.62,,,
A,26/01/26,11:19:00,443230323937FF171E0D-5,24223200.00,7886400.00,8487000.00,7849800.00,376.62,,,
A,26/01/26,11:24:00,443230323937FF171E0D-5,24230400.00,7888800.00,8489400.00,7852200.00,376.62,,,
A,26/01/26,11:29:00,443230323937FF171E0D-5,24237600.00,7891200.00,8491800.00,7854600.00,376.62,,,
A,26/01/26,11:34:00,443230323937FF171E0D-5,24244800.00,7893600.00,8494200.00,7857000.00,376.62,,,
A,26/01/26,11:39:00,443230323937FF171E0D-5,24252000.00,7895400.00,8497200.00,7859400.00,376.62,,,
A,26/01/26,11:44:00,443230323937FF171E0D-5,24259200.00,7897800.00,8499600.00,7861800.00,376.62,,,
A,26/01/26,11:49:00,443230323937FF171E0D-5,24266400.00,7900200.00,8502000.00,7864200.00,376.62,,,
A,26/01/26,11:54:00,443230323937FF171E0D-5,24273000.00,7902600.00,8504400.00,7866000.00,376.62,,,
A,26/01/26,11:59:00,443230323937FF171E0D-5,24280200.00,7905000.00,8506800.00,7868400.00,376.62,,,
A,26/01/26,12:04:00,443230323937FF171E0D-5,24287400.00,7907400.00,8509200.00,7870800.00,376.62,,,
A,26/01/26,12:09:00,443230323937FF171E0D-5,24294600.00,7909800.00,8511600.00,7873200.00,376.62,,,
A,26/01/26,12:14:00,443230323937FF171E0D-5,24302400.00,7912200.00,8514600.00,7875600.00,376.62,,,
A,26/01/26,12:19:00,443230323937FF171E0D-5,24309000.00,7914000.00,8517000.00,7878000.00,376.62,,,
A,26/01/26,12:24:00,443230323937FF171E0D-5,24316200.00,7916400.00,8519400.00,7880400.00,376.62,,,
A,26/01/26,12:29:00,443230323937FF171E0D-5,24323400.00,7918800.00,8521800.00,7882800.00,376.62,,,
A,26/01/26,12:34:00,443230323937FF171E0D-5,24330600.00,7921200.00,8524200.00,7885200.00,376.62,,,
A,26/01/26,12:39:00,443230323937FF171E0D-5,24337200.00,7923600.00,8526600.00,7887000.00,376.62,,,
A,26/01/26,12:44:00,443230323937FF171E0D-5,24344400.00,7926000.00,8529000.00,7889400.00,376.62,,,
A,26/01/26,12:49:00,443230323937FF171E0D-5,24352200.00,7928400.00,8532000.00,7891800.00,376.62,,,
A,26/01/26,12:54:00,443230323937FF171E0D-5,24359400.00,7930800.00,8534400.00,7894200.00,376.62,,,
A,26/01/26,12:59:00,443230323937FF171E0D-5,24366000.00,7932600.00,8536800.00,7896600.00,376.62,,,
A,26/01/26,13:04:00,443230323937FF171E0D-5,24373200.00,7935000.00,8539200.00,7899000.00,376.62,,,
A,26/01/26,13:09:00,443230323937FF171E0D-5,24380400.00,7937400.00,8541600.00,7901400.00,376.62,,,
A,26/01/26,13:14:00,443230323937FF171E0D-5,24387600.00,7939800.00,8544000.00,7903800.00,376.62,,,
A,26/01/26,13:19:00,443230323937FF171E0D-5,24394200.00,7942200.00,8546400.00,7905600.00,376.62,,,
A,26/01/26,13:24:00,443230323937FF171E0D-5,24401400.00,7944600.00,8548800.00,7908000.00,376.62,,,
A,26/01/26,13:29:00,443230323937FF171E0D-5,24409200.00,7947000.00,8551800.00,7910400.00,376.62,,,
A,26/01/26,13:34:00,443230323937FF171E0D-5,24416400.00,7949400.00,8554200.00,7912800.00,376.62,,,
A,26/01/26,13:39:00,443230323937FF171E0D-5,24423600.00,7951800.00,8556600.00,7915200.00,376.62,,,
A,26/01/26,13:44:00,443230323937FF171E0D-5,24430200.00,7953600.00,8559000.00,7917600.00,376.62,,,
A,26/01/26,13:49:00,443230323937FF171E0D-5,24437400.00,7956000.00,8561400.00,7920000.00,376.62,,,
A,26/01/26,13:54:00,443230323937FF171E0D-5,24444600.00,7958400.00,8563800.00,7922400.00,376.62,,,
A,26/01/26,13:59:00,443230323937FF171E0D-5,24451800.00,7960800.00,8566200.00,7924800.00,376.62,,,
A,26/01/26,14:04:00,443230323937FF171E0D-5,24459000.00,7963200.00,8569200.00,7926600.00,376.62,,,
A,26/01/26,14:09:00,443230323937FF171E0D-5,24466200.00,7965600.00,8571600.00,7929000.00,376.62,,,
A,26/01/26,14:14:00,443230323937FF171E0D-5,24473400.00,7968000.00,8574000.00,7931400.00,376.62,,,
A,26/01/26,14:19:00,443230323937FF171E0D-5,24480600.00,7970400.00,8576400.00,7933800.00,376.62,,,
A,26/01/26,14:24:00,443230323937FF171E0D-5,24487200.00,7972200.00,8578800.00,7936200.00,376.62,,,
A,26/01/26,14:29:00,443230323937FF171E0D-5,24494400.00,7974600.00,8581200.00,7938600.00,376.62,,,
A,26/01/26,14:34:00,443230323937FF171E0D-5,24501600.00,7977000.00,8583600.00,7941000.00,376.62,,,
A,26/01/26,14:39:00,443230323937FF171E0D-5,24508800.00,7979400.00,8586000.00,7943400.00,376.62,,,
A,26/01/26,14:44:00,443230323937FF171E0D-5,24516000.00,7981800.00,8589000.00,7945200.00,376.62,,,
A,26/01/26,14:49:00,443230323937FF171E0D-5,24523200.00,7984200.00,8591400.00,7947600.00,376.62,,,
A,26/01/26,14:54:00,443230323937FF171E0D-5,24530400.00,7986600.00,8593800.00,7950000.00,376.62,,,
A,26/01/26,14:59:00,443230323937FF171E0D-5,24537600.00,7989000.00,8596200.00,7952400.00,376.62,,,
A,26/01/26,15:04:00,443230323937FF171E0D-5,24544800.00,7991400.00,8598600.00,7954800.00,376.62,,,
A,26/01/26,15:09:00,443230323937FF171E0D-5,24551400.00,7993200.00,8601000.00,7957200.00,376.62,,,
A,26/01/26,15:14:00,443230323937FF171E0D-5,24558600.00,7995600.00,8603400.00,7959600.00,376.62,,,
A,26/01/26,15:19:00,443230323937FF171E0D-5,24566400.00,7998000.00,8606400.00,7962000.00,376.62,,,
A,26/01/26,15:24:00,443230323937FF171E0D-5,24573000.00,8000400.00,8608800.00,7963800.00,376.62,,,
A,26/01/26,15:29:00,443230323937FF171E0D-5,24580200.00,8002800.00,8611200.00,7966200.00,376.62,,,
A,26/01/26,15:34:00,443230323937FF171E0D-5,24587400.00,8005200.00,8613600.00,7968600.00,376.62,,,
A,26/01/26,15:39:00,443230323937FF171E0D-5,24594600.00,8007600.00,8616000.00,7971000.00,376.62,,,
A,26/01/26,15:44:00,443230323937FF171E0D-5,24601800.00,8010000.00,8618400.00,7973400.00,376.62,,,
A,26/01/26,15:49:00,443230323937FF171E0D-5,24609000.00,8012400.00,8620800.00,7975800.00,376.62,,,
A,26/01/26,15:54:00,443230323937FF171E0D-5,24616200.00,8014200.00,8623800.00,7978200.00,376.62,,,
A,26/01/26,15:59:00,443230323937FF171E0D-5,24623400.00,8016600.00,8626200.00,7980600.00,376.62,,,
A,26/01/26,16:04:00,443230323937FF171E0D-5,24630000.00,8019000.00,8628600.00,7982400.00,376.62,,,
A,26/01/26,16:09:00,443230323937FF171E0D-5,24637200.00,8021400.00,8631000.00,7984800.00,376.62,,,
A,26/01/26,16:14:00,443230323937FF171E0D-5,24644400.00,8023800.00,8633400.00,7987200.00,376.62,,,
A,26/01/26,16:19:00,443230323937FF171E0D-5,24651600.00,8026200.00,8635800.00,7989600.00,376.62,,,
A,26/01/26,16:24:00,443230323937FF171E0D-5,24658800.00,8028600.00,8638200.00,7992000.00,376.62,,,
A,26/01/26,16:29:00,443230323937FF171E0D-5,24666000.00,8031000.00,8640600.00,7994400.00,376.62,,,
A,26/01/26,16:34:00,443230323937FF171E0D-5,24673800.00,8033400.00,8643600.00,7996800.00,376.62,,,
A,26/01/26,16:39:00,443230323937FF171E0D-5,24679800.00,8035200.00,8646000.00,7998600.00,376.62,,,
A,26/01/26,16:44:00,443230323937FF171E0D-5,24687000.00,8037600.00,8648400.00,8001000.00,376.62,,,
A,26/01/26,16:49:00,443230323937FF171E0D-5,24694200.00,8040000.00,8650800.00,8003400.00,376.62,,,
A,26/01/26,16:54:00,443230323937FF171E0D-5,24701400.00,8042400.00,8653200.00,8005800.00,376.62,,,
A,26/01/26,16:59:00,443230323937FF171E0D-5,24708600.00,8044800.00,8655600.00,8008200.00,376.62,,,
A,26/01/26,17:04:00,443230323937FF171E0D-5,24715800.00,8047200.00,8658000.00,8010600.00,376.62,,,
A,26/01/26,17:09:00,443230323937FF171E0D-5,24723000.00,8049600.00,8661000.00,8012400.00,376.62,,,
A,26/01/26,17:14:00,443230323937FF171E0D-5,24730200.00,8052000.00,8663400.00,8014800.00,376.62,,,
A,26/01/26,17:19:00,443230323937FF171E0D-5,24737400.00,8054400.00,8665800.00,8017200.00,376.62,,,
A,26/01/26,17:24:00,443230323937FF171E0D-5,24744600.00,8056800.00,8668200.00,8019600.00,376.62,,,
A,26/01/26,17:29:00,443230323937FF171E0D-5,24751200.00,8058600.00,8670600.00,8022000.00,376.62,,,
A,26/01/26,17:34:00,443230323937FF171E0D-5,24758400.00,8061000.00,8673000.00,8024400.00,376.62,,,
A,26/01/26,17:39:00,443230323937FF171E0D-5,24766200.00,8063400.00,8676000.00,8026800.00,376.62,,,
A,26/01/26,17:44:00,443230323937FF171E0D-5,24772800.00,8065800.00,8678400.00,8028600.00,376.62,,,
A,26/01/26,17:49:00,443230323937FF171E0D-5,24780000.00,8068200.00,8680800.00,8031000.00,376.62,,,
A,26/01/26,17:54:00,443230323937FF171E0D-5,24787200.00,8070600.00,8683200.00,8033400.00,376.62,,,
A,26/01/26,17:59:00,443230323937FF171E0D-5,24794400.00,8073000.00,8685600.00,8035800.00,376.62,,,
A,26/01/26,18:04:00,443230323937FF171E0D-5,24801600.00,8075400.00,8688000.00,8038200.00,376.62,,,
A,26/01/26,18:09:00,443230323937FF171E0D-5,24808800.00,8077800.00,8690400.00,8040600.00,376.62,,,
A,26/01/26,18:14:00,443230323937FF171E0D-5,24815400.00,8079600.00,8693400.00,8042400.00,376.62,,,
A,26/01/26,18:19:00,443230323937FF171E0D-5,24822600.00,8082000.00,8695800.00,8044800.00,376.62,,,
A,26/01/26,18:24:00,443230323937FF171E0D-5,24829800.00,8084400.00,8698200.00,8047200.00,376.62,,,
A,26/01/26,18:29:00,443230323937FF171E0D-5,24837000.00,8086800.00,8700600.00,8049600.00,376.62,,,
A,26/01/26,18:34:00,443230323937FF171E0D-5,24844200.00,8089200.00,8703000.00,8052000.00,376.62,,,
A,26/01/26,18:39:00,443230323937FF171E0D-5,24851400.00,8091600.00,8705400.00,8054400.00,376.62,,,
A,26/01/26,18:44:00,443230323937FF171E0D-5,24858600.00,8094000.00,8707800.00,8056800.00,376.62,,,
A,26/01/26,18:49:00,443230323937FF171E0D-5,24865800.00,8096400.00,8710800.00,8058600.00,376.62,,,
A,26/01/26,18:54:00,443230323937FF171E0D-5,24873000.00,8098800.00,8713200.00,8061000.00,376.62,,,
A,26/01/26,18:59:00,443230323937FF171E0D-5,24880200.00,8101200.00,8715600.00,8063400.00,376.62,,,
A,26/01/26,19:04:00,443230323937FF171E0D-5,24886800.00,8103000.00,8718000.00,8065800.00,376.62,,,
A,26/01/26,19:09:00,443230323937FF171E0D-5,24894000.00,8105400.00,8720400.00,8068200.00,376.62,,,
A,26/01/26,19:14:00,443230323937FF171E0D-5,24901200.00,8107800.00,8722800.00,8070600.00,376.62,,,
A,26/01/26,19:19:00,443230323937FF171E0D-5,24908400.00,8110200.00,8725200.00,8073000.00,376.62,,,
A,26/01/26,19:24:00,443230323937FF171E0D-5,24915600.00,8112600.00,8727600.00,8075400.00,376.62,,,
A,26/01/26,19:29:00,443230323937FF171E0D-5,24922200.00,8115000.00,8730000.00,8077200.00,376.62,,,
A,26/01/26,19:34:00,443230323937FF171E0D-5,24930000.00,8117400.00,8733000.00,8079600.00,376.62,,,
A,26/01/26,19:39:00,443230323937FF171E0D-5,24937200.00,8119800.00,8735400.00,8082000.00,376.62,,,
A,26/01/26,19:44:00,443230323937FF171E0D-5,24944400.00,8122200.00,8737800.00,8084400.00,376.62,,,
A,26/01/26,19:49:00,443230323937FF171E0D-5,24951600.00,8124600.00,8740200.00,8086800.00,376.62,,,
A,26/01/26,19:54:00,443230323937FF171E0D-5,24958200.00,8126400.00,8742600.00,8089200.00,376.62,,,
A,26/01/26,19:59:00,443230323937FF171E0D-5,24965400.00,8128800.00,8745000.00,8091600.00,376.62,,,
A,26/01/26,20:04:00,443230323937FF171E0D-5,24972000.00,8131200.00,8747400.00,8093400.00,376.62,,,
A,26/01/26,20:09:00,443230323937FF171E0D-5,24979200.00,8133600.00,8749800.00,8095800.00,376.62,,,
A,26/01/26,20:14:00,443230323937FF171E0D-5,24986400.00,8136000.00,8752200.00,8098200.00,376.62,,,
A,26/01/26,20:19:00,443230323937FF171E0D-5,24993600.00,8138400.00,8754600.00,8100600.00,376.62,,,
A,26/01/26,20:24:00,443230323937FF171E0D-5,25000800.00,8140800.00,8757000.00,8103000.00,376.62,,,
A,26/01/26,20:29:00,443230323937FF171E0D-5,25008600.00,8143200.00,8760000.00,8105400.00,376.62,,,
A,26/01/26,20:34:00,443230323937FF171E0D-5,25015800.00,8145600.00,8762400.00,8107800.00,376.62,,,
A,26/01/26,20:39:00,443230323937FF171E0D-5,25023000.00,8148000.00,8764800.00,8110200.00,376.62,,,
A,26/01/26,20:44:00,443230323937FF171E0D-5,25029600.00,8150400.00,8767200.00,8112000.00,376.62,,,
A,26/01/26,20:49:00,443230323937FF171E0D-5,25036200.00,8152200.00,8769600.00,8114400.00,376.62,,,
A,26/01/26,20:54:00,443230323937FF171E0D-5,25043400.00,8154600.00,8772000.00,8116800.00,376.62,,,
A,26/01/26,20:59:00,443230323937FF171E0D-5,25050600.00,8157000.00,8774400.00,8119200.00,376.62,,,
A,26/01/26,21:04:00,443230323937FF171E0D-5,25057800.00,8159400.00,8776800.00,8121600.00,376.62,,,
A,26/01/26,21:09:00,443230323937FF171E0D-5,25065000.00,8161800.00,8779200.00,8124000.00,376.62,,,
A,26/01/26,21:14:00,443230323937FF171E0D-5,25072200.00,8164200.00,8781600.00,8126400.00,376.62,,,
A,26/01/26,21:19:00,443230323937FF171E0D-5,25080000.00,8166600.00,8784600.00,8128800.00,376.62,,,
A,26/01/26,21:24:00,443230323937FF171E0D-5,25086600.00,8169000.00,8787000.00,8130600.00,376.62,,,
A,26/01/26,21:29:00,443230323937FF171E0D-5,25093800.00,8171400.00,8789400.00,8133000.00,376.62,,,
A,26/01/26,21:34:00,443230323937FF171E0D-5,25101000.00,8173800.00,8791800.00,8135400.00,376.62,,,
A,26/01/26,21:39:00,443230323937FF171E0D-5,25108200.00,8176200.00,8794200.00,8137800.00,376.62,,,
A,26/01/26,21:44:00,443230323937FF171E0D-5,25114800.00,8178000.00,8796600.00,8140200.00,376.62,,,
A,26/01/26,21:49:00,443230323937FF171E0D-5,25122000.00,8180400.00,8799000.00,8142600.00,376.62,,,
A,26/01/26,21:54:00,443230323937FF171E0D-5,25129200.00,8182800.00,8801400.00,8145000.00,376.62,,,
A,26/01/26,21:59:00,443230323937FF171E0D-5,25135800.00,8185200.00,8803800.00,8146800.00,376.62,,,
A,26/01/26,22:04:00,443230323937FF171E0D-5,25143600.00,8187600.00,8806800.00,8149200.00,376.62,,,
A,26/01/26,22:09:00,443230323937FF171E0D-5,25150800.00,8190000.00,8809200.00,8151600.00,376.62,,,
A,26/01/26,22:14:00,443230323937FF171E0D-5,25158000.00,8192400.00,8811600.00,8154000.00,376.62,,,
A,26/01/26,22:19:00,443230323937FF171E0D-5,25165200.00,8194800.00,8814000.00,8156400.00,376.62,,,
A,26/01/26,22:24:00,443230323937FF171E0D-5,25172400.00,8197200.00,8816400.00,8158800.00,376.62,,,
A,26/01/26,22:29:00,443230323937FF171E0D-5,25179600.00,8199600.00,8818800.00,8161200.00,376.62,,,
A,26/01/26,22:34:00,443230323937FF171E0D-5,25186200.00,8201400.00,8821200.00,8163600.00,376.62,,,
A,26/01/26,22:39:00,443230323937FF171E0D-5,25192800.00,8203800.00,8823600.00,8165400.00,376.62,,,
A,26/01/26,22:44:00,443230323937FF171E0D-5,25200000.00,8206200.00,8826000.00,8167800.00,376.62,,,
A,26/01/26,22:49:00,443230323937FF171E0D-5,25207800.00,8208600.00,8829000.00,8170200.00,376.62,,,
A,26/01/26,22:54:00,443230323937FF171E0D-5,25215000.00,8211000.00,8831400.00,8172600.00,376.62,,,
A,26/01/26,22:59:00,443230323937FF171E0D-5,25222200.00,8213400.00,8833800.00,8175000.00,376.62,,,
A,26/01/26,23:04:00,443230323937FF171E0D-5,25229400.00,8215800.00,8836200.00,8177400.00,376.62,,,
A,26/01/26,23:09:00,443230323937FF171E0D-5,25236600.00,8218200.00,8838600.00,8179800.00,376.62,,,
A,26/01/26,23:14:00,443230323937FF171E0D-5,25243800.00,8220600.00,8841000.00,8182200.00,376.62,,,
A,26/01/26,23:19:00,443230323937FF171E0D-5,25250400.00,8222400.00,8843400.00,8184600.00,376.62,,,
A,26/01/26,23:24:00,443230323937FF171E0D-5,25257000.00,8224800.00,8845800.00,8186400.00,376.62,,,
A,26/01/26,23:29:00,443230323937FF171E0D-5,25264200.00,8227200.00,8848200.00,8188800.00,376.62,,,
A,26/01/26,23:34:00,443230323937FF171E0D-5,25272000.00,8229600.00,8851200.00,8191200.00,376.62,,,
A,26/01/26,23:39:00,443230323937FF171E0D-5,25279200.00,8232000.00,8853600.00,8193600.00,376.62,,,
A,26/01/26,23:44:00,443230323937FF171E0D-5,25286400.00,8234400.00,8856000.00,8196000.00,376.62,,,
A,26/01/26,23:49:00,443230323937FF171E0D-5,25293600.00,8236800.00,8858400.00,8198400.00,376.62,,,
A,26/01/26,23:54:00,443230323937FF171E0D-5,25300800.00,8239200.00,8860800.00,8200800.00,376.62,,,
A,26/01/26,23:59:00,443230323937FF171E0D-5,25307400.00,8241000.00,8863200.00,8203200.00,376.62,,,
A,27/01/26,00:04:00,443230323937FF171E0D-5,25314600.00,8243400.00,8865600.00,8205600.00,376.62,,,
A,27/01/26,00:09:00,443230323937FF171E0D-5,25321200.00,8245800.00,8868000.00,8207400.00,376.62,,,
A,27/01/26,00:14:00,443230323937FF171E0D-5,25328400.00,8248200.00,8870400.00,8209800.00,376.62,,,
A,27/01/26,00:19:00,443230323937FF171E0D-5,25336200.00,8250600.00,8873400.00,8212200.00,376.62,,,
A,27/01/26,00:24:00,443230323937FF171E0D-5,25343400.00,8253000.00,8875800.00,8214600.00,376.62,,,
A,27/01/26,00:29:00,443230323937FF171E0D-5,25350600.00,8255400.00,8878200.00,8217000.00,376.62,,,
A,27/01/26,00:34:00,443230323937FF171E0D-5,25357800.00,8257800.00,8880600.00,8219400.00,376.62,,,
A,27/01/26,00:39:00,443230323937FF171E0D-5,25364400.00,8259600.00,8883000.00,8221800.00,376.62,,,
A,27/01/26,00:44:00,443230323937FF171E0D-5,25371600.00,8262000.00,8885400.00,8224200.00,376.62,,,
A,27/01/26,00:49:00,443230323937FF171E0D-5,25378800.00,8264400.00,8887800.00,8226600.00,376.62,,,
A,27/01/26,00:54:00,443230323937FF171E0D-5,25385400.00,8266800.00,8890200.00,8228400.00,376.62,,,
A,27/01/26,00:59:00,443230323937FF171E0D-5,25393200.00,8269200.00,8893200.00,8230800.00,376.62,,,
A,27/01/26,01:04:00,443230323937FF171E0D-5,25400400.00,8271600.00,8895600.00,8233200.00,376.62,,,
A,27/01/26,01:09:00,443230323937FF171E0D-5,25407600.00,8274000.00,8898000.00,8235600.00,376.62,,,
A,27/01/26,01:14:00,443230323937FF171E0D-5,25414800.00,8276400.00,8900400.00,8238000.00,376.62,,,
A,27/01/26,01:19:00,443230323937FF171E0D-5,25422000.00,8278800.00,8902800.00,8240400.00,376.62,,,
A,27/01/26,01:24:00,443230323937FF171E0D-5,25428600.00,8280600.00,8905200.00,8242800.00,376.62,,,
A,27/01/26,01:29:00,443230323937FF171E0D-5,25435800.00,8283000.00,8907600.00,8245200.00,376.62,,,
A,27/01/26,01:34:00,443230323937FF171E0D-5,25442400.00,8285400.00,8910000.00,8247000.00,376.62,,,
A,27/01/26,01:39:00,443230323937FF171E0D-5,25450200.00,8287800.00,8913000.00,8249400.00,376.62,,,
A,27/01/26,01:44:00,443230323937FF171E0D-5,25457400.00,8290200.00,8915400.00,8251800.00,376.62,,,
A,27/01/26,01:49:00,443230323937FF171E0D-5,25464600.00,8292600.00,8917800.00,8254200.00,376.62,,,
A,27/01/26,01:54:00,443230323937FF171E0D-5,25471800.00,8295000.00,8920200.00,8256600.00,376.62,,,
A,27/01/26,01:59:00,443230323937FF171E0D-5,25479000.00,8297400.00,8922600.00,8259000.00,376.62,,,
A,27/01/26,02:04:00,443230323937FF171E0D-5,25485600.00,8299200.00,8925000.00,8261400.00,376.62,,,
A,27/01/26,02:09:00,443230323937FF171E0D-5,25492800.00,8301600.00,8927400.00,8263800.00,376.62,,,
A,27/01/26,02:14:00,443230323937FF171E0D-5,25500000.00,8304000.00,8929800.00,8266200.00,376.62,,,
A,27/01/26,02:19:00,443230323937FF171E0D-5,25507200.00,8306400.00,8932800.00,8268000.00,376.62,,,
A,27/01/26,02:24:00,443230323937FF171E0D-5,25514400.00,8308800.00,8935200.00,8270400.00,376.62,,,
A,27/01/26,02:29:00,443230323937FF171E0D-5,25521600.00,8311200.00,8937600.00,8272800.00,376.62,,,
A,27/01/26,02:34:00,443230323937FF171E0D-5,25528800.00,8313600.00,8940000.00,8275200.00,376.62,,,
A,27/01/26,02:39:00,443230323937FF171E0D-5,25536000.00,8316000.00,8942400.00,8277600.00,376.62,,,
A,27/01/26,02:44:00,443230323937FF171E0D-5,25542600.00,8317800.00,8944800.00,8280000.00,376.62,,,
A,27/01/26,02:49:00,443230323937FF171E0D-5,25549800.00,8320200.00,8947200.00,8282400.00,376.62,,,
A,27/01/26,02:54:00,443230323937FF171E0D-5,25557000.00,8322600.00,8949600.00,8284800.00,376.62,,,
A,27/01/26,02:59:00,443230323937FF171E0D-5,25564800.00,8325000.00,8952600.00,8287200.00,376.62,,,
A,27/01/26,03:04:00,443230323937FF171E0D-5,25571400.00,8327400.00,8955000.00,8289000.00,376.62,,,
A,27/01/26,03:09:00,443230323937FF171E0D-5,25578600.00,8329800.00,8957400.00,8291400.00,376.62,,,
A,27/01/26,03:14:00,443230323937FF171E0D-5,25585800.00,8332200.00,8959800.00,8293800.00,376.62,,,
A,27/01/26,03:19:00,443230323937FF171E0D-5,25593000.00,8334600.00,8962200.00,8296200.00,376.62,,,
A,27/01/26,03:24:00,443230323937FF171E0D-5,25599600.00,8336400.00,8964600.00,8298600.00,376.62,,,
A,27/01/26,03:29:00,443230323937FF171E0D-5,25606800.00,8338800.00,8967000.00,8301000.00,376.62,,,
A,27/01/26,03:34:00,443230323937FF171E0D-5,25614000.00,8341200.00,8969400.00,8303400.00,376.62,,,
A,27/01/26,03:39:00,443230323937FF171E0D-5,25621200.00,8343600.00,8971800.00,8305800.00,376.62,,,
A,27/01/26,03:44:00,443230323937FF171E0D-5,25629000.00,8346000.00,8974800.00,8308200.00,376.62,,,
A,27/01/26,03:49:00,443230323937FF171E0D-5,25635600.00,8348400.00,8977200.00,8310000.00,376.62,,,
A,27/01/26,03:54:00,443230323937FF171E0D-5,25642800.00,8350800.00,8979600.00,8312400.00,376.62,,,
A,27/01/26,03:59:00,443230323937FF171E0D-5,25650000.00,8353200.00,8982000.00,8314800.00,376.62,,,
A,27/01/26,04:04:00,443230323937FF171E0D-5,25656600.00,8355000.00,8984400.00,8317200.00,376.62,,,
A,27/01/26,04:09:00,443230323937FF171E0D-5,25663800.00,8357400.00,8986800.00,8319600.00,376.62,,,
A,27/01/26,04:14:00,443230323937FF171E0D-5,25671000.00,8359800.00,8989200.00,8322000.00,376.62,,,
A,27/01/26,04:19:00,443230323937FF171E0D-5,25678200.00,8362200.00,8991600.00,8324400.00,376.62,,,
A,27/01/26,04:24:00,443230323937FF171E0D-5,25686000.00,8364600.00,8994600.00,8326800.00,376.62,,,
A,27/01/26,04:29:00,443230323937FF171E0D-5,25693200.00,8367000.00,8997000.00,8329200.00,376.62,,,
A,27/01/26,04:34:00,443230323937FF171E0D-5,25699800.00,8369400.00,8999400.00,8331000.00,376.62,,,
A,27/01/26,04:39:00,443230323937FF171E0D-5,25707000.00,8371800.00,9001800.00,8333400.00,376.62,,,
A,27/01/26,04:44:00,443230323937FF171E0D-5,25713600.00,8373600.00,9004200.00,8335800.00,376.62,,,
A,27/01/26,04:49:00,443230323937FF171E0D-5,25720800.00,8376000.00,9006600.00,8338200.00,376.62,,,
A,27/01/26,04:54:00,443230323937FF171E0D-5,25728000.00,8378400.00,9009000.00,8340600.00,376.62,,,
A,27/01/26,04:59:00,443230323937FF171E0D-5,25735200.00,8380800.00,9011400.00,8343000.00,376.62,,,
A,27/01/26,05:04:00,443230323937FF171E0D-5,25743000.00,8383200.00,9014400.00,8345400.00,376.62,,,
A,27/01/26,05:09:00,443230323937FF171E0D-5,25750200.00,8385600.00,9016800.00,8347800.00,376.62,,,
A,27/01/26,05:14:00,443230323937FF171E0D-5,25757400.00,8388000.00,9019200.00,8350200.00,376.62,,,
A,27/01/26,05:19:00,443230323937FF171E0D-5,25764000.00,8390400.00,9021600.00,8352000.00,376.62,,,
A,27/01/26,05:24:00,443230323937FF171E0D-5,25770600.00,8392200.00,9024000.00,8354400.00,376.62,,,
A,27/01/26,05:29:00,443230323937FF171E0D-5,25777800.00,8394600.00,9026400.00,8356800.00,376.62,,,
A,27/01/26,05:34:00,443230323937FF171E0D-5,25785000.00,8397000.00,9028800.00,8359200.00,376.62,,,
A,27/01/26,05:39:00,443230323937FF171E0D-5,25792200.00,8399400.00,9031200.00,8361600.00,376.62,,,
A,27/01/26,05:44:00,443230323937FF171E0D-5,25800000.00,8401800.00,9034200.00,8364000.00,376.62,,,
A,27/01/26,05:49:00,443230323937FF171E0D-5,25807200.00,8404200.00,9036600.00,8366400.00,376.62,,,
A,27/01/26,05:54:00,443230323937FF171E0D-5,25814400.00,8406600.00,9039000.00,8368800.00,376.62,,,
A,27/01/26,05:59:00,443230323937FF171E0D-5,25821600.00,8409000.00,9041400.00,8371200.00,376.62,,,
A,27/01/26,06:04:00,443230323937FF171E0D-5,25827600.00,8410800.00,9043800.00,8373000.00,376.62,,,
A,27/01/26,06:09:00,443230323937FF171E0D-5,25834800.00,8413200.00,9046200.00,8375400.00,376.62,,,
A,27/01/26,06:14:00,443230323937FF171E0D-5,25842000.00,8415600.00,9048600.00,8377800.00,376.62,,,
A,27/01/26,06:19:00,443230323937FF171E0D-5,25849200.00,8418000.00,9051000.00,8380200.00,376.62,,,
A,27/01/26,06:24:00,443230323937FF171E0D-5,25856400.00,8420400.00,9053400.00,8382600.00,376.62,,,
A,27/01/26,06:29:00,443230323937FF171E0D-5,25864200.00,8422800.00,9056400.00,8385000.00,376.62,,,
A,27/01/26,06:34:00,443230323937FF171E0D-5,25871400.00,8425200.00,9058800.00,8387400.00,376.62,,,
A,27/01/26,06:39:00,443230323937FF171E0D-5,25878600.00,8427600.00,9061200.00,8389800.00,376.62,,,
A,27/01/26,06:44:00,443230323937FF171E0D-5,25885200.00,8430000.00,9063600.00,8391600.00,376.62,,,
A,27/01/26,06:49:00,443230323937FF171E0D-5,25892400.00,8432400.00,9066000.00,8394000.00,376.62,,,
A,27/01/26,06:54:00,443230323937FF171E0D-5,25899600.00,8434800.00,9068400.00,8396400.00,376.62,,,
A,27/01/26,06:59:00,443230323937FF171E0D-5,25906800.00,8437200.00,9070800.00,8398800.00,376.62,,,
A,27/01/26,07:04:00,443230323937FF171E0D-5,25914000.00,8439000.00,9073800.00,8401200.00,376.62,,,
A,27/01/26,07:09:00,443230323937FF171E0D-5,25921200.00,8441400.00,9076200.00,8403600.00,376.62,,,
A,27/01/26,07:14:00,443230323937FF171E0D-5,25927800.00,8443800.00,9078600.00,8405400.00,376.62,,,
A,27/01/26,07:19:00,443230323937FF171E0D-5,25935000.00,8446200.00,9081000.00,8407800.00,376.62,,,
A,27/01/26,07:24:00,443230323937FF171E0D-5,25942200.00,8448600.00,9083400.00,8410200.00,376.62,,,
A,27/01/26,07:29:00,443230323937FF171E0D-5,25949400.00,8451000.00,9085800.00,8412600.00,376.62,,,
A,27/01/26,07:34:00,443230323937FF171E0D-5,25956600.00,8453400.00,9088200.00,8415000.00,376.62,,,
A,27/01/26,07:39:00,443230323937FF171E0D-5,25963800.00,8455800.00,9090600.00,8417400.00,376.62,,,
A,27/01/26,07:44:00,443230323937FF171E0D-5,25971000.00,8458200.00,9093600.00,8419200.00,376.62,,,
A,27/01/26,07:49:00,443230323937FF171E0D-5,25978200.00,8460600.00,9096000.00,8421600.00,376.62,,,
A,27/01/26,07:54:00,443230323937FF171E0D-5,25985400.00,8463000.00,9098400.00,8424000.00,376.62,,,
A,27/01/26,07:59:00,443230323937FF171E0D-5,25992600.00,8465400.00,9100800.00,8426400.00,376.62,,,
A,27/01/26,08:04:00,443230323937FF171E0D-5,25999200.00,8467200.00,9103200.00,8428800.00,376.62,,,
A,27/01/26,08:09:00,443230323937FF171E0D-5,26006400.00,8469600.00,9105600.00,8431200.00,376.62,,,
A,27/01/26,08:14:00,443230323937FF171E0D-5,26013600.00,8472000.00,9108000.00,8433600.00,376.62,,,
A,27/01/26,08:19:00,443230323937FF171E0D-5,26020200.00,8474400.00,9110400.00,8435400.00,376.62,,,
A,27/01/26,08:24:00,443230323937FF171E0D-5,26028000.00,8476800.00,9113400.00,8437800.00,376.62,,,
A,27/01/26,08:29:00,443230323937FF171E0D-5,26035200.00,8479200.00,9115800.00,8440200.00,376.62,,,
A,27/01/26,08:34:00,443230323937FF171E0D-5,26042400.00,8481600.00,9118200.00,8442600.00,376.62,,,
A,27/01/26,08:39:00,443230323937FF171E0D-5,26049600.00,8484000.00,9120600.00,8445000.00,376.62,,,
A,27/01/26,08:44:00,443230323937FF171E0D-5,26056800.00,8486400.00,9123000.00,8447400.00,376.62,,,
A,27/01/26,08:49:00,443230323937FF171E0D-5,26064000.00,8488800.00,9125400.00,8449800.00,376.62,,,
A,27/01/26,08:54:00,443230323937FF171E0D-5,26070600.00,8491200.00,9127800.00,8451600.00,376.62,,,
A,27/01/26,08:59:00,443230323937FF171E0D-5,26077200.00,8493000.00,9130200.00,8454000.00,376.62,,,
A,27/01/26,09:04:00,443230323937FF171E0D-5,26085000.00,8495400.00,9133200.00,8456400.00,376.62,,,
A,27/01/26,09:09:00,443230323937FF171E0D-5,26092200.00,8497800.00,9135600.00,8458800.00,376.62,,,
A,27/01/26,09:14:00,443230323937FF171E0D-5,26099400.00,8500200.00,9138000.00,8461200.00,376.62,,,
A,27/01/26,09:19:00,443230323937FF171E0D-5,26106600.00,8502600.00,9140400.00,8463600.00,376.62,,,
A,27/01/26,09:24:00,443230323937FF171E0D-5,26113800.00,8505000.00,9142800.00,8466000.00,376.62,,,
A,27/01/26,09:29:00,443230323937FF171E0D-5,26120400.00,8507400.00,9145200.00,8467800.00,376.62,,,
A,27/01/26,09:34:00,443230323937FF171E0D-5,26127600.00,8509800.00,9147600.00,8470200.00,376.62,,,
A,27/01/26,09:39:00,443230323937FF171E0D-5,26134800.00,8512200.00,9150000.00,8472600.00,376.62,,,
A,27/01/26,09:44:00,443230323937FF171E0D-5,26142000.00,8514600.00,9152400.00,8475000.00,376.62,,,
A,27/01/26,09:49:00,443230323937FF171E0D-5,26149800.00,8517000.00,9155400.00,8477400.00,376.62,,,
A,27/01/26,09:54:00,443230323937FF171E0D-5,26157000.00,8519400.00,9157800.00,8479800.00,376.62,,,
A,27/01/26,09:59:00,443230323937FF171E0D-5,26164200.00,8521800.00,9160200.00,8482200.00,376.62,,,
A,27/01/26,10:04:00,443230323937FF171E0D-5,26170800.00,8523600.00,9162600.00,8484600.00,376.62,,,
A,27/01/26,10:09:00,443230323937FF171E0D-5,26177400.00,8526000.00,9165000.00,8486400.00,376.62,,,
A,27/01/26,10:14:00,443230323937FF171E0D-5,26184600.00,8528400.00,9167400.00,8488800.00,376.62,,,
A,27/01/26,10:19:00,443230323937FF171E0D-5,26191800.00,8530800.00,9169800.00,8491200.00,376.62,,,
A,27/01/26,10:24:00,443230323937FF171E0D-5,26199000.00,8533200.00,9172200.00,8493600.00,376.62,,,
A,27/01/26,10:29:00,443230323937FF171E0D-5,26206200.00,8535600.00,9174600.00,8496000.00,376.62,,,
A,27/01/26,10:34:00,443230323937FF171E0D-5,26214000.00,8538000.00,9177600.00,8498400.00,376.62,,,
A,27/01/26,10:39:00,443230323937FF171E0D-5,26221200.00,8540400.00,9180000.00,8500800.00,376.62,,,
A,27/01/26,10:44:00,443230323937FF171E0D-5,26228400.00,8542800.00,9182400.00,8503200.00,376.62,,,
A,27/01/26,10:49:00,443230323937FF171E0D-5,26235000.00,8545200.00,9184800.00,8505000.00,376.62,,,
A,27/01/26,10:54:00,443230323937FF171E0D-5,26242200.00,8547600.00,9187200.00,8507400.00,376.62,,,
A,27/01/26,10:59:00,443230323937FF171E0D-5,26249400.00,8550000.00,9189600.00,8509800.00,376.62,,,
A,27/01/26,11:04:00,443230323937FF171E0D-5,26256000.00,8551800.00,9192000.00,8512200.00,376.62,,,
A,27/01/26,11:09:00,443230323937FF171E0D-5,26263200.00,8554200.00,9194400.00,8514600.00,376.62,,,
A,27/01/26,11:14:00,443230323937FF171E0D-5,26270400.00,8556600.00,9196800.00,8517000.00,376.62,,,
A,27/01/26,11:19:00,443230323937FF171E0D-5,26277600.00,8559000.00,9199200.00,8519400.00,376.62,,,
A,27/01/26,11:24:00,443230323937FF171E0D-5,26285400.00,8561400.00,9202200.00,8521800.00,376.62,,,
A,27/01/26,11:29:00,443230323937FF171E0D-5,26292000.00,8563800.00,9204600.00,8523600.00,376.62,,,
A,27/01/26,11:34:00,443230323937FF171E0D-5,26299200.00,8566200.00,9207000.00,8526000.00,376.62,,,
A,27/01/26,11:39:00,443230323937FF171E0D-5,26306400.00,8568600.00,9209400.00,8528400.00,376.62,,,
A,27/01/26,11:44:00,443230323937FF171E0D-5,26313600.00,8571000.00,9211800.00,8530800.00,376.62,,,
A,27/01/26,11:49:00,443230323937FF171E0D-5,26320800.00,8573400.00,9214200.00,8533200.00,376.62,,,
A,27/01/26,11:54:00,443230323937FF171E0D-5,26328000.00,8575800.00,9216600.00,8535600.00,376.62,,,
A,27/01/26,11:59:00,443230323937FF171E0D-5,26335200.00,8578200.00,9219000.00,8538000.00,376.62,,,
A,27/01/26,12:04:00,443230323937FF171E0D-5,26342400.00,8580600.00,9221400.00,8540400.00,376.62,,,
A,27/01/26,12:09:00,443230323937FF171E0D-5,26348400.00,8582400.00,9223800.00,8542200.00,376.62,,,
A,27/01/26,12:14:00,443230323937FF171E0D-5,26356200.00,8584800.00,9226800.00,8544600.00,376.62,,,
A,27/01/26,12:19:00,443230323937FF171E0D-5,26363400.00,8587200.00,9229200.00,8547000.00,376.62,,,
A,27/01/26,12:24:00,443230323937FF171E0D-5,26370600.00,8589600.00,9231600.00,8549400.00,376.62,,,
A,27/01/26,12:29:00,443230323937FF171E0D-5,26377800.00,8592000.00,9234000.00,8551800.00,376.62,,,
A,27/01/26,12:34:00,443230323937FF171E0D-5,26385000.00,8594400.00,9236400.00,8554200.00,376.62,,,
A,27/01/26,12:39:00,443230323937FF171E0D-5,26392200.00,8596800.00,9238800.00,8556600.00,376.62,,,
A,27/01/26,12:44:00,443230323937FF171E0D-5,26399400.00,8599200.00,9241200.00,8559000.00,376.62,,,
A,27/01/26,12:49:00,443230323937FF171E0D-5,26406000.00,8601600.00,9243600.00,8560800.00,376.62,,,
A,27/01/26,12:54:00,443230323937FF171E0D-5,26413200.00,8604000.00,9246000.00,8563200.00,376.62,,,
A,27/01/26,12:59:00,443230323937FF171E0D-5,26420400.00,8605800.00,9249000.00,8565600.00,376.62,,,
A,27/01/26,13:04:00,443230323937FF171E0D-5,26427600.00,8608200.00,9251400.00,8568000.00,376.62,,,
A,27/01/26,13:09:00,443230323937FF171E0D-5,26434800.00,8610600.00,9253800.00,8570400.00,376.62,,,
A,27/01/26,13:14:00,443230323937FF171E0D-5,26442000.00,8613000.00,9256200.00,8572800.00,376.62,,,
A,27/01/26,13:19:00,443230323937FF171E0D-5,26449200.00,8615400.00,9258600.00,8575200.00,376.62,,,
A,27/01/26,13:24:00,443230323937FF171E0D-5,26456400.00,8617800.00,9261000.00,8577600.00,376.62,,,
A,27/01/26,13:29:00,443230323937FF171E0D-5,26463000.00,8620200.00,9263400.00,8579400.00,376.62,,,
A,27/01/26,13:34:00,443230323937FF171E0D-5,26470200.00,8622600.00,9265800.00,8581800.00,376.62,,,
A,27/01/26,13:39:00,443230323937FF171E0D-5,26478000.00,8625000.00,9268800.00,8584200.00,376.62,,,
A,27/01/26,13:44:00,443230323937FF171E0D-5,26485200.00,8627400.00,9271200.00,8586600.00,376.62,,,
A,27/01/26,13:49:00,443230323937FF171E0D-5,26492400.00,8629800.00,9273600.00,8589000.00,376.62,,,
A,27/01/26,13:54:00,443230323937FF171E0D-5,26499000.00,8631600.00,9276000.00,8591400.00,376.62,,,
A,27/01/26,13:59:00,443230323937FF171E0D-5,26506200.00,8634000.00,9278400.00,8593800.00,376.62,,,
A,27/01/26,14:04:00,443230323937FF171E0D-5,26513400.00,8636400.00,9280800.00,8596200.00,376.62,,,
A,27/01/26,14:09:00,443230323937FF171E0D-5,26520000.00,8638800.00,9283200.00,8598000.00,376.62,,,
A,27/01/26,14:14:00,443230323937FF171E0D-5,26527200.00,8641200.00,9285600.00,8600400.00,376.62,,,
A,27/01/26,14:19:00,443230323937FF171E0D-5,26534400.00,8643600.00,9288000.00,8602800.00,376.62,,,
A,27/01/26,14:24:00,443230323937FF171E0D-5,26542200.00,8646000.00,9291000.00,8605200.00,376.62,,,
A,27/01/26,14:29:00,443230323937FF171E0D-5,26549400.00,8648400.00,9293400.00,8607600.00,376.62,,,
A,27/01/26,14:34:00,443230323937FF171E0D-5,26556600.00,8650800.00,9295800.00,8610000.00,376.62,,,
A,27/01/26,14:39:00,443230323937FF171E0D-5,26563800.00,8653200.00,9298200.00,8612400.00,376.62,,,
A,27/01/26,14:44:00,443230323937FF171E0D-5,26570400.00,8655000.00,9300600.00,8614800.00,376.62,,,
A,27/01/26,14:49:00,443230323937FF171E0D-5,26577000.00,8657400.00,9303000.00,8616600.00,376.62,,,
A,27/01/26,14:54:00,443230323937FF171E0D-5,26584200.00,8659800.00,9305400.00,8619000.00,376.62,,,
A,27/01/26,14:59:00,443230323937FF171E0D-5,26591400.00,8662200.00,9307800.00,8621400.00,376.62,,,
A,27/01/26,15:04:00,443230323937FF171E0D-5,26598600.00,8664600.00,9310200.00,8623800.00,376.62,,,
A,27/01/26,15:09:00,443230323937FF171E0D-5,26606400.00,8667000.00,9313200.00,8626200.00,376.62,,,
A,27/01/26,15:14:00,443230323937FF171E0D-5,26613600.00,8669400.00,9315600.00,8628600.00,376.62,,,
A,27/01/26,15:19:00,443230323937FF171E0D-5,26620800.00,8671800.00,9318000.00,8631000.00,376.62,,,
A,27/01/26,15:24:00,443230323937FF171E0D-5,26628000.00,8674200.00,9320400.00,8633400.00,376.62,,,
A,27/01/26,15:29:00,443230323937FF171E0D-5,26634000.00,8676000.00,9322800.00,8635200.00,376.62,,,
A,27/01/26,15:34:00,443230323937FF171E0D-5,26641200.00,8678400.00,9325200.00,8637600.00,376.62,,,
A,27/01/26,15:39:00,443230323937FF171E0D-5,26648400.00,8680800.00,9327600.00,8640000.00,376.62,,,
A,27/01/26,15:44:00,443230323937FF171E0D-5,26655600.00,8683200.00,9330000.00,8642400.00,376.62,,,
A,27/01/26,15:49:00,443230323937FF171E0D-5,26662800.00,8685600.00,9332400.00,8644800.00,376.62,,,
A,27/01/26,15:54:00,443230323937FF171E0D-5,26670600.00,8688000.00,9335400.00,8647200.00,376.62,,,
A,27/01/26,15:59:00,443230323937FF171E0D-5,26677800.00,8690400.00,9337800.00,8649600.00,376.62,,,
A,27/01/26,16:04:00,443230323937FF171E0D-5,26685000.00,8692800.00,9340200.00,8652000.00,376.62,,,
A,27/01/26,16:09:00,443230323937FF171E0D-5,26691600.00,8695200.00,9342600.00,8653800.00,376.62,,,
A,27/01/26,16:14:00,443230323937FF171E0D-5,26698800.00,8697600.00,9345000.00,8656200.00,376.62,,,
A,27/01/26,16:19:00,443230323937FF171E0D-5,26706000.00,8700000.00,9347400.00,8658600.00,376.62,,,
A,27/01/26,16:24:00,443230323937FF171E0D-5,26713200.00,8702400.00,9349800.00,8661000.00,376.62,,,
A,27/01/26,16:29:00,443230323937FF171E0D-5,26720400.00,8704800.00,9352200.00,8663400.00,376.62,,,
A,27/01/26,16:34:00,443230323937FF171E0D-5,26727000.00,8706600.00,9354600.00,8665800.00,376.62,,,
A,27/01/26,16:39:00,443230323937FF171E0D-5,26734800.00,8709000.00,9357600.00,8668200.00,376.62,,,
A,27/01/26,16:44:00,443230323937FF171E0D-5,26742000.00,8711400.00,9360000.00,8670600.00,376.62,,,
A,27/01/26,16:49:00,443230323937FF171E0D-5,26748600.00,8713800.00,9362400.00,8672400.00,376.62,,,
A,27/01/26,16:54:00,443230323937FF171E0D-5,26755800.00,8716200.00,9364800.00,8674800.00,376.62,,,
A,27/01/26,16:59:00,443230323937FF171E0D-5,26763000.00,8718600.00,9367200.00,8677200.00,376.62,,,
A,27/01/26,17:04:00,443230323937FF171E0D-5,26770200.00,8721000.00,9369600.00,8679600.00,376.62,,,
A,27/01/26,17:09:00,443230323937FF171E0D-5,26777400.00,8723400.00,9372000.00,8682000.00,376.62,,,
A,27/01/26,17:14:00,443230323937FF171E0D-5,26784600.00,8725800.00,9374400.00,8684400.00,376.62,,,
A,27/01/26,17:19:00,443230323937FF171E0D-5,26791800.00,8728200.00,9376800.00,8686800.00,376.62,,,
A,27/01/26,17:24:00,443230323937FF171E0D-5,26799000.00,8730000.00,9379800.00,8689200.00,376.62,,,
A,27/01/26,17:29:00,443230323937FF171E0D-5,26805600.00,8732400.00,9382200.00,8691000.00,376.62,,,
A,27/01/26,17:34:00,443230323937FF171E0D-5,26812800.00,8734800.00,9384600.00,8693400.00,376.62,,,
A,27/01/26,17:39:00,443230323937FF171E0D-5,26820000.00,8737200.00,9387000.00,8695800.00,376.62,,,
A,27/01/26,17:44:00,443230323937FF171E0D-5,26827200.00,8739600.00,9389400.00,8698200.00,376.62,,,
A,27/01/26,17:49:00,443230323937FF171E0D-5,26834400.00,8742000.00,9391800.00,8700600.00,376.62,,,
A,27/01/26,17:54:00,443230323937FF171E0D-5,26841600.00,8744400.00,9394200.00,8703000.00,376.62,,,
A,27/01/26,17:59:00,443230323937FF171E0D-5,26848800.00,8746800.00,9396600.00,8705400.00,376.62,,,
A,27/01/26,18:04:00,443230323937FF171E0D-5,26856000.00,8749200.00,9399600.00,8707200.00,376.62,,,
A,27/01/26,18:09:00,443230323937FF171E0D-5,26863200.00,8751600.00,9402000.00,8709600.00,376.62,,,
A,27/01/26,18:14:00,443230323937FF171E0D-5,26870400.00,8754000.00,9404400.00,8712000.00,376.62,,,
A,27/01/26,18:19:00,443230323937FF171E0D-5,26877600.00,8756400.00,9406800.00,8714400.00,376.62,,,
A,27/01/26,18:24:00,443230323937FF171E0D-5,26884200.00,8758200.00,9409200.00,8716800.00,376.62,,,
A,27/01/26,18:29:00,443230323937FF171E0D-5,26891400.00,8760600.00,9411600.00,8719200.00,376.62,,,
A,27/01/26,18:34:00,443230323937FF171E0D-5,26898600.00,8763000.00,9414000.00,8721600.00,376.62,,,
A,27/01/26,18:39:00,443230323937FF171E0D-5,26905800.00,8765400.00,9416400.00,8724000.00,376.62,,,
A,27/01/26,18:44:00,443230323937FF171E0D-5,26912400.00,8767800.00,9418800.00,8725800.00,376.62,,,
A,27/01/26,18:49:00,443230323937FF171E0D-5,26919600.00,8770200.00,9421200.00,8728200.00,376.62,,,
A,27/01/26,18:54:00,443230323937FF171E0D-5,26927400.00,8772600.00,9424200.00,8730600.00,376.62,,,
A,27/01/26,18:59:00,443230323937FF171E0D-5,26934600.00,8775000.00,9426600.00,8733000.00,376.62,,,
A,27/01/26,19:04:00,443230323937FF171E0D-5,26941800.00,8777400.00,9429000.00,8735400.00,376.62,,,
A,27/01/26,19:09:00,443230323937FF171E0D-5,26949000.00,8779800.00,9431400.00,8737800.00,376.62,,,
A,27/01/26,19:14:00,443230323937FF171E0D-5,26956200.00,8782200.00,9433800.00,8740200.00,376.62,,,
A,27/01/26,19:19:00,443230323937FF171E0D-5,26963400.00,8784600.00,9436200.00,8742600.00,376.62,,,
A,27/01/26,19:24:00,443230323937FF171E0D-5,26970000.00,8787000.00,9438600.00,8744400.00,376.62,,,
A,27/01/26,19:29:00,443230323937FF171E0D-5,26977200.00,8789400.00,9441000.00,8746800.00,376.62,,,
A,27/01/26,19:34:00,443230323937FF171E0D-5,26983800.00,8791200.00,9443400.00,8749200.00,376.62,,,
A,27/01/26,19:39:00,443230323937FF171E0D-5,26991000.00,8793600.00,9445800.00,8751600.00,376.62,,,
A,27/01/26,19:44:00,443230323937FF171E0D-5,26998200.00,8796000.00,9448200.00,8754000.00,376.62,,,
A,27/01/26,19:49:00,443230323937FF171E0D-5,27005400.00,8798400.00,9450600.00,8756400.00,376.62,,,
A,27/01/26,19:54:00,443230323937FF171E0D-5,27013200.00,8800800.00,9453600.00,8758800.00,376.62,,,
A,27/01/26,19:59:00,443230323937FF171E0D-5,27020400.00,8803200.00,9456000.00,8761200.00,376.62,,,
A,27/01/26,20:04:00,443230323937FF171E0D-5,27027600.00,8805600.00,9458400.00,8763600.00,376.62,,,
A,27/01/26,20:09:00,443230323937FF171E0D-5,27034800.00,8808000.00,9460800.00,8766000.00,376.62,,,
A,27/01/26,20:14:00,443230323937FF171E0D-5,27041400.00,8810400.00,9463200.00,8767800.00,376.62,,,
A,27/01/26,20:19:00,443230323937FF171E0D-5,27048600.00,8812800.00,9465600.00,8770200.00,376.62,,,
A,27/01/26,20:24:00,443230323937FF171E0D-5,27055800.00,8815200.00,9468000.00,8772600.00,376.62,,,
A,27/01/26,20:29:00,443230323937FF171E0D-5,27063000.00,8817600.00,9470400.00,8775000.00,376.62,,,
A,27/01/26,20:34:00,443230323937FF171E0D-5,27069600.00,8819400.00,9472800.00,8777400.00,376.62,,,
A,27/01/26,20:39:00,443230323937FF171E0D-5,27076800.00,8821800.00,9475200.00,8779800.00,376.62,,,
A,27/01/26,20:44:00,443230323937FF171E0D-5,27084000.00,8824200.00,9477600.00,8782200.00,376.62,,,
A,27/01/26,20:49:00,443230323937FF171E0D-5,27091800.00,8826600.00,9480600.00,8784600.00,376.62,,,
A,27/01/26,20:54:00,443230323937FF171E0D-5,27099000.00,8829000.00,9483000.00,8787000.00,376.62,,,
A,27/01/26,20:59:00,443230323937FF171E0D-5,27105600.00,8831400.00,9485400.00,8788800.00,376.62,,,
A,27/01/26,21:04:00,443230323937FF171E0D-5,27112800.00,8833800.00,9487800.00,8791200.00,376.62,,,
A,27/01/26,21:09:00,443230323937FF171E0D-5,27120000.00,8836200.00,9490200.00,8793600.00,376.62,,,
A,27/01/26,21:14:00,443230323937FF171E0D-5,27127200.00,8838600.00,9492600.00,8796000.00,376.62,,,
A,27/01/26,21:19:00,443230323937FF171E0D-5,27134400.00,8841000.00,9495000.00,8798400.00,376.62,,,
A,27/01/26,21:24:00,443230323937FF171E0D-5,27141000.00,8842800.00,9497400.00,8800800.00,376.62,,,
A,27/01/26,21:29:00,443230323937FF171E0D-5,27148200.00,8845200.00,9499800.00,8803200.00,376.62,,,
A,27/01/26,21:34:00,443230323937FF171E0D-5,27155400.00,8847600.00,9502200.00,8805600.00,376.62,,,
A,27/01/26,21:39:00,443230323937FF171E0D-5,27162600.00,8850000.00,9504600.00,8808000.00,376.62,,,
A,27/01/26,21:44:00,443230323937FF171E0D-5,27169800.00,8852400.00,9507000.00,8810400.00,376.62,,,
A,27/01/26,21:49:00,443230323937FF171E0D-5,27177000.00,8854800.00,9510000.00,8812200.00,376.62,,,
A,27/01/26,21:54:00,443230323937FF171E0D-5,27184200.00,8857200.00,9512400.00,8814600.00,376.62,,,
A,27/01/26,21:59:00,443230323937FF171E0D-5,27191400.00,8859600.00,9514800.00,8817000.00,376.62,,,
A,27/01/26,22:04:00,443230323937FF171E0D-5,27198600.00,8862000.00,9517200.00,8819400.00,376.62,,,
A,27/01/26,22:09:00,443230323937FF171E0D-5,27205800.00,8864400.00,9519600.00,8821800.00,376.62,,,
A,27/01/26,22:14:00,443230323937FF171E0D-5,27213000.00,8866800.00,9522000.00,8824200.00,376.62,,,
A,27/01/26,22:19:00,443230323937FF171E0D-5,27219600.00,8868600.00,9524400.00,8826600.00,376.62,,,
A,27/01/26,22:24:00,443230323937FF171E0D-5,27226800.00,8871000.00,9526800.00,8829000.00,376.62,,,
A,27/01/26,22:29:00,443230323937FF171E0D-5,27234000.00,8873400.00,9529200.00,8831400.00,376.62,,,
A,27/01/26,22:34:00,443230323937FF171E0D-5,27241200.00,8875800.00,9531600.00,8833800.00,376.62,,,
A,27/01/26,22:39:00,443230323937FF171E0D-5,27247800.00,8878200.00,9534000.00,8835600.00,376.62,,,
A,27/01/26,22:44:00,443230323937FF171E0D-5,27255600.00,8880600.00,9537000.00,8838000.00,376.62,,,
A,27/01/26,22:49:00,443230323937FF171E0D-5,27262800.00,8883000.00,9539400.00,8840400.00,376.62,,,
A,27/01/26,22:54:00,443230323937FF171E0D-5,27270000.00,8885400.00,9541800.00,8842800.00,376.62,,,
A,27/01/26,22:59:00,443230323937FF171E0D-5,27277200.00,8887800.00,9544200.00,8845200.00,376.62,,,
A,27/01/26,23:04:00,443230323937FF171E0D-5,27283800.00,8889600.00,9546600.00,8847600.00,376.62,,,
A,27/01/26,23:09:00,443230323937FF171E0D-5,27291000.00,8892000.00,9549000.00,8850000.00,376.62,,,
A,27/01/26,23:14:00,443230323937FF171E0D-5,27298200.00,8894400.00,9551400.00,8852400.00,376.62,,,
A,27/01/26,23:19:00,443230323937FF171E0D-5,27305400.00,8896800.00,9553800.00,8854800.00,376.62,,,
A,27/01/26,23:24:00,443230323937FF171E0D-5,27312600.00,8899200.00,9556200.00,8857200.00,376.62,,,
A,27/01/26,23:29:00,443230323937FF171E0D-5,27319800.00,8901600.00,9558600.00,8859600.00,376.62,,,
A,27/01/26,23:34:00,443230323937FF171E0D-5,27326400.00,8904000.00,9561000.00,8861400.00,376.62,,,
A,27/01/26,23:39:00,443230323937FF171E0D-5,27333600.00,8905800.00,9564000.00,8863800.00,376.62,,,
A,27/01/26,23:44:00,443230323937FF171E0D-5,27340800.00,8908200.00,9566400.00,8866200.00,376.62,,,
A,27/01/26,23:49:00,443230323937FF171E0D-5,27348000.00,8910600.00,9568800.00,8868600.00,376.62,,,
A,27/01/26,23:54:00,443230323937FF171E0D-5,27355200.00,8913000.00,9571200.00,8871000.00,376.62,,,
A,27/01/26,23:59:00,443230323937FF171E0D-5,27362400.00,8915400.00,9573600.00,8873400.00,376.62,,,
A,28/01/26,00:04:00,443230323937FF171E0D-5,27369600.00,8917800.00,9576000.00,8875800.00,376.62,,,
A,28/01/26,00:09:00,443230323937FF171E0D-5,27376800.00,8920200.00,9578400.00,8878200.00,376.62,,,
A,28/01/26,00:14:00,443230323937FF171E0D-5,27384000.00,8922600.00,9580800.00,8880600.00,376.62,,,
A,28/01/26,00:19:00,443230323937FF171E0D-5,27390600.00,8924400.00,9583200.00,8883000.00,376.62,,,
A,28/01/26,00:24:00,443230323937FF171E0D-5,27397200.00,8926800.00,9585600.00,8884800.00,376.62,,,
A,28/01/26,00:29:00,443230323937FF171E0D-5,27405000.00,8929200.00,9588600.00,8887200.00,376.62,,,
A,28/01/26,00:34:00,443230323937FF171E0D-5,27412200.00,8931600.00,9591000.00,8889600.00,376.62,,,
A,28/01/26,00:39:00,443230323937FF171E0D-5,27419400.00,8934000.00,9593400.00,8892000.00,376.62,,,
A,28/01/26,00:44:00,443230323937FF171E0D-5,27426600.00,8936400.00,9595800.00,8894400.00,376.62,,,
A,28/01/26,00:49:00,443230323937FF171E0D-5,27433800.00,8938800.00,9598200.00,8896800.00,376.62,,,
A,28/01/26,00:54:00,443230323937FF171E0D-5,27441000.00,8941200.00,9600600.00,8899200.00,376.62,,,
A,28/01/26,00:59:00,443230323937FF171E0D-5,27448200.00,8943600.00,9603000.00,8901600.00,376.62,,,
A,28/01/26,01:04:00,443230323937FF171E0D-5,27454800.00,8945400.00,9605400.00,8904000.00,376.62,,,
A,28/01/26,01:09:00,443230323937FF171E0D-5,27462000.00,8947800.00,9607800.00,8906400.00,376.62,,,
A,28/01/26,01:14:00,443230323937FF171E0D-5,27468600.00,8950200.00,9610200.00,8908200.00,376.62,,,
A,28/01/26,01:19:00,443230323937FF171E0D-5,27476400.00,8952600.00,9613200.00,8910600.00,376.62,,,
A,28/01/26,01:24:00,443230323937FF171E0D-5,27483600.00,8955000.00,9615600.00,8913000.00,376.62,,,
A,28/01/26,01:29:00,443230323937FF171E0D-5,27490800.00,8957400.00,9618000.00,8915400.00,376.62,,,
A,28/01/26,01:34:00,443230323937FF171E0D-5,27498000.00,8959800.00,9620400.00,8917800.00,376.62,,,
A,28/01/26,01:39:00,443230323937FF171E0D-5,27505200.00,8962200.00,9622800.00,8920200.00,376.62,,,
A,28/01/26,01:44:00,443230323937FF171E0D-5,27511800.00,8964000.00,9625200.00,8922600.00,376.62,,,
A,28/01/26,01:49:00,443230323937FF171E0D-5,27519000.00,8966400.00,9627600.00,8925000.00,376.62,,,
A,28/01/26,01:54:00,443230323937FF171E0D-5,27526200.00,8968800.00,9630000.00,8927400.00,376.62,,,
A,28/01/26,01:59:00,443230323937FF171E0D-5,27533400.00,8971200.00,9632400.00,8929800.00,376.62,,,
A,28/01/26,02:04:00,443230323937FF171E0D-5,27540000.00,8973600.00,9634800.00,8931600.00,376.62,,,
A,28/01/26,02:09:00,443230323937FF171E0D-5,27547200.00,8976000.00,9637200.00,8934000.00,376.62,,,
A,28/01/26,02:14:00,443230323937FF171E0D-5,27555000.00,8978400.00,9640200.00,8936400.00,376.62,,,
A,28/01/26,02:19:00,443230323937FF171E0D-5,27562200.00,8980800.00,9642600.00,8938800.00,376.62,,,
A,28/01/26,02:24:00,443230323937FF171E0D-5,27569400.00,8983200.00,9645000.00,8941200.00,376.62,,,
A,28/01/26,02:29:00,443230323937FF171E0D-5,27576000.00,8985000.00,9647400.00,8943600.00,376.62,,,
A,28/01/26,02:34:00,443230323937FF171E0D-5,27583200.00,8987400.00,9649800.00,8946000.00,376.62,,,
A,28/01/26,02:39:00,443230323937FF171E0D-5,27590400.00,8989800.00,9652200.00,8948400.00,376.62,,,
A,28/01/26,02:44:00,443230323937FF171E0D-5,27597600.00,8992200.00,9654600.00,8950800.00,376.62,,,
A,28/01/26,02:49:00,443230323937FF171E0D-5,27604800.00,8994600.00,9657000.00,8953200.00,376.62,,,
A,28/01/26,02:54:00,443230323937FF171E0D-5,27612000.00,8997000.00,9659400.00,8955600.00,376.62,,,
A,28/01/26,02:59:00,443230323937FF171E0D-5,27618600.00,8999400.00,9661800.00,8957400.00,376.62,,,
A,28/01/26,03:04:00,443230323937FF171E0D-5,27625800.00,9001800.00,9664200.00,8959800.00,376.62,,,
A,28/01/26,03:09:00,443230323937FF171E0D-5,27633000.00,9003600.00,9667200.00,8962200.00,376.62,,,
A,28/01/26,03:14:00,443230323937FF171E0D-5,27640200.00,9006000.00,9669600.00,8964600.00,376.62,,,
A,28/01/26,03:19:00,443230323937FF171E0D-5,27647400.00,9008400.00,9672000.00,8967000.00,376.62,,,
A,28/01/26,03:24:00,443230323937FF171E0D-5,27654600.00,9010800.00,9674400.00,8969400.00,376.62,,,
A,28/01/26,03:29:00,443230323937FF171E0D-5,27661800.00,9013200.00,9676800.00,8971800.00,376.62,,,
A,28/01/26,03:34:00,443230323937FF171E0D-5,27669000.00,9015600.00,9679200.00,8974200.00,376.62,,,
A,28/01/26,03:39:00,443230323937FF171E0D-5,27676200.00,9018000.00,9681600.00,8976600.00,376.62,,,
A,28/01/26,03:44:00,443230323937FF171E0D-5,27683400.00,9020400.00,9684000.00,8979000.00,376.62,,,
A,28/01/26,03:49:00,443230323937FF171E0D-5,27689400.00,9022200.00,9686400.00,8980800.00,376.62,,,
A,28/01/26,03:54:00,443230323937FF171E0D-5,27696600.00,9024600.00,9688800.00,8983200.00,376.62,,,
A,28/01/26,03:59:00,443230323937FF171E0D-5,27703800.00,9027000.00,9691200.00,8985600.00,376.62,,,
A,28/01/26,04:04:00,443230323937FF171E0D-5,27711600.00,9029400.00,9694200.00,8988000.00,376.62,,,
A,28/01/26,04:09:00,443230323937FF171E0D-5,27718800.00,9031800.00,9696600.00,8990400.00,376.62,,,
A,28/01/26,04:14:00,443230323937FF171E0D-5,27726000.00,9034200.00,9699000.00,8992800.00,376.62,,,
A,28/01/26,04:19:00,443230323937FF171E0D-5,27733200.00,9036600.00,9701400.00,8995200.00,376.62,,,
A,28/01/26,04:24:00,443230323937FF171E0D-5,27740400.00,9039000.00,9703800.00,8997600.00,376.62,,,
A,28/01/26,04:29:00,443230323937FF171E0D-5,27747600.00,9041400.00,9706200.00,9000000.00,376.62,,,
A,28/01/26,04:34:00,443230323937FF171E0D-5,27754200.00,9043200.00,9708600.00,9002400.00,376.62,,,
A,28/01/26,04:39:00,443230323937FF171E0D-5,27760800.00,9045600.00,9711000.00,9004200.00,376.62,,,
A,28/01/26,04:44:00,443230323937FF171E0D-5,27768000.00,9048000.00,9713400.00,9006600.00,376.62,,,
A,28/01/26,04:49:00,443230323937FF171E0D-5,27775200.00,9050400.00,9715800.00,9009000.00,376.62,,,
A,28/01/26,04:54:00,443230323937FF171E0D-5,27783000.00,9052800.00,9718800.00,9011400.00,376.62,,,
A,28/01/26,04:59:00,443230323937FF171E0D-5,27790200.00,9055200.00,9721200.00,9013800.00,376.62,,,
A,28/01/26,05:04:00,443230323937FF171E0D-5,27797400.00,9057600.00,9723600.00,9016200.00,376.62,,,
A,28/01/26,05:09:00,443230323937FF171E0D-5,27804600.00,9060000.00,9726000.00,9018600.00,376.62,,,
A,28/01/26,05:14:00,443230323937FF171E0D-5,27811200.00,9061800.00,9728400.00,9021000.00,376.62,,,
A,28/01/26,05:19:00,443230323937FF171E0D-5,27818400.00,9064200.00,9730800.00,9023400.00,376.62,,,
A,28/01/26,05:24:00,443230323937FF171E0D-5,27825000.00,9066600.00,9733200.00,9025200.00,376.62,,,
A,28/01/26,05:29:00,443230323937FF171E0D-5,27832200.00,9069000.00,9735600.00,9027600.00,376.62,,,
A,28/01/26,05:34:00,443230323937FF171E0D-5,27839400.00,9071400.00,9738000.00,9030000.00,376.62,,,
A,28/01/26,05:39:00,443230323937FF171E0D-5,27846600.00,9073800.00,9740400.00,9032400.00,376.62,,,
A,28/01/26,05:44:00,443230323937FF171E0D-5,27854400.00,9076200.00,9743400.00,9034800.00,376.62,,,
A,28/01/26,05:49:00,443230323937FF171E0D-5,27861600.00,9078600.00,9745800.00,9037200.00,376.62,,,
A,28/01/26,05:54:00,443230323937FF171E0D-5,27868800.00,9081000.00,9748200.00,9039600.00,376.62,,,
A,28/01/26,05:59:00,443230323937FF171E0D-5,27875400.00,9082800.00,9750600.00,9042000.00,376.62,,,
A,28/01/26,06:04:00,443230323937FF171E0D-5,27882600.00,9085200.00,9753000.00,9044400.00,376.62,,,
A,28/01/26,06:09:00,443230323937FF171E0D-5,27889200.00,9087600.00,9755400.00,9046200.00,376.62,,,
A,28/01/26,06:14:00,443230323937FF171E0D-5,27896400.00,9090000.00,9757800.00,9048600.00,376.62,,,
A,28/01/26,06:19:00,443230323937FF171E0D-5,27903600.00,9092400.00,9760200.00,9051000.00,376.62,,,
A,28/01/26,06:24:00,443230323937FF171E0D-5,27910800.00,9094800.00,9762600.00,9053400.00,376.62,,,
A,28/01/26,06:29:00,443230323937FF171E0D-5,27918000.00,9097200.00,9765000.00,9055800.00,376.62,,,
A,28/01/26,06:34:00,443230323937FF171E0D-5,27925800.00,9099600.00,9768000.00,9058200.00,376.62,,,
A,28/01/26,06:39:00,443230323937FF171E0D-5,27933000.00,9102000.00,9770400.00,9060600.00,376.62,,,
A,28/01/26,06:44:00,443230323937FF171E0D-5,27940200.00,9104400.00,9772800.00,9063000.00,376.62,,,
A,28/01/26,06:49:00,443230323937FF171E0D-5,27946800.00,9106800.00,9775200.00,9064800.00,376.62,,,
A,28/01/26,06:54:00,443230323937FF171E0D-5,27954000.00,9109200.00,9777600.00,9067200.00,376.62,,,
A,28/01/26,06:59:00,443230323937FF171E0D-5,27961200.00,9111600.00,9780000.00,9069600.00,376.62,,,
A,28/01/26,07:04:00,443230323937FF171E0D-5,27967800.00,9113400.00,9782400.00,9072000.00,376.62,,,
A,28/01/26,07:09:00,443230323937FF171E0D-5,27975000.00,9115800.00,9784800.00,9074400.00,376.62,,,
A,28/01/26,07:14:00,443230323937FF171E0D-5,27982200.00,9118200.00,9787200.00,9076800.00,376.62,,,
A,28/01/26,07:19:00,443230323937FF171E0D-5,27988800.00,9120600.00,9789600.00,9078600.00,376.62,,,
A,28/01/26,07:24:00,443230323937FF171E0D-5,27996600.00,9123000.00,9792600.00,9081000.00,376.62,,,
A,28/01/26,07:29:00,443230323937FF171E0D-5,28003800.00,9125400.00,9795000.00,9083400.00,376.62,,,
A,28/01/26,07:34:00,443230323937FF171E0D-5,28011000.00,9127800.00,9797400.00,9085800.00,376.62,,,
A,28/01/26,07:39:00,443230323937FF171E0D-5,28018200.00,9130200.00,9799800.00,9088200.00,376.62,,,
A,28/01/26,07:44:00,443230323937FF171E0D-5,28025400.00,9132600.00,9802200.00,9090600.00,376.62,,,
A,28/01/26,07:49:00,443230323937FF171E0D-5,28032600.00,9135000.00,9804600.00,9093000.00,376.62,,,
A,28/01/26,07:54:00,443230323937FF171E0D-5,28039200.00,9137400.00,9807000.00,9094800.00,376.62,,,
A,28/01/26,07:59:00,443230323937FF171E0D-5,28046400.00,9139800.00,9809400.00,9097200.00,376.62,,,
A,28/01/26,08:04:00,443230323937FF171E0D-5,28053600.00,9141600.00,9812400.00,9099600.00,376.62,,,
A,28/01/26,08:09:00,443230323937FF171E0D-5,28060800.00,9144000.00,9814800.00,9102000.00,376.62,,,
A,28/01/26,08:14:00,443230323937FF171E0D-5,28068000.00,9146400.00,9817200.00,9104400.00,376.62,,,
A,28/01/26,08:19:00,443230323937FF171E0D-5,28075200.00,9148800.00,9819600.00,9106800.00,376.62,,,
A,28/01/26,08:24:00,443230323937FF171E0D-5,28082400.00,9151200.00,9822000.00,9109200.00,376.62,,,
A,28/01/26,08:29:00,443230323937FF171E0D-5,28089000.00,9153600.00,9824400.00,9111000.00,376.62,,,
A,28/01/26,08:34:00,443230323937FF171E0D-5,28096200.00,9156000.00,9826800.00,9113400.00,376.62,,,
A,28/01/26,08:39:00,443230323937FF171E0D-5,28103400.00,9158400.00,9829200.00,9115800.00,376.62,,,
A,28/01/26,08:44:00,443230323937FF171E0D-5,28110600.00,9160800.00,9831600.00,9118200.00,376.62,,,
A,28/01/26,08:49:00,443230323937FF171E0D-5,28118400.00,9163200.00,9834600.00,9120600.00,376.62,,,
A,28/01/26,08:54:00,443230323937FF171E0D-5,28125600.00,9165600.00,9837000.00,9123000.00,376.62,,,
A,28/01/26,08:59:00,443230323937FF171E0D-5,28132800.00,9168000.00,9839400.00,9125400.00,376.62,,,
A,28/01/26,09:04:00,443230323937FF171E0D-5,28138800.00,9169800.00,9841800.00,9127200.00,376.62,,,
A,28/01/26,09:09:00,443230323937FF171E0D-5,28146000.00,9172200.00,9844200.00,9129600.00,376.62,,,
A,28/01/26,09:14:00,443230323937FF171E0D-5,28153200.00,9174600.00,9846600.00,9132000.00,376.62,,,
A,28/01/26,09:19:00,443230323937FF171E0D-5,28160400.00,9177000.00,9849000.00,9134400.00,376.62,,,
A,28/01/26,09:24:00,443230323937FF171E0D-5,28167600.00,9179400.00,9851400.00,9136800.00,376.62,,,
A,28/01/26,09:29:00,443230323937FF171E0D-5,28174800.00,9181800.00,9853800.00,9139200.00,376.62,,,
A,28/01/26,09:34:00,443230323937FF171E0D-5,28182600.00,9184200.00,9856800.00,9141600.00,376.62,,,
A,28/01/26,09:39:00,443230323937FF171E0D-5,28189800.00,9186600.00,9859200.00,9144000.00,376.62,,,
A,28/01/26,09:44:00,443230323937FF171E0D-5,28196400.00,9189000.00,9861600.00,9145800.00,376.62,,,
A,28/01/26,09:49:00,443230323937FF171E0D-5,28203600.00,9191400.00,9864000.00,9148200.00,376.62,,,
A,28/01/26,09:54:00,443230323937FF171E0D-5,28210800.00,9193800.00,9866400.00,9150600.00,376.62,,,
A,28/01/26,09:59:00,443230323937FF171E0D-5,28218000.00,9196200.00,9868800.00,9153000.00,376.62,,,
A,28/01/26,10:04:00,443230323937FF171E0D-5,28224600.00,9198000.00,9871200.00,9155400.00,376.62,,,
A,28/01/26,10:09:00,443230323937FF171E0D-5,28231800.00,9200400.00,9873600.00,9157800.00,376.62,,,
A,28/01/26,10:14:00,443230323937FF171E0D-5,28239000.00,9202800.00,9876000.00,9160200.00,376.62,,,
A,28/01/26,10:19:00,443230323937FF171E0D-5,28246200.00,9205200.00,9878400.00,9162600.00,376.62,,,
A,28/01/26,10:24:00,443230323937FF171E0D-5,28253400.00,9207600.00,9881400.00,9164400.00,376.62,,,
A,28/01/26,10:29:00,443230323937FF171E0D-5,28260600.00,9210000.00,9883800.00,9166800.00,376.62,,,
A,28/01/26,10:34:00,443230323937FF171E0D-5,28267800.00,9212400.00,9886200.00,9169200.00,376.62,,,
A,28/01/26,10:39:00,443230323937FF171E0D-5,28275000.00,9214800.00,9888600.00,9171600.00,376.62,,,
A,28/01/26,10:44:00,443230323937FF171E0D-5,28282200.00,9217200.00,9891000.00,9174000.00,376.62,,,
A,28/01/26,10:49:00,443230323937FF171E0D-5,28289400.00,9219600.00,9893400.00,9176400.00,376.62,,,
A,28/01/26,10:54:00,443230323937FF171E0D-5,28296600.00,9222000.00,9895800.00,9178800.00,376.62,,,
A,28/01/26,10:59:00,443230323937FF171E0D-5,28303200.00,9224400.00,9898200.00,9180600.00,376.62,,,
A,28/01/26,11:04:00,443230323937FF171E0D-5,28309800.00,9226200.00,9900600.00,9183000.00,376.62,,,
A,28/01/26,11:09:00,443230323937FF171E0D-5,28317000.00,9228600.00,9903000.00,9185400.00,376.62,,,
A,28/01/26,11:14:00,443230323937FF171E0D-5,28324800.00,9231000.00,9906000.00,9187800.00,376.62,,,
A,28/01/26,11:19:00,443230323937FF171E0D-5,28332000.00,9233400.00,9908400.00,9190200.00,376.62,,,
A,28/01/26,11:24:00,443230323937FF171E0D-5,28339200.00,9235800.00,9910800.00,9192600.00,376.62,,,
A,28/01/26,11:29:00,443230323937FF171E0D-5,28346400.00,9238200.00,9913200.00,9195000.00,376.62,,,
A,28/01/26,11:34:00,443230323937FF171E0D-5,28353600.00,9240600.00,9915600.00,9197400.00,376.62,,,
A,28/01/26,11:39:00,443230323937FF171E0D-5,28360800.00,9243000.00,9918000.00,9199800.00,376.62,,,
A,28/01/26,11:44:00,443230323937FF171E0D-5,28367400.00,9245400.00,9920400.00,9201600.00,376.62,,,
A,28/01/26,11:49:00,443230323937FF171E0D-5,28374000.00,9247200.00,9922800.00,9204000.00,376.62,,,
A,28/01/26,11:54:00,443230323937FF171E0D-5,28381200.00,9249600.00,9925200.00,9206400.00,376.62,,,
A,28/01/26,11:59:00,443230323937FF171E0D-5,28388400.00,9252000.00,9927600.00,9208800.00,376.62,,,
A,28/01/26,12:04:00,443230323937FF171E0D-5,28395600.00,9254400.00,9930000.00,9211200.00,376.62,,,
A,28/01/26,12:09:00,443230323937FF171E0D-5,28403400.00,9256800.00,9933000.00,9213600.00,376.62,,,
A,28/01/26,12:14:00,443230323937FF171E0D-5,28410600.00,9259200.00,9935400.00,9216000.00,376.62,,,
A,28/01/26,12:19:00,443230323937FF171E0D-5,28417800.00,9261600.00,9937800.00,9218400.00,376.62,,,
A,28/01/26,12:24:00,443230323937FF171E0D-5,28424400.00,9264000.00,9940200.00,9220200.00,376.62,,,
A,28/01/26,12:29:00,443230323937FF171E0D-5,28431600.00,9266400.00,9942600.00,9222600.00,376.62,,,
A,28/01/26,12:34:00,443230323937FF171E0D-5,28438800.00,9268800.00,9945000.00,9225000.00,376.62,,,
A,28/01/26,12:39:00,443230323937FF171E0D-5,28446000.00,9271200.00,9947400.00,9227400.00,376.62,,,
A,28/01/26,12:44:00,443230323937FF171E0D-5,28452600.00,9273000.00,9949800.00,9229800.00,376.62,,,
A,28/01/26,12:49:00,443230323937FF171E0D-5,28459800.00,9275400.00,9952200.00,9232200.00,376.62,,,
A,28/01/26,12:54:00,443230323937FF171E0D-5,28467600.00,9277800.00,9955200.00,9234600.00,376.62,,,
A,28/01/26,12:59:00,443230323937FF171E0D-5,28470000.00,9279000.00,9955800.00,9235200.00,376.62,,,
A,28/01/26,13:04:00,443230323937FF171E0D-5,28470000.00,9279000.00,9955800.00,9235200.00,376.62,,,
A,28/01/26,13:09:00,443230323937FF171E0D-5,28470000.00,9279000.00,9955800.00,9235200.00,376.62,,,
A,28/01/26,13:14:00,443230323937FF171E0D-5,28470000.00,9279000.00,9955800.00,9235200.00,376.62,,,
A,28/01/26,13:19:00,443230323937FF171E0D-5,28470000.00,9279000.00,9955800.00,9235200.00,376.62,,,
A,28/01/26,13:24:00,443230323937FF171E0D-5,28470000.00,9279000.00,9955800.00,9235200.00,376.62,,,
A,28/01/26,13:29:00,443230323937FF171E0D-5,28470000.00,9279000.00,9955800.00,9235200.00,376.62,,,
A,28/01/26,13:34:00,443230323937FF171E0D-5,28470000.00,9279000.00,9955800.00,9235200.00,376.62,,,
A,28/01/26,13:39:00,443230323937FF171E0D-5,28470000.00,9279000.00,9955800.00,9235200.00,376.62,,,
A,28/01/26,13:44:00,443230323937FF171E0D-5,28470000.00,9279000.00,9955800.00,9235200.00,376.62,,,
A,28/01/26,13:49:00,443230323937FF171E0D-5,28470000.00,9279000.00,9955800.00,9235200.00,376.62,,,
A,28/01/26,13:54:00,443230323937FF171E0D-5,28470000.00,9279000.00,9955800.00,9235200.00,376.62,,,
A,28/01/26,13:59:00,443230323937FF171E0D-5,28474800.00,9280200.00,9957600.00,9237000.00,376.62,,,
A,28/01/26,14:04:00,443230323937FF171E0D-5,28482600.00,9283200.00,9960000.00,9239400.00,376.62,,,
A,28/01/26,14:09:00,443230323937FF171E0D-5,28490400.00,9285600.00,9963000.00,9241800.00,376.62,,,
A,28/01/26,14:14:00,443230323937FF171E0D-5,28497600.00,9288000.00,9965400.00,9244200.00,376.62,,,
A,28/01/26,14:19:00,443230323937FF171E0D-5,28504800.00,9290400.00,9967800.00,9246600.00,376.62,,,
A,28/01/26,14:24:00,443230323937FF171E0D-5,28512000.00,9292800.00,9970200.00,9249000.00,376.62,,,
A,28/01/26,14:29:00,443230323937FF171E0D-5,28519800.00,9295200.00,9973200.00,9251400.00,376.62,,,
A,28/01/26,14:34:00,443230323937FF171E0D-5,28527600.00,9297600.00,9975600.00,9254400.00,376.62,,,
A,28/01/26,14:39:00,443230323937FF171E0D-5,28535400.00,9300600.00,9978000.00,9256800.00,376.62,,,
A,28/01/26,14:44:00,443230323937FF171E0D-5,28543200.00,9303000.00,9981000.00,9259200.00,376.62,,,
A,28/01/26,14:49:00,443230323937FF171E0D-5,28550400.00,9305400.00,9983400.00,9261600.00,376.62,,,
A,28/01/26,14:54:00,443230323937FF171E0D-5,28557600.00,9307800.00,9985800.00,9264000.00,376.62,,,
A,28/01/26,14:59:00,443230323937FF171E0D-5,28565400.00,9310200.00,9988800.00,9266400.00,376.62,,,
A,28/01/26,15:04:00,443230323937FF171E0D-5,28572600.00,9312600.00,9991200.00,9268800.00,376.62,,,
A,28/01/26,15:09:00,443230323937FF171E0D-5,28579800.00,9315000.00,9993600.00,9271200.00,376.62,,,
A,28/01/26,15:14:00,443230323937FF171E0D-5,28587600.00,9317400.00,9996600.00,9273600.00,376.62,,,
A,28/01/26,15:19:00,443230323937FF171E0D-5,28595400.00,9320400.00,9999000.00,9276000.00,376.62,,,
A,28/01/26,15:24:00,443230323937FF171E0D-5,28602600.00,9322800.00,10001400.00,9278400.00,376.62,,,
A,28/01/26,15:29:00,443230323937FF171E0D-5,28611000.00,9325200.00,10004400.00,9281400.00,376.62,,,
A,28/01/26,15:34:00,443230323937FF171E0D-5,28618200.00,9327600.00,10006800.00,9283800.00,376.62,,,
A,28/01/26,15:39:00,443230323937FF171E0D-5,28625400.00,9330000.00,10009200.00,9286200.00,376.62,,,
A,28/01/26,15:44:00,443230323937FF171E0D-5,28633200.00,9332400.00,10012200.00,9288600.00,376.62,,,
A,28/01/26,15:49:00,443230323937FF171E0D-5,28640400.00,9334800.00,10014600.00,9291000.00,376.62,,,
A,28/01/26,15:54:00,443230323937FF171E0D-5,28648200.00,9337800.00,10017000.00,9293400.00,376.62,,,
A,28/01/26,15:59:00,443230323937FF171E0D-5,28656000.00,9340200.00,10020000.00,9295800.00,376.62,,,
A,28/01/26,16:04:00,443230323937FF171E0D-5,28663200.00,9342600.00,10022400.00,9298200.00,376.62,,,
A,28/01/26,16:09:00,443230323937FF171E0D-5,28670400.00,9345000.00,10024800.00,9300600.00,376.62,,,
A,28/01/26,16:14:00,443230323937FF171E0D-5,28678200.00,9347400.00,10027800.00,9303000.00,376.62,,,
A,28/01/26,16:19:00,443230323937FF171E0D-5,28685400.00,9349800.00,10030200.00,9305400.00,376.62,,,
A,28/01/26,16:24:00,443230323937FF171E0D-5,28693200.00,9352200.00,10032600.00,9308400.00,376.62,,,
A,28/01/26,16:29:00,443230323937FF171E0D-5,28701000.00,9354600.00,10035600.00,9310800.00,376.62,,,
A,28/01/26,16:34:00,443230323937FF171E0D-5,28708800.00,9357600.00,10038000.00,9313200.00,376.62,,,
A,28/01/26,16:39:00,443230323937FF171E0D-5,28716000.00,9360000.00,10040400.00,9315600.00,376.62,,,
A,28/01/26,16:44:00,443230323937FF171E0D-5,28723800.00,9362400.00,10043400.00,9318000.00,376.62,,,
A,28/01/26,16:49:00,443230323937FF171E0D-5,28731000.00,9364800.00,10045800.00,9320400.00,376.62,,,
A,28/01/26,16:54:00,443230323937FF171E0D-5,28738200.00,9367200.00,10048200.00,9322800.00,376.62,,,
A,28/01/26,16:59:00,443230323937FF171E0D-5,28746000.00,9369600.00,10051200.00,9325200.00,376.62,,,
A,28/01/26,17:04:00,443230323937FF171E0D-5,28753200.00,9372000.00,10053600.00,9327600.00,376.62,,,
A,28/01/26,17:09:00,443230323937FF171E0D-5,28760400.00,9374400.00,10056000.00,9330000.00,376.62,,,
A,28/01/26,17:14:00,443230323937FF171E0D-5,28768800.00,9377400.00,10059000.00,9332400.00,376.62,,,
A,28/01/26,17:19:00,443230323937FF171E0D-5,28776000.00,9379800.00,10061400.00,9334800.00,376.62,,,
A,28/01/26,17:24:00,443230323937FF171E0D-5,28783800.00,9382200.00,10063800.00,9337800.00,376.62,,,
A,28/01/26,17:29:00,443230323937FF171E0D-5,28791600.00,9384600.00,10066800.00,9340200.00,376.62,,,
A,28/01/26,17:34:00,443230323937FF171E0D-5,28798800.00,9387000.00,10069200.00,9342600.00,376.62,,,
A,28/01/26,17:39:00,443230323937FF171E0D-5,28806000.00,9389400.00,10071600.00,9345000.00,376.62,,,
A,28/01/26,17:44:00,443230323937FF171E0D-5,28813800.00,9391800.00,10074600.00,9347400.00,376.62,,,
A,28/01/26,17:49:00,443230323937FF171E0D-5,28821000.00,9394200.00,10077000.00,9349800.00,376.62,,,
A,28/01/26,17:54:00,443230323937FF171E0D-5,28828800.00,9397200.00,10079400.00,9352200.00,376.62,,,
A,28/01/26,17:59:00,443230323937FF171E0D-5,28836600.00,9399600.00,10082400.00,9354600.00,376.62,,,
A,28/01/26,18:04:00,443230323937FF171E0D-5,28843800.00,9402000.00,10084800.00,9357000.00,376.62,,,
A,28/01/26,18:09:00,443230323937FF171E0D-5,28851000.00,9404400.00,10087200.00,9359400.00,376.62,,,
A,28/01/26,18:14:00,443230323937FF171E0D-5,28858800.00,9406800.00,10090200.00,9361800.00,376.62,,,
A,28/01/26,18:19:00,443230323937FF171E0D-5,28866000.00,9409200.00,10092600.00,9364200.00,376.62,,,
A,28/01/26,18:24:00,443230323937FF171E0D-5,28873800.00,9411600.00,10095000.00,9367200.00,376.62,,,
A,28/01/26,18:29:00,443230323937FF171E0D-5,28882200.00,9414600.00,10098000.00,9369600.00,376.62,,,
A,28/01/26,18:34:00,443230323937FF171E0D-5,28889400.00,9417000.00,10100400.00,9372000.00,376.62,,,
A,28/01/26,18:39:00,443230323937FF171E0D-5,28896600.00,9419400.00,10102800.00,9374400.00,376.62,,,
A,28/01/26,18:44:00,443230323937FF171E0D-5,28904400.00,9421800.00,10105800.00,9376800.00,376.62,,,
A,28/01/26,18:49:00,443230323937FF171E0D-5,28911600.00,9424200.00,10108200.00,9379200.00,376.62,,,
A,28/01/26,18:54:00,443230323937FF171E0D-5,28918800.00,9426600.00,10110600.00,9381600.00,376.62,,,
A,28/01/26,18:59:00,443230323937FF171E0D-5,28926600.00,9429000.00,10113600.00,9384000.00,376.62,,,
A,28/01/26,19:04:00,443230323937FF171E0D-5,28934400.00,9432000.00,10116000.00,9386400.00,376.62,,,
A,28/01/26,19:09:00,443230323937FF171E0D-5,28941600.00,9434400.00,10118400.00,9388800.00,376.62,,,
A,28/01/26,19:14:00,443230323937FF171E0D-5,28949400.00,9436800.00,10121400.00,9391200.00,376.62,,,
A,28/01/26,19:19:00,443230323937FF171E0D-5,28957200.00,9439200.00,10123800.00,9394200.00,376.62,,,
A,28/01/26,19:24:00,443230323937FF171E0D-5,28964400.00,9441600.00,10126200.00,9396600.00,376.62,,,
A,28/01/26,19:29:00,443230323937FF171E0D-5,28972200.00,9444000.00,10129200.00,9399000.00,376.62,,,
A,28/01/26,19:34:00,443230323937FF171E0D-5,28979400.00,9446400.00,10131600.00,9401400.00,376.62,,,
A,28/01/26,19:39:00,443230323937FF171E0D-5,28986600.00,9448800.00,10134000.00,9403800.00,376.62,,,
A,28/01/26,19:44:00,443230323937FF171E0D-5,28995000.00,9451800.00,10137000.00,9406200.00,376.62,,,
A,28/01/26,19:49:00,443230323937FF171E0D-5,29002200.00,9454200.00,10139400.00,9408600.00,376.62,,,
A,28/01/26,19:54:00,443230323937FF171E0D-5,29009400.00,9456600.00,10141800.00,9411000.00,376.62,,,
A,28/01/26,19:59:00,443230323937FF171E0D-5,29017200.00,9459000.00,10144800.00,9413400.00,376.62,,,
A,28/01/26,20:04:00,443230323937FF171E0D-5,29024400.00,9461400.00,10147200.00,9415800.00,376.62,,,
A,28/01/26,20:09:00,443230323937FF171E0D-5,29032200.00,9463800.00,10149600.00,9418800.00,376.62,,,
A,28/01/26,20:14:00,443230323937FF171E0D-5,29039400.00,9466200.00,10152000.00,9421200.00,376.62,,,
A,28/01/26,20:19:00,443230323937FF171E0D-5,29047200.00,9468600.00,10155000.00,9423600.00,376.62,,,
A,28/01/26,20:24:00,443230323937FF171E0D-5,29054400.00,9471000.00,10157400.00,9426000.00,376.62,,,
A,28/01/26,20:29:00,443230323937FF171E0D-5,29062200.00,9474000.00,10159800.00,9428400.00,376.62,,,
A,28/01/26,20:34:00,443230323937FF171E0D-5,29070000.00,9476400.00,10162800.00,9430800.00,376.62,,,
A,28/01/26,20:39:00,443230323937FF171E0D-5,29077200.00,9478800.00,10165200.00,9433200.00,376.62,,,
A,28/01/26,20:44:00,443230323937FF171E0D-5,29084400.00,9481200.00,10167600.00,9435600.00,376.62,,,
A,28/01/26,20:49:00,443230323937FF171E0D-5,29092200.00,9483600.00,10170600.00,9438000.00,376.62,,,
A,28/01/26,20:54:00,443230323937FF171E0D-5,29100000.00,9486000.00,10173000.00,9441000.00,376.62,,,
A,28/01/26,20:59:00,443230323937FF171E0D-5,29107200.00,9488400.00,10175400.00,9443400.00,376.62,,,
A,28/01/26,21:04:00,443230323937FF171E0D-5,29115600.00,9491400.00,10178400.00,9445800.00,376.62,,,
A,28/01/26,21:09:00,443230323937FF171E0D-5,29122800.00,9493800.00,10180800.00,9448200.00,376.62,,,
A,28/01/26,21:14:00,443230323937FF171E0D-5,29130600.00,9496200.00,10183800.00,9450600.00,376.62,,,
A,28/01/26,21:19:00,443230323937FF171E0D-5,29137800.00,9498600.00,10186200.00,9453000.00,376.62,,,
A,28/01/26,21:24:00,443230323937FF171E0D-5,29145000.00,9501000.00,10188600.00,9455400.00,376.62,,,
A,28/01/26,21:29:00,443230323937FF171E0D-5,29152800.00,9503400.00,10191600.00,9457800.00,376.62,,,
A,28/01/26,21:34:00,443230323937FF171E0D-5,29160000.00,9505800.00,10194000.00,9460200.00,376.62,,,
A,28/01/26,21:39:00,443230323937FF171E0D-5,29167800.00,9508200.00,10196400.00,9463200.00,376.62,,,
A,28/01/26,21:44:00,443230323937FF171E0D-5,29175600.00,9510600.00,10199400.00,9465600.00,376.62,,,
A,28/01/26,21:49:00,443230323937FF171E0D-5,29182800.00,9513000.00,10201800.00,9468000.00,376.62,,,
A,28/01/26,21:54:00,443230323937FF171E0D-5,29190600.00,9516000.00,10204200.00,9470400.00,376.62,,,
A,28/01/26,21:59:00,443230323937FF171E0D-5,29198400.00,9518400.00,10207200.00,9472800.00,376.62,,,
A,28/01/26,22:04:00,443230323937FF171E0D-5,29205600.00,9520800.00,10209600.00,9475200.00,376.62,,,
A,28/01/26,22:09:00,443230323937FF171E0D-5,29212800.00,9523200.00,10212000.00,9477600.00,376.62,,,
A,28/01/26,22:14:00,443230323937FF171E0D-5,29220600.00,9525600.00,10215000.00,9480000.00,376.62,,,
A,28/01/26,22:19:00,443230323937FF171E0D-5,29228400.00,9528000.00,10217400.00,9483000.00,376.62,,,
A,28/01/26,22:24:00,443230323937FF171E0D-5,29235600.00,9530400.00,10219800.00,9485400.00,376.62,,,
A,28/01/26,22:29:00,443230323937FF171E0D-5,29243400.00,9532800.00,10222800.00,9487800.00,376.62,,,
A,28/01/26,22:34:00,443230323937FF171E0D-5,29251200.00,9535800.00,10225200.00,9490200.00,376.62,,,
A,28/01/26,22:39:00,443230323937FF171E0D-5,29258400.00,9538200.00,10227600.00,9492600.00,376.62,,,
A,28/01/26,22:44:00,443230323937FF171E0D-5,29265600.00,9540600.00,10230000.00,9495000.00,376.62,,,
A,28/01/26,22:49:00,443230323937FF171E0D-5,29273400.00,9543000.00,10233000.00,9497400.00,376.62,,,
A,28/01/26,22:54:00,443230323937FF171E0D-5,29280600.00,9545400.00,10235400.00,9499800.00,376.62,,,
A,28/01/26,22:59:00,443230323937FF171E0D-5,29288400.00,9547800.00,10237800.00,9502800.00,376.62,,,
A,28/01/26,23:04:00,443230323937FF171E0D-5,29296200.00,9550200.00,10240800.00,9505200.00,376.62,,,
A,28/01/26,23:09:00,443230323937FF171E0D-5,29303400.00,9552600.00,10243200.00,9507600.00,376.62,,,
A,28/01/26,23:14:00,443230323937FF171E0D-5,29310600.00,9555000.00,10245600.00,9510000.00,376.62,,,
A,28/01/26,23:19:00,443230323937FF171E0D-5,29318400.00,9557400.00,10248600.00,9512400.00,376.62,,,
A,28/01/26,23:24:00,443230323937FF171E0D-5,29326200.00,9560400.00,10251000.00,9514800.00,376.62,,,
A,28/01/26,23:29:00,443230323937FF171E0D-5,29333400.00,9562800.00,10253400.00,9517200.00,376.62,,,
A,28/01/26,23:34:00,443230323937FF171E0D-5,29341800.00,9565200.00,10256400.00,9520200.00,376.62,,,
A,28/01/26,23:39:00,443230323937FF171E0D-5,29349000.00,9567600.00,10258800.00,9522600.00,376.62,,,
A,28/01/26,23:44:00,443230323937FF171E0D-5,29356200.00,9570000.00,10261200.00,9525000.00,376.62,,,
A,28/01/26,23:49:00,443230323937FF171E0D-5,29364000.00,9572400.00,10264200.00,9527400.00,376.62,,,
A,28/01/26,23:54:00,443230323937FF171E0D-5,29371200.00,9574800.00,10266600.00,9529800.00,376.62,,,
A,28/01/26,23:59:00,443230323937FF171E0D-5,29378400.00,9577200.00,10269000.00,9532200.00,376.62,,,
A,29/01/26,00:04:00,443230323937FF171E0D-5,29386200.00,9579600.00,10272000.00,9534600.00,376.62,,,
A,29/01/26,00:09:00,443230323937FF171E0D-5,29394000.00,9582600.00,10274400.00,9537000.00,376.62,,,
A,29/01/26,00:14:00,443230323937FF171E0D-5,29401800.00,9585000.00,10276800.00,9540000.00,376.62,,,
A,29/01/26,00:19:00,443230323937FF171E0D-5,29409600.00,9587400.00,10279800.00,9542400.00,376.62,,,
A,29/01/26,00:24:00,443230323937FF171E0D-5,29416800.00,9589800.00,10282200.00,9544800.00,376.62,,,
A,29/01/26,00:29:00,443230323937FF171E0D-5,29424000.00,9592200.00,10284600.00,9547200.00,376.62,,,
A,29/01/26,00:34:00,443230323937FF171E0D-5,29431800.00,9594600.00,10287600.00,9549600.00,376.62,,,
A,29/01/26,00:39:00,443230323937FF171E0D-5,29439000.00,9597000.00,10290000.00,9552000.00,376.62,,,
A,29/01/26,00:44:00,443230323937FF171E0D-5,29446200.00,9599400.00,10292400.00,9554400.00,376.62,,,
A,29/01/26,00:49:00,443230323937FF171E0D-5,29454000.00,9601800.00,10295400.00,9556800.00,376.62,,,
A,29/01/26,00:54:00,443230323937FF171E0D-5,29462400.00,9604800.00,10297800.00,9559800.00,376.62,,,
A,29/01/26,00:59:00,443230323937FF171E0D-5,29469600.00,9607200.00,10300200.00,9562200.00,376.62,,,
A,29/01/26,01:04:00,443230323937FF171E0D-5,29477400.00,9609600.00,10303200.00,9564600.00,376.62,,,
A,29/01/26,01:09:00,443230323937FF171E0D-5,29484600.00,9612000.00,10305600.00,9567000.00,376.62,,,
A,29/01/26,01:14:00,443230323937FF171E0D-5,29491800.00,9614400.00,10308000.00,9569400.00,376.62,,,
A,29/01/26,01:19:00,443230323937FF171E0D-5,29499600.00,9616800.00,10311000.00,9571800.00,376.62,,,
A,29/01/26,01:24:00,443230323937FF171E0D-5,29506800.00,9619200.00,10313400.00,9574200.00,376.62,,,
A,29/01/26,01:29:00,443230323937FF171E0D-5,29514000.00,9621600.00,10315800.00,9576600.00,376.62,,,
A,29/01/26,01:34:00,443230323937FF171E0D-5,29522400.00,9624000.00,10318800.00,9579600.00,376.62,,,
A,29/01/26,01:39:00,443230323937FF171E0D-5,29529600.00,9626400.00,10321200.00,9582000.00,376.62,,,
A,29/01/26,01:44:00,443230323937FF171E0D-5,29537400.00,9629400.00,10323600.00,9584400.00,376.62,,,
A,29/01/26,01:49:00,443230323937FF171E0D-5,29545200.00,9631800.00,10326600.00,9586800.00,376.62,,,
A,29/01/26,01:54:00,443230323937FF171E0D-5,29552400.00,9634200.00,10329000.00,9589200.00,376.62,,,
A,29/01/26,01:59:00,443230323937FF171E0D-5,29560200.00,9636600.00,10332000.00,9591600.00,376.62,,,
A,29/01/26,02:04:00,443230323937FF171E0D-5,29567400.00,9639000.00,10334400.00,9594000.00,376.62,,,
A,29/01/26,02:09:00,443230323937FF171E0D-5,29574600.00,9641400.00,10336800.00,9596400.00,376.62,,,
A,29/01/26,02:14:00,443230323937FF171E0D-5,29582400.00,9643800.00,10339800.00,9598800.00,376.62,,,
A,29/01/26,02:19:00,443230323937FF171E0D-5,29590200.00,9646200.00,10342200.00,9601800.00,376.62,,,
A,29/01/26,02:24:00,443230323937FF171E0D-5,29597400.00,9648600.00,10344600.00,9604200.00,376.62,,,
A,29/01/26,02:29:00,443230323937FF171E0D-5,29605200.00,9651000.00,10347600.00,9606600.00,376.62,,,
A,29/01/26,02:34:00,443230323937FF171E0D-5,29613000.00,9654000.00,10350000.00,9609000.00,376.62,,,
A,29/01/26,02:39:00,443230323937FF171E0D-5,29620200.00,9656400.00,10352400.00,9611400.00,376.62,,,
A,29/01/26,02:44:00,443230323937FF171E0D-5,29628000.00,9658800.00,10355400.00,9613800.00,376.62,,,
A,29/01/26,02:49:00,443230323937FF171E0D-5,29635200.00,9661200.00,10357800.00,9616200.00,376.62,,,
A,29/01/26,02:54:00,443230323937FF171E0D-5,29642400.00,9663600.00,10360200.00,9618600.00,376.62,,,
A,29/01/26,02:59:00,443230323937FF171E0D-5,29650800.00,9666000.00,10363200.00,9621600.00,376.62,,,
A,29/01/26,03:04:00,443230323937FF171E0D-5,29658000.00,9668400.00,10365600.00,9624000.00,376.62,,,
A,29/01/26,03:09:00,443230323937FF171E0D-5,29665200.00,9670800.00,10368000.00,9626400.00,376.62,,,
A,29/01/26,03:14:00,443230323937FF171E0D-5,29673000.00,9673200.00,10371000.00,9628800.00,376.62,,,
A,29/01/26,03:19:00,443230323937FF171E0D-5,29680200.00,9675600.00,10373400.00,9631200.00,376.62,,,
A,29/01/26,03:24:00,443230323937FF171E0D-5,29687400.00,9678000.00,10375800.00,9633600.00,376.62,,,
A,29/01/26,03:29:00,443230323937FF171E0D-5,29695800.00,9681000.00,10378800.00,9636000.00,376.62,,,
A,29/01/26,03:34:00,443230323937FF171E0D-5,29703000.00,9683400.00,10381200.00,9638400.00,376.62,,,
A,29/01/26,03:39:00,443230323937FF171E0D-5,29710200.00,9685800.00,10383600.00,9640800.00,376.62,,,
A,29/01/26,03:44:00,443230323937FF171E0D-5,29718600.00,9688200.00,10386600.00,9643800.00,376.62,,,
A,29/01/26,03:49:00,443230323937FF171E0D-5,29725800.00,9690600.00,10389000.00,9646200.00,376.62,,,
A,29/01/26,03:54:00,443230323937FF171E0D-5,29733000.00,9693000.00,10391400.00,9648600.00,376.62,,,
A,29/01/26,03:59:00,443230323937FF171E0D-5,29740800.00,9695400.00,10394400.00,9651000.00,376.62,,,
A,29/01/26,04:04:00,443230323937FF171E0D-5,29748000.00,9697800.00,10396800.00,9653400.00,376.62,,,
A,29/01/26,04:09:00,443230323937FF171E0D-5,29755200.00,9700200.00,10399200.00,9655800.00,376.62,,,
A,29/01/26,04:14:00,443230323937FF171E0D-5,29763000.00,9702600.00,10402200.00,9658200.00,376.62,,,
A,29/01/26,04:19:00,443230323937FF171E0D-5,29770800.00,9705600.00,10404600.00,9660600.00,376.62,,,
A,29/01/26,04:24:00,443230323937FF171E0D-5,29778600.00,9708000.00,10407600.00,9663000.00,376.62,,,
A,29/01/26,04:29:00,443230323937FF171E0D-5,29786400.00,9710400.00,10410000.00,9666000.00,376.62,,,
A,29/01/26,04:34:00,443230323937FF171E0D-5,29793600.00,9712800.00,10412400.00,9668400.00,376.62,,,
A,29/01/26,04:39:00,443230323937FF171E0D-5,29801400.00,9715200.00,10415400.00,9670800.00,376.62,,,
A,29/01/26,04:44:00,443230323937FF171E0D-5,29808600.00,9717600.00,10417800.00,9673200.00,376.62,,,
A,29/01/26,04:49:00,443230323937FF171E0D-5,29815800.00,9720000.00,10420200.00,9675600.00,376.62,,,
A,29/01/26,04:54:00,443230323937FF171E0D-5,29823600.00,9722400.00,10423200.00,9678000.00,376.62,,,
A,29/01/26,04:59:00,443230323937FF171E0D-5,29830800.00,9724800.00,10425600.00,9680400.00,376.62,,,
A,29/01/26,05:04:00,443230323937FF171E0D-5,29838000.00,9727200.00,10428000.00,9682800.00,376.62,,,
A,29/01/26,05:09:00,443230323937FF171E0D-5,29846400.00,9730200.00,10431000.00,9685200.00,376.62,,,
A,29/01/26,05:14:00,443230323937FF171E0D-5,29854200.00,9732600.00,10433400.00,9688200.00,376.62,,,
A,29/01/26,05:19:00,443230323937FF171E0D-5,29861400.00,9735000.00,10435800.00,9690600.00,376.62,,,
A,29/01/26,05:24:00,443230323937FF171E0D-5,29869200.00,9737400.00,10438800.00,9693000.00,376.62,,,
A,29/01/26,05:29:00,443230323937FF171E0D-5,29876400.00,9739800.00,10441200.00,9695400.00,376.62,,,
A,29/01/26,05:34:00,443230323937FF171E0D-5,29884200.00,9742200.00,10444200.00,9697800.00,376.62,,,
A,29/01/26,05:39:00,443230323937FF171E0D-5,29891400.00,9744600.00,10446600.00,9700200.00,376.62,,,
A,29/01/26,05:44:00,443230323937FF171E0D-5,29898600.00,9747000.00,10449000.00,9702600.00,376.62,,,
A,29/01/26,05:49:00,443230323937FF171E0D-5,29906400.00,9749400.00,10452000.00,9705000.00,376.62,,,
A,29/01/26,05:54:00,443230323937FF171E0D-5,29914200.00,9752400.00,10454400.00,9707400.00,376.62,,,
A,29/01/26,05:59:00,443230323937FF171E0D-5,29921400.00,9754800.00,10456800.00,9709800.00,376.62,,,
A,29/01/26,06:04:00,443230323937FF171E0D-5,29929200.00,9757200.00,10459800.00,9712200.00,376.62,,,
A,29/01/26,06:09:00,443230323937FF171E0D-5,29937000.00,9759600.00,10462200.00,9715200.00,376.62,,,
A,29/01/26,06:14:00,443230323937FF171E0D-5,29944200.00,9762000.00,10464600.00,9717600.00,376.62,,,
A,29/01/26,06:19:00,443230323937FF171E0D-5,29952000.00,9764400.00,10467600.00,9720000.00,376.62,,,
A,29/01/26,06:24:00,443230323937FF171E0D-5,29959200.00,9766800.00,10470000.00,9722400.00,376.62,,,
A,29/01/26,06:29:00,443230323937FF171E0D-5,29966400.00,9769200.00,10472400.00,9724800.00,376.62,,,
A,29/01/26,06:34:00,443230323937FF171E0D-5,29974800.00,9772200.00,10475400.00,9727200.00,376.62,,,
A,29/01/26,06:39:00,443230323937FF171E0D-5,29982000.00,9774600.00,10477800.00,9729600.00,376.62,,,
A,29/01/26,06:44:00,443230323937FF171E0D-5,29989200.00,9777000.00,10480200.00,9732000.00,376.62,,,
A,29/01/26,06:49:00,443230323937FF171E0D-5,29997000.00,9779400.00,10483200.00,9734400.00,376.62,,,
A,29/01/26,06:54:00,443230323937FF171E0D-5,30004200.00,9781800.00,10485600.00,9736800.00,376.62,,,
A,29/01/26,06:59:00,443230323937FF171E0D-5,30011400.00,9784200.00,10488000.00,9739200.00,376.62,,,
A,29/01/26,07:04:00,443230323937FF171E0D-5,30019200.00,9786600.00,10491000.00,9741600.00,376.62,,,
A,29/01/26,07:09:00,443230323937FF171E0D-5,30027000.00,9789600.00,10493400.00,9744000.00,376.62,,,
A,29/01/26,07:14:00,443230323937FF171E0D-5,30034800.00,9792000.00,10495800.00,9747000.00,376.62,,,
A,29/01/26,07:19:00,443230323937FF171E0D-5,30042600.00,9794400.00,10498800.00,9749400.00,376.62,,,
A,29/01/26,07:24:00,443230323937FF171E0D-5,30049800.00,9796800.00,10501200.00,9751800.00,376.62,,,
A,29/01/26,07:29:00,443230323937FF171E0D-5,30057000.00,9799200.00,10503600.00,9754200.00,376.62,,,
A,29/01/26,07:34:00,443230323937FF171E0D-5,30064800.00,9801600.00,10506600.00,9756600.00,376.62,,,
A,29/01/26,07:39:00,443230323937FF171E0D-5,30072000.00,9804000.00,10509000.00,9759000.00,376.62,,,
A,29/01/26,07:44:00,443230323937FF171E0D-5,30079800.00,9807000.00,10511400.00,9761400.00,376.62,,,
A,29/01/26,07:49:00,443230323937FF171E0D-5,30087600.00,9809400.00,10514400.00,9763800.00,376.62,,,
A,29/01/26,07:54:00,443230323937FF171E0D-5,30094800.00,9811800.00,10516800.00,9766200.00,376.62,,,
A,29/01/26,07:59:00,443230323937FF171E0D-5,30102000.00,9814200.00,10519200.00,9768600.00,376.62,,,
A,29/01/26,08:04:00,443230323937FF171E0D-5,30109800.00,9816600.00,10522200.00,9771000.00,376.62,,,
A,29/01/26,08:09:00,443230323937FF171E0D-5,30117000.00,9819000.00,10524600.00,9773400.00,376.62,,,
A,29/01/26,08:14:00,443230323937FF171E0D-5,30124200.00,9821400.00,10527000.00,9775800.00,376.62,,,
A,29/01/26,08:19:00,443230323937FF171E0D-5,30132000.00,9823800.00,10530000.00,9778200.00,376.62,,,
A,29/01/26,08:24:00,443230323937FF171E0D-5,30140400.00,9826800.00,10532400.00,9781200.00,376.62,,,
A,29/01/26,08:29:00,443230323937FF171E0D-5,30147600.00,9829200.00,10534800.00,9783600.00,376.62,,,
A,29/01/26,08:34:00,443230323937FF171E0D-5,30155400.00,9831600.00,10537800.00,9786000.00,376.62,,,
A,29/01/26,08:39:00,443230323937FF171E0D-5,30162600.00,9834000.00,10540200.00,9788400.00,376.62,,,
A,29/01/26,08:44:00,443230323937FF171E0D-5,30169800.00,9836400.00,10542600.00,9790800.00,376.62,,,
A,29/01/26,08:49:00,443230323937FF171E0D-5,30177600.00,9838800.00,10545600.00,9793200.00,376.62,,,
A,29/01/26,08:54:00,443230323937FF171E0D-5,30184800.00,9841200.00,10548000.00,9795600.00,376.62,,,
A,29/01/26,08:59:00,443230323937FF171E0D-5,30192600.00,9844200.00,10550400.00,9798000.00,376.62,,,
A,29/01/26,09:04:00,443230323937FF171E0D-5,30200400.00,9846600.00,10553400.00,9800400.00,376.62,,,
A,29/01/26,09:09:00,443230323937FF171E0D-5,30207600.00,9849000.00,10555800.00,9802800.00,376.62,,,
A,29/01/26,09:14:00,443230323937FF171E0D-5,30215400.00,9851400.00,10558800.00,9805200.00,376.62,,,
A,29/01/26,09:19:00,443230323937FF171E0D-5,30222600.00,9853800.00,10561200.00,9807600.00,376.62,,,
A,29/01/26,09:24:00,443230323937FF171E0D-5,30229800.00,9856200.00,10563600.00,9810000.00,376.62,,,
A,29/01/26,09:29:00,443230323937FF171E0D-5,30237600.00,9858600.00,10566600.00,9812400.00,376.62,,,
A,29/01/26,09:34:00,443230323937FF171E0D-5,30245400.00,9861600.00,10569000.00,9814800.00,376.62,,,
A,29/01/26,09:39:00,443230323937FF171E0D-5,30253200.00,9864000.00,10571400.00,9817800.00,376.62,,,
A,29/01/26,09:44:00,443230323937FF171E0D-5,30260400.00,9866400.00,10573800.00,9820200.00,376.62,,,
A,29/01/26,09:49:00,443230323937FF171E0D-5,30268200.00,9868800.00,10576800.00,9822600.00,376.62,,,
A,29/01/26,09:54:00,443230323937FF171E0D-5,30275400.00,9871200.00,10579200.00,9825000.00,376.62,,,
A,29/01/26,09:59:00,443230323937FF171E0D-5,30282600.00,9873600.00,10581600.00,9827400.00,376.62,,,
A,29/01/26,10:04:00,443230323937FF171E0D-5,30290400.00,9876000.00,10584600.00,9829800.00,376.62,,,
A,29/01/26,10:09:00,443230323937FF171E0D-5,30298200.00,9879000.00,10587000.00,9832200.00,376.62,,,
A,29/01/26,10:14:00,443230323937FF171E0D-5,30305400.00,9881400.00,10589400.00,9834600.00,376.62,,,
A,29/01/26,10:19:00,443230323937FF171E0D-5,30313200.00,9883800.00,10592400.00,9837000.00,376.62,,,
A,29/01/26,10:24:00,443230323937FF171E0D-5,30320400.00,9886200.00,10594800.00,9839400.00,376.62,,,
A,29/01/26,10:29:00,443230323937FF171E0D-5,30327600.00,9888600.00,10597200.00,9841800.00,376.62,,,
A,29/01/26,10:34:00,443230323937FF171E0D-5,30335400.00,9891000.00,10600200.00,9844200.00,376.62,,,
A,29/01/26,10:39:00,443230323937FF171E0D-5,30342600.00,9893400.00,10602600.00,9846600.00,376.62,,,
A,29/01/26,10:44:00,443230323937FF171E0D-5,30351600.00,9896400.00,10605600.00,9849600.00,376.62,,,
A,29/01/26,10:49:00,443230323937FF171E0D-5,30358800.00,9898800.00,10608000.00,9852000.00,376.62,,,
A,29/01/26,10:54:00,443230323937FF171E0D-5,30366000.00,9901200.00,10610400.00,9854400.00,376.62,,,
A,29/01/26,10:59:00,443230323937FF171E0D-5,30373200.00,9903600.00,10612800.00,9856800.00,376.62,,,
A,29/01/26,11:04:00,443230323937FF171E0D-5,30381000.00,9906000.00,10615800.00,9859200.00,376.62,,,
A,29/01/26,11:09:00,443230323937FF171E0D-5,30388200.00,9908400.00,10618200.00,9861600.00,376.62,,,
A,29/01/26,11:14:00,443230323937FF171E0D-5,30395400.00,9910800.00,10620600.00,9864000.00,376.62,,,
A,29/01/26,11:19:00,443230323937FF171E0D-5,30403200.00,9913200.00,10623600.00,9866400.00,376.62,,,
A,29/01/26,11:24:00,443230323937FF171E0D-5,30411000.00,9916200.00,10626000.00,9868800.00,376.62,,,
A,29/01/26,11:29:00,443230323937FF171E0D-5,30418200.00,9918600.00,10628400.00,9871200.00,376.62,,,
A,29/01/26,11:34:00,443230323937FF171E0D-5,30426000.00,9921000.00,10631400.00,9873600.00,376.62,,,
A,29/01/26,11:39:00,443230323937FF171E0D-5,30433200.00,9923400.00,10633800.00,9876000.00,376.62,,,
A,29/01/26,11:44:00,443230323937FF171E0D-5,30441000.00,9925800.00,10636200.00,9879000.00,376.62,,,
A,29/01/26,11:49:00,443230323937FF171E0D-5,30448800.00,9928200.00,10639200.00,9881400.00,376.62,,,
A,29/01/26,11:54:00,443230323937FF171E0D-5,30456000.00,9930600.00,10641600.00,9883800.00,376.62,,,
A,29/01/26,11:59:00,443230323937FF171E0D-5,30463800.00,9933600.00,10644000.00,9886200.00,376.62,,,
A,29/01/26,12:04:00,443230323937FF171E0D-5,30471600.00,9936000.00,10647000.00,9888600.00,376.62,,,
A,29/01/26,12:09:00,443230323937FF171E0D-5,30478800.00,9938400.00,10649400.00,9891000.00,376.62,,,
A,29/01/26,12:14:00,443230323937FF171E0D-5,30486000.00,9940800.00,10651800.00,9893400.00,376.62,,,
A,29/01/26,12:19:00,443230323937FF171E0D-5,30493800.00,9943200.00,10654800.00,9895800.00,376.62,,,
A,29/01/26,12:24:00,443230323937FF171E0D-5,30501000.00,9945600.00,10657200.00,9898200.00,376.62,,,
A,29/01/26,12:29:00,443230323937FF171E0D-5,30508200.00,9948000.00,10659600.00,9900600.00,376.62,,,
A,29/01/26,12:34:00,443230323937FF171E0D-5,30516000.00,9950400.00,10662600.00,9903000.00,376.62,,,
A,29/01/26,12:39:00,443230323937FF171E0D-5,30523800.00,9953400.00,10665000.00,9905400.00,376.62,,,
A,29/01/26,12:44:00,443230323937FF171E0D-5,30531600.00,9955800.00,10667400.00,9908400.00,376.62,,,
A,29/01/26,12:49:00,443230323937FF171E0D-5,30539400.00,9958200.00,10670400.00,9910800.00,376.62,,,
A,29/01/26,12:54:00,443230323937FF171E0D-5,30546600.00,9960600.00,10672800.00,9913200.00,376.62,,,
A,29/01/26,12:59:00,443230323937FF171E0D-5,30553800.00,9963000.00,10675200.00,9915600.00,376.62,,,
A,29/01/26,13:04:00,443230323937FF171E0D-5,30561600.00,9965400.00,10678200.00,9918000.00,376.62,,,
A,29/01/26,13:09:00,443230323937FF171E0D-5,30568800.00,9967800.00,10680600.00,9920400.00,376.62,,,
A,29/01/26,13:14:00,443230323937FF171E0D-5,30576600.00,9970800.00,10683000.00,9922800.00,376.62,,,
A,29/01/26,13:19:00,443230323937FF171E0D-5,30583800.00,9973200.00,10685400.00,9925200.00,376.62,,,
A,29/01/26,13:24:00,443230323937FF171E0D-5,30591600.00,9975600.00,10688400.00,9927600.00,376.62,,,
A,29/01/26,13:29:00,443230323937FF171E0D-5,30598800.00,9978000.00,10690800.00,9930000.00,376.62,,,
A,29/01/26,13:34:00,443230323937FF171E0D-5,30606000.00,9980400.00,10693200.00,9932400.00,376.62,,,
A,29/01/26,13:39:00,443230323937FF171E0D-5,30614400.00,9982800.00,10696200.00,9935400.00,376.62,,,
A,29/01/26,13:44:00,443230323937FF171E0D-5,30621600.00,9985200.00,10698600.00,9937800.00,376.62,,,
A,29/01/26,13:49:00,443230323937FF171E0D-5,30629400.00,9988200.00,10701000.00,9940200.00,376.62,,,
A,29/01/26,13:54:00,443230323937FF171E0D-5,30637200.00,9990600.00,10704000.00,9942600.00,376.62,,,
A,29/01/26,13:59:00,443230323937FF171E0D-5,30644400.00,9993000.00,10706400.00,9945000.00,376.62,,,
A,29/01/26,14:04:00,443230323937FF171E0D-5,30651600.00,9995400.00,10708800.00,9947400.00,376.62,,,
A,29/01/26,14:09:00,443230323937FF171E0D-5,30659400.00,9997800.00,10711800.00,9949800.00,376.62,,,
A,29/01/26,14:14:00,443230323937FF171E0D-5,30666600.00,10000200.00,10714200.00,9952200.00,376.62,,,
A,29/01/26,14:19:00,443230323937FF171E0D-5,30673800.00,10002600.00,10716600.00,9954600.00,376.62,,,
A,29/01/26,14:24:00,443230323937FF171E0D-5,30681600.00,10005000.00,10719600.00,9957000.00,376.62,,,
A,29/01/26,14:29:00,443230323937FF171E0D-5,30689400.00,10007400.00,10722000.00,9960000.00,376.62,,,
A,29/01/26,14:34:00,443230323937FF171E0D-5,30697200.00,10010400.00,10724400.00,9962400.00,376.62,,,
A,29/01/26,14:39:00,443230323937FF171E0D-5,30705000.00,10012800.00,10727400.00,9964800.00,376.62,,,
A,29/01/26,14:44:00,443230323937FF171E0D-5,30712200.00,10015200.00,10729800.00,9967200.00,376.62,,,
A,29/01/26,14:49:00,443230323937FF171E0D-5,30719400.00,10017600.00,10732200.00,9969600.00,376.62,,,
A,29/01/26,14:54:00,443230323937FF171E0D-5,30726600.00,10020000.00,10734600.00,9972000.00,376.62,,,
A,29/01/26,14:59:00,443230323937FF171E0D-5,30734400.00,10022400.00,10737600.00,9974400.00,376.62,,,
A,29/01/26,15:04:00,443230323937FF171E0D-5,30741600.00,10024800.00,10740000.00,9976800.00,376.62,,,
A,29/01/26,15:09:00,443230323937FF171E0D-5,30748800.00,10027200.00,10742400.00,9979200.00,376.62,,,
A,29/01/26,15:14:00,443230323937FF171E0D-5,30757200.00,10030200.00,10745400.00,9981600.00,376.62,,,
A,29/01/26,15:19:00,443230323937FF171E0D-5,30764400.00,10032600.00,10747800.00,9984000.00,376.62,,,
A,29/01/26,15:24:00,443230323937FF171E0D-5,30771600.00,10035000.00,10750200.00,9986400.00,376.62,,,
A,29/01/26,15:29:00,443230323937FF171E0D-5,30780000.00,10037400.00,10753200.00,9989400.00,376.62,,,
A,29/01/26,15:34:00,443230323937FF171E0D-5,30787200.00,10039800.00,10755600.00,9991800.00,376.62,,,
A,29/01/26,15:39:00,443230323937FF171E0D-5,30794400.00,10042200.00,10758000.00,9994200.00,376.62,,,
A,29/01/26,15:44:00,443230323937FF171E0D-5,30802200.00,10044600.00,10761000.00,9996600.00,376.62,,,
A,29/01/26,15:49:00,443230323937FF171E0D-5,30810000.00,10047600.00,10763400.00,9999000.00,376.62,,,
A,29/01/26,15:54:00,443230323937FF171E0D-5,30817200.00,10050000.00,10765800.00,10001400.00,376.62,,,
A,29/01/26,15:59:00,443230323937FF171E0D-5,30825000.00,10052400.00,10768800.00,10003800.00,376.62,,,
A,29/01/26,16:04:00,443230323937FF171E0D-5,30832200.00,10054800.00,10771200.00,10006200.00,376.62,,,
A,29/01/26,16:09:00,443230323937FF171E0D-5,30839400.00,10057200.00,10773600.00,10008600.00,376.62,,,
A,29/01/26,16:14:00,443230323937FF171E0D-5,30847200.00,10059600.00,10776600.00,10011000.00,376.62,,,
A,29/01/26,16:19:00,443230323937FF171E0D-5,30854400.00,10062000.00,10779000.00,10013400.00,376.62,,,
A,29/01/26,16:24:00,443230323937FF171E0D-5,30862200.00,10065000.00,10781400.00,10015800.00,376.62,,,
A,29/01/26,16:29:00,443230323937FF171E0D-5,30870600.00,10067400.00,10784400.00,10018800.00,376.62,,,
A,29/01/26,16:34:00,443230323937FF171E0D-5,30877800.00,10069800.00,10786800.00,10021200.00,376.62,,,
A,29/01/26,16:39:00,443230323937FF171E0D-5,30885000.00,10072200.00,10789200.00,10023600.00,376.62,,,
A,29/01/26,16:44:00,443230323937FF171E0D-5,30892800.00,10074600.00,10792200.00,10026000.00,376.62,,,
A,29/01/26,16:49:00,443230323937FF171E0D-5,30900000.00,10077000.00,10794600.00,10028400.00,376.62,,,
A,29/01/26,16:54:00,443230323937FF171E0D-5,30907200.00,10079400.00,10797000.00,10030800.00,376.62,,,
A,29/01/26,16:59:00,443230323937FF171E0D-5,30915000.00,10081800.00,10800000.00,10033200.00,376.62,,,
A,29/01/26,17:04:00,443230323937FF171E0D-5,30922800.00,10084800.00,10802400.00,10035600.00,376.62,,,
A,29/01/26,17:09:00,443230323937FF171E0D-5,30930000.00,10087200.00,10804800.00,10038000.00,376.62,,,
A,29/01/26,17:14:00,443230323937FF171E0D-5,30937800.00,10089600.00,10807800.00,10040400.00,376.62,,,
A,29/01/26,17:19:00,443230323937FF171E0D-5,30945600.00,10092000.00,10810200.00,10043400.00,376.62,,,
A,29/01/26,17:24:00,443230323937FF171E0D-5,30952800.00,10094400.00,10812600.00,10045800.00,376.62,,,
A,29/01/26,17:29:00,443230323937FF171E0D-5,30960600.00,10096800.00,10815600.00,10048200.00,376.62,,,
A,29/01/26,17:34:00,443230323937FF171E0D-5,30967800.00,10099200.00,10818000.00,10050600.00,376.62,,,
A,29/01/26,17:39:00,443230323937FF171E0D-5,30975000.00,10101600.00,10820400.00,10053000.00,376.62,,,
A,29/01/26,17:44:00,443230323937FF171E0D-5,30982800.00,10104600.00,10822800.00,10055400.00,376.62,,,
A,29/01/26,17:49:00,443230323937FF171E0D-5,30990600.00,10107000.00,10825800.00,10057800.00,376.62,,,
A,29/01/26,17:54:00,443230323937FF171E0D-5,30997800.00,10109400.00,10828200.00,10060200.00,376.62,,,
A,29/01/26,17:59:00,443230323937FF171E0D-5,31005000.00,10111800.00,10830600.00,10062600.00,376.62,,,
A,29/01/26,18:04:00,443230323937FF171E0D-5,31012800.00,10114200.00,10833600.00,10065000.00,376.62,,,
A,29/01/26,18:09:00,443230323937FF171E0D-5,31020000.00,10116600.00,10836000.00,10067400.00,376.62,,,
A,29/01/26,18:14:00,443230323937FF171E0D-5,31028400.00,10119000.00,10839000.00,10070400.00,376.62,,,
A,29/01/26,18:19:00,443230323937FF171E0D-5,31036200.00,10122000.00,10841400.00,10072800.00,376.62,,,
A,29/01/26,18:24:00,443230323937FF171E0D-5,31043400.00,10124400.00,10843800.00,10075200.00,376.62,,,
A,29/01/26,18:29:00,443230323937FF171E0D-5,31051200.00,10126800.00,10846800.00,10077600.00,376.62,,,
A,29/01/26,18:34:00,443230323937FF171E0D-5,31058400.00,10129200.00,10849200.00,10080000.00,376.62,,,
A,29/01/26,18:39:00,443230323937FF171E0D-5,31065600.00,10131600.00,10851600.00,10082400.00,376.62,,,
A,29/01/26,18:44:00,443230323937FF171E0D-5,31072800.00,10134000.00,10854000.00,10084800.00,376.62,,,
A,29/01/26,18:49:00,443230323937FF171E0D-5,31080600.00,10136400.00,10857000.00,10087200.00,376.62,,,
A,29/01/26,18:54:00,443230323937FF171E0D-5,31088400.00,10139400.00,10859400.00,10089600.00,376.62,,,
A,29/01/26,18:59:00,443230323937FF171E0D-5,31095600.00,10141800.00,10861800.00,10092000.00,376.62,,,
A,29/01/26,19:04:00,443230323937FF171E0D-5,31103400.00,10144200.00,10864800.00,10094400.00,376.62,,,
A,29/01/26,19:09:00,443230323937FF171E0D-5,31111200.00,10146600.00,10867200.00,10097400.00,376.62,,,
A,29/01/26,19:14:00,443230323937FF171E0D-5,31118400.00,10149000.00,10869600.00,10099800.00,376.62,,,
A,29/01/26,19:19:00,443230323937FF171E0D-5,31126200.00,10151400.00,10872600.00,10102200.00,376.62,,,
A,29/01/26,19:24:00,443230323937FF171E0D-5,31133400.00,10153800.00,10875000.00,10104600.00,376.62,,,
A,29/01/26,19:29:00,443230323937FF171E0D-5,31141200.00,10156800.00,10877400.00,10107000.00,376.62,,,
A,29/01/26,19:34:00,443230323937FF171E0D-5,31149000.00,10159200.00,10880400.00,10109400.00,376.62,,,
A,29/01/26,19:39:00,443230323937FF171E0D-5,31156200.00,10161600.00,10882800.00,10111800.00,376.62,,,
A,29/01/26,19:44:00,443230323937FF171E0D-5,31163400.00,10164000.00,10885200.00,10114200.00,376.62,,,
A,29/01/26,19:49:00,443230323937FF171E0D-5,31171200.00,10166400.00,10888200.00,10116600.00,376.62,,,
A,29/01/26,19:54:00,443230323937FF171E0D-5,31178400.00,10168800.00,10890600.00,10119000.00,376.62,,,
A,29/01/26,19:59:00,443230323937FF171E0D-5,31186200.00,10171200.00,10893000.00,10122000.00,376.62,,,
A,29/01/26,20:04:00,443230323937FF171E0D-5,31194600.00,10174200.00,10896000.00,10124400.00,376.62,,,
A,29/01/26,20:09:00,443230323937FF171E0D-5,31201800.00,10176600.00,10898400.00,10126800.00,376.62,,,
A,29/01/26,20:14:00,443230323937FF171E0D-5,31209000.00,10179000.00,10900800.00,10129200.00,376.62,,,
A,29/01/26,20:19:00,443230323937FF171E0D-5,31216800.00,10181400.00,10903800.00,10131600.00,376.62,,,
A,29/01/26,20:24:00,443230323937FF171E0D-5,31224000.00,10183800.00,10906200.00,10134000.00,376.62,,,
A,29/01/26,20:29:00,443230323937FF171E0D-5,31231200.00,10186200.00,10908600.00,10136400.00,376.62,,,
A,29/01/26,20:34:00,443230323937FF171E0D-5,31239000.00,10188600.00,10911600.00,10138800.00,376.62,,,
A,29/01/26,20:39:00,443230323937FF171E0D-5,31246800.00,10191600.00,10914000.00,10141200.00,376.62,,,
A,29/01/26,20:44:00,443230323937FF171E0D-5,31254000.00,10194000.00,10916400.00,10143600.00,376.62,,,
A,29/01/26,20:49:00,443230323937FF171E0D-5,31261800.00,10196400.00,10918800.00,10146600.00,376.62,,,
A,29/01/26,20:54:00,443230323937FF171E0D-5,31269600.00,10198800.00,10921800.00,10149000.00,376.62,,,
A,29/01/26,20:59:00,443230323937FF171E0D-5,31276800.00,10201200.00,10924200.00,10151400.00,376.62,,,
A,29/01/26,21:04:00,443230323937FF171E0D-5,31284000.00,10203600.00,10926600.00,10153800.00,376.62,,,
A,29/01/26,21:09:00,443230323937FF171E0D-5,31291800.00,10206000.00,10929600.00,10156200.00,376.62,,,
A,29/01/26,21:14:00,443230323937FF171E0D-5,31299600.00,10209000.00,10932000.00,10158600.00,376.62,,,
A,29/01/26,21:19:00,443230323937FF171E0D-5,31306800.00,10211400.00,10934400.00,10161000.00,376.62,,,
A,29/01/26,21:24:00,443230323937FF171E0D-5,31314600.00,10213800.00,10937400.00,10163400.00,376.62,,,
A,29/01/26,21:29:00,443230323937FF171E0D-5,31321800.00,10216200.00,10939800.00,10165800.00,376.62,,,
A,29/01/26,21:34:00,443230323937FF171E0D-5,31329000.00,10218600.00,10942200.00,10168200.00,376.62,,,
A,29/01/26,21:39:00,443230323937FF171E0D-5,31336800.00,10221000.00,10945200.00,10170600.00,376.62,,,
A,29/01/26,21:44:00,443230323937FF171E0D-5,31344600.00,10223400.00,10947600.00,10173600.00,376.62,,,
A,29/01/26,21:49:00,443230323937FF171E0D-5,31352400.00,10226400.00,10950000.00,10176000.00,376.62,,,
A,29/01/26,21:54:00,443230323937FF171E0D-5,31360200.00,10228800.00,10953000.00,10178400.00,376.62,,,
A,29/01/26,21:59:00,443230323937FF171E0D-5,31367400.00,10231200.00,10955400.00,10180800.00,376.62,,,
A,29/01/26,22:04:00,443230323937FF171E0D-5,31374600.00,10233600.00,10957800.00,10183200.00,376.62,,,
A,29/01/26,22:09:00,443230323937FF171E0D-5,31382400.00,10236000.00,10960800.00,10185600.00,376.62,,,
A,29/01/26,22:14:00,443230323937FF171E0D-5,31389600.00,10238400.00,10963200.00,10188000.00,376.62,,,
A,29/01/26,22:19:00,443230323937FF171E0D-5,31396800.00,10240800.00,10965600.00,10190400.00,376.62,,,
A,29/01/26,22:24:00,443230323937FF171E0D-5,31404600.00,10243200.00,10968600.00,10192800.00,376.62,,,
A,29/01/26,22:29:00,443230323937FF171E0D-5,31412400.00,10246200.00,10971000.00,10195200.00,376.62,,,
A,29/01/26,22:34:00,443230323937FF171E0D-5,31420200.00,10248600.00,10973400.00,10198200.00,376.62,,,
A,29/01/26,22:39:00,443230323937FF171E0D-5,31428000.00,10251000.00,10976400.00,10200600.00,376.62,,,
A,29/01/26,22:44:00,443230323937FF171E0D-5,31435200.00,10253400.00,10978800.00,10203000.00,376.62,,,
A,29/01/26,22:49:00,443230323937FF171E0D-5,31442400.00,10255800.00,10981200.00,10205400.00,376.62,,,
A,29/01/26,22:54:00,443230323937FF171E0D-5,31450200.00,10258200.00,10984200.00,10207800.00,376.62,,,
A,29/01/26,22:59:00,443230323937FF171E0D-5,31457400.00,10260600.00,10986600.00,10210200.00,376.62,,,
A,29/01/26,23:04:00,443230323937FF171E0D-5,31464600.00,10263000.00,10989000.00,10212600.00,376.62,,,
A,29/01/26,23:09:00,443230323937FF171E0D-5,31472400.00,10265400.00,10992000.00,10215000.00,376.62,,,
A,29/01/26,23:14:00,443230323937FF171E0D-5,31480200.00,10268400.00,10994400.00,10217400.00,376.62,,,
A,29/01/26,23:19:00,443230323937FF171E0D-5,31488000.00,10270800.00,10996800.00,10220400.00,376.62,,,
A,29/01/26,23:24:00,443230323937FF171E0D-5,31495800.00,10273200.00,10999800.00,10222800.00,376.62,,,
A,29/01/26,23:29:00,443230323937FF171E0D-5,31503000.00,10275600.00,11002200.00,10225200.00,376.62,,,
A,29/01/26,23:34:00,443230323937FF171E0D-5,31510200.00,10278000.00,11004600.00,10227600.00,376.62,,,
A,29/01/26,23:39:00,443230323937FF171E0D-5,31518000.00,10280400.00,11007600.00,10230000.00,376.62,,,
A,29/01/26,23:44:00,443230323937FF171E0D-5,31525200.00,10282800.00,11010000.00,10232400.00,376.62,,,
A,29/01/26,23:49:00,443230323937FF171E0D-5,31532400.00,10285200.00,11012400.00,10234800.00,376.62,,,
A,29/01/26,23:54:00,443230323937FF171E0D-5,31540200.00,10287600.00,11015400.00,10237200.00,376.62,,,
A,29/01/26,23:59:00,443230323937FF171E0D-5,31547400.00,10290000.00,11017800.00,10239600.00,376.62,,,
A,30/01/26,00:04:00,443230323937FF171E0D-5,31555800.00,10293000.00,11020200.00,10242600.00,376.62,,,
A,30/01/26,00:09:00,443230323937FF171E0D-5,31563600.00,10295400.00,11023200.00,10245000.00,376.62,,,
A,30/01/26,00:14:00,443230323937FF171E0D-5,31570800.00,10297800.00,11025600.00,10247400.00,376.62,,,
A,30/01/26,00:19:00,443230323937FF171E0D-5,31578000.00,10300200.00,11028000.00,10249800.00,376.62,,,
A,30/01/26,00:24:00,443230323937FF171E0D-5,31585800.00,10302600.00,11031000.00,10252200.00,376.62,,,
A,30/01/26,00:29:00,443230323937FF171E0D-5,31593000.00,10305000.00,11033400.00,10254600.00,376.62,,,
A,30/01/26,00:34:00,443230323937FF171E0D-5,31600200.00,10307400.00,11035800.00,10257000.00,376.62,,,
A,30/01/26,00:39:00,443230323937FF171E0D-5,31608000.00,10309800.00,11038800.00,10259400.00,376.62,,,
A,30/01/26,00:44:00,443230323937FF171E0D-5,31615200.00,10312200.00,11041200.00,10261800.00,376.62,,,
A,30/01/26,00:49:00,443230323937FF171E0D-5,31623000.00,10314600.00,11043600.00,10264800.00,376.62,,,
A,30/01/26,00:54:00,443230323937FF171E0D-5,31631400.00,10317600.00,11046600.00,10267200.00,376.62,,,
A,30/01/26,00:59:00,443230323937FF171E0D-5,31638600.00,10320000.00,11049000.00,10269600.00,376.62,,,
A,30/01/26,01:04:00,443230323937FF171E0D-5,31645800.00,10322400.00,11051400.00,10272000.00,376.62,,,
A,30/01/26,01:09:00,443230323937FF171E0D-5,31653600.00,10324800.00,11054400.00,10274400.00,376.62,,,
A,30/01/26,01:14:00,443230323937FF171E0D-5,31660800.00,10327200.00,11056800.00,10276800.00,376.62,,,
A,30/01/26,01:19:00,443230323937FF171E0D-5,31668000.00,10329600.00,11059200.00,10279200.00,376.62,,,
A,30/01/26,01:24:00,443230323937FF171E0D-5,31675800.00,10332000.00,11062200.00,10281600.00,376.62,,,
A,30/01/26,01:29:00,443230323937FF171E0D-5,31683000.00,10334400.00,11064600.00,10284000.00,376.62,,,
A,30/01/26,01:34:00,443230323937FF171E0D-5,31690200.00,10336800.00,11067000.00,10286400.00,376.62,,,
A,30/01/26,01:39:00,443230323937FF171E0D-5,31698600.00,10339800.00,11070000.00,10288800.00,376.62,,,
A,30/01/26,01:44:00,443230323937FF171E0D-5,31706400.00,10342200.00,11072400.00,10291800.00,376.62,,,
A,30/01/26,01:49:00,443230323937FF171E0D-5,31713600.00,10344600.00,11074800.00,10294200.00,376.62,,,
A,30/01/26,01:54:00,443230323937FF171E0D-5,31721400.00,10347000.00,11077800.00,10296600.00,376.62,,,
A,30/01/26,01:59:00,443230323937FF171E0D-5,31728600.00,10349400.00,11080200.00,10299000.00,376.62,,,
A,30/01/26,02:04:00,443230323937FF171E0D-5,31735800.00,10351800.00,11082600.00,10301400.00,376.62,,,
A,30/01/26,02:09:00,443230323937FF171E0D-5,31743600.00,10354200.00,11085600.00,10303800.00,376.62,,,
A,30/01/26,02:14:00,443230323937FF171E0D-5,31750800.00,10356600.00,11088000.00,10306200.00,376.62,,,
A,30/01/26,02:19:00,443230323937FF171E0D-5,31758600.00,10359000.00,11091000.00,10308600.00,376.62,,,
A,30/01/26,02:24:00,443230323937FF171E0D-5,31766400.00,10362000.00,11093400.00,10311000.00,376.62,,,
A,30/01/26,02:29:00,443230323937FF171E0D-5,31773600.00,10364400.00,11095800.00,10313400.00,376.62,,,
A,30/01/26,02:34:00,443230323937FF171E0D-5,31781400.00,10366800.00,11098800.00,10315800.00,376.62,,,
A,30/01/26,02:39:00,443230323937FF171E0D-5,31789200.00,10369200.00,11101200.00,10318800.00,376.62,,,
A,30/01/26,02:44:00,443230323937FF171E0D-5,31796400.00,10371600.00,11103600.00,10321200.00,376.62,,,
A,30/01/26,02:49:00,443230323937FF171E0D-5,31804200.00,10374000.00,11106600.00,10323600.00,376.62,,,
A,30/01/26,02:54:00,443230323937FF171E0D-5,31811400.00,10376400.00,11109000.00,10326000.00,376.62,,,
A,30/01/26,02:59:00,443230323937FF171E0D-5,31818600.00,10378800.00,11111400.00,10328400.00,376.62,,,
A,30/01/26,03:04:00,443230323937FF171E0D-5,31826400.00,10381200.00,11114400.00,10330800.00,376.62,,,
A,30/01/26,03:09:00,443230323937FF171E0D-5,31833600.00,10383600.00,11116800.00,10333200.00,376.62,,,
A,30/01/26,03:14:00,443230323937FF171E0D-5,31841400.00,10386600.00,11119200.00,10335600.00,376.62,,,
A,30/01/26,03:19:00,443230323937FF171E0D-5,31849200.00,10389000.00,11122200.00,10338000.00,376.62,,,
A,30/01/26,03:24:00,443230323937FF171E0D-5,31856400.00,10391400.00,11124600.00,10340400.00,376.62,,,
A,30/01/26,03:29:00,443230323937FF171E0D-5,31863600.00,10393800.00,11127000.00,10342800.00,376.62,,,
A,30/01/26,03:34:00,443230323937FF171E0D-5,31872000.00,10396200.00,11130000.00,10345800.00,376.62,,,
A,30/01/26,03:39:00,443230323937FF171E0D-5,31879200.00,10398600.00,11132400.00,10348200.00,376.62,,,
A,30/01/26,03:44:00,443230323937FF171E0D-5,31886400.00,10401000.00,11134800.00,10350600.00,376.62,,,
A,30/01/26,03:49:00,443230323937FF171E0D-5,31894200.00,10403400.00,11137800.00,10353000.00,376.62,,,
A,30/01/26,03:54:00,443230323937FF171E0D-5,31901400.00,10405800.00,11140200.00,10355400.00,376.62,,,
A,30/01/26,03:59:00,443230323937FF171E0D-5,31909200.00,10408800.00,11142600.00,10357800.00,376.62,,,
A,30/01/26,04:04:00,443230323937FF171E0D-5,31917000.00,10411200.00,11145600.00,10360200.00,376.62,,,
A,30/01/26,04:09:00,443230323937FF171E0D-5,31924200.00,10413600.00,11148000.00,10362600.00,376.62,,,
A,30/01/26,04:14:00,443230323937FF171E0D-5,31924200.00,10413600.00,11148000.00,10362600.00,376.62,,,
A,30/01/26,04:19:00,443230323937FF171E0D-5,31924200.00,10413600.00,11148000.00,10362600.00,376.62,,,
A,30/01/26,04:24:00,443230323937FF171E0D-5,31924200.00,10413600.00,11148000.00,10362600.00,376.62,,,
A,30/01/26,04:29:00,443230323937FF171E0D-5,31924200.00,10413600.00,11148000.00,10362600.00,376.62,,,
A,30/01/26,04:34:00,443230323937FF171E0D-5,31924200.00,10413600.00,11148000.00,10362600.00,376.62,,,
A,30/01/26,04:39:00,443230323937FF171E0D-5,31924200.00,10413600.00,11148000.00,10362600.00,376.62,,,
A,30/01/26,04:44:00,443230323937FF171E0D-5,31924200.00,10413600.00,11148000.00,10362600.00,376.62,,,
A,30/01/26,04:49:00,443230323937FF171E0D-5,31924200.00,10413600.00,11148000.00,10362600.00,376.62,,,
A,30/01/26,04:54:00,443230323937FF171E0D-5,31924200.00,10413600.00,11148000.00,10362600.00,376.62,,,
A,30/01/26,04:59:00,443230323937FF171E0D-5,31924200.00,10413600.00,11148000.00,10362600.00,376.62,,,
A,30/01/26,05:04:00,443230323937FF171E0D-5,31924200.00,10413600.00,11148000.00,10362600.00,376.62,,,
A,30/01/26,05:09:00,443230323937FF171E0D-5,31924200.00,10413600.00,11148000.00,10362600.00,376.62,,,
A,30/01/26,05:14:00,443230323937FF171E0D-5,31924200.00,10413600.00,11148000.00,10362600.00,376.62,,,
A,30/01/26,05:19:00,443230323937FF171E0D-5,31924200.00,10413600.00,11148000.00,10362600.00,376.62,,,
A,30/01/26,05:24:00,443230323937FF171E0D-5,31924200.00,10413600.00,11148000.00,10362600.00,376.62,,,
A,30/01/26,05:29:00,443230323937FF171E0D-5,31924200.00,10413600.00,11148000.00,10362600.00,376.62,,,
A,30/01/26,05:34:00,443230323937FF171E0D-5,31924200.00,10413600.00,11148000.00,10362600.00,376.62,,,
A,30/01/26,05:39:00,443230323937FF171E0D-5,31924200.00,10413600.00,11148000.00,10362600.00,376.62,,,
A,30/01/26,05:44:00,443230323937FF171E0D-5,31924200.00,10413600.00,11148000.00,10362600.00,376.62,,,
A,30/01/26,05:49:00,443230323937FF171E0D-5,31924200.00,10413600.00,11148000.00,10362600.00,376.62,,,
A,30/01/26,05:54:00,443230323937FF171E0D-5,31924200.00,10413600.00,11148000.00,10362600.00,376.62,,,
A,30/01/26,05:59:00,443230323937FF171E0D-5,31924200.00,10413600.00,11148000.00,10362600.00,376.62,,,
A,30/01/26,06:04:00,443230323937FF171E0D-5,31924200.00,10413600.00,11148000.00,10362600.00,376.62,,,
A,30/01/26,06:09:00,443230323937FF171E0D-5,31924200.00,10413600.00,11148000.00,10362600.00,376.62,,,
A,30/01/26,06:14:00,443230323937FF171E0D-5,31924200.00,10413600.00,11148000.00,10362600.00,376.62,,,
A,30/01/26,06:19:00,443230323937FF171E0D-5,31924200.00,10413600.00,11148000.00,10362600.00,376.62,,,
A,30/01/26,06:24:00,443230323937FF171E0D-5,31924200.00,10413600.00,11148000.00,10362600.00,376.62,,,
A,30/01/26,06:29:00,443230323937FF171E0D-5,31924200.00,10413600.00,11148000.00,10362600.00,376.62,,,
A,30/01/26,06:34:00,443230323937FF171E0D-5,31924200.00,10413600.00,11148000.00,10362600.00,376.62,,,
A,30/01/26,06:39:00,443230323937FF171E0D-5,31924200.00,10413600.00,11148000.00,10362600.00,376.62,,,
A,30/01/26,06:44:00,443230323937FF171E0D-5,31924200.00,10413600.00,11148000.00,10362600.00,376.62,,,
A,30/01/26,06:49:00,443230323937FF171E0D-5,31924200.00,10413600.00,11148000.00,10362600.00,376.62,,,
A,30/01/26,06:54:00,443230323937FF171E0D-5,31924200.00,10413600.00,11148000.00,10362600.00,376.62,,,
A,30/01/26,06:59:00,443230323937FF171E0D-5,31924200.00,10413600.00,11148000.00,10362600.00,376.62,,,
A,30/01/26,07:04:00,443230323937FF171E0D-5,31924200.00,10413600.00,11148000.00,10362600.00,376.62,,,
A,30/01/26,07:09:00,443230323937FF171E0D-5,31924200.00,10413600.00,11148000.00,10362600.00,376.62,,,
A,30/01/26,07:14:00,443230323937FF171E0D-5,31924200.00,10413600.00,11148000.00,10362600.00,376.62,,,
A,30/01/26,07:19:00,443230323937FF171E0D-5,31924200.00,10413600.00,11148000.00,10362600.00,376.62,,,
A,30/01/26,07:24:00,443230323937FF171E0D-5,31928400.00,10414800.00,11149800.00,10363800.00,376.62,,,
A,30/01/26,07:29:00,443230323937FF171E0D-5,31935600.00,10417200.00,11152200.00,10366200.00,376.62,,,
A,30/01/26,07:34:00,443230323937FF171E0D-5,31942800.00,10419600.00,11154600.00,10368600.00,376.62,,,
A,30/01/26,07:39:00,443230323937FF171E0D-5,31950000.00,10422000.00,11157000.00,10371000.00,376.62,,,
A,30/01/26,07:44:00,443230323937FF171E0D-5,31957200.00,10424400.00,11159400.00,10373400.00,376.62,,,
A,30/01/26,07:49:00,443230323937FF171E0D-5,31964400.00,10426800.00,11161800.00,10375800.00,376.62,,,
A,30/01/26,07:54:00,443230323937FF171E0D-5,31971000.00,10429200.00,11164200.00,10377600.00,376.62,,,
A,30/01/26,07:59:00,443230323937FF171E0D-5,31978200.00,10431600.00,11166600.00,10380000.00,376.62,,,
A,30/01/26,08:04:00,443230323937FF171E0D-5,31985400.00,10433400.00,11169600.00,10382400.00,376.62,,,
A,30/01/26,08:09:00,443230323937FF171E0D-5,31992600.00,10435800.00,11172000.00,10384800.00,376.62,,,
A,30/01/26,08:14:00,443230323937FF171E0D-5,31999800.00,10438200.00,11174400.00,10387200.00,376.62,,,
A,30/01/26,08:19:00,443230323937FF171E0D-5,32007000.00,10440600.00,11176800.00,10389600.00,376.62,,,
A,30/01/26,08:24:00,443230323937FF171E0D-5,32013600.00,10443000.00,11179200.00,10391400.00,376.62,,,
A,30/01/26,08:29:00,443230323937FF171E0D-5,32020800.00,10445400.00,11181600.00,10393800.00,376.62,,,
A,30/01/26,08:34:00,443230323937FF171E0D-5,32028000.00,10447800.00,11184000.00,10396200.00,376.62,,,
A,30/01/26,08:39:00,443230323937FF171E0D-5,32035200.00,10450200.00,11186400.00,10398600.00,376.62,,,
A,30/01/26,08:44:00,443230323937FF171E0D-5,32042400.00,10452600.00,11188800.00,10401000.00,376.62,,,
A,30/01/26,08:49:00,443230323937FF171E0D-5,32049000.00,10454400.00,11191200.00,10403400.00,376.62,,,
A,30/01/26,08:54:00,443230323937FF171E0D-5,32056200.00,10456800.00,11194200.00,10405200.00,376.62,,,
A,30/01/26,08:59:00,443230323937FF171E0D-5,32063400.00,10459200.00,11196600.00,10407600.00,376.62,,,
A,30/01/26,09:04:00,443230323937FF171E0D-5,32070600.00,10461600.00,11199000.00,10410000.00,376.62,,,
A,30/01/26,09:09:00,443230323937FF171E0D-5,32077800.00,10464000.00,11201400.00,10412400.00,376.62,,,
A,30/01/26,09:14:00,443230323937FF171E0D-5,32085000.00,10466400.00,11203800.00,10414800.00,376.62,,,
A,30/01/26,09:19:00,443230323937FF171E0D-5,32091600.00,10468800.00,11206200.00,10416600.00,376.62,,,
A,30/01/26,09:24:00,443230323937FF171E0D-5,32098800.00,10471200.00,11208600.00,10419000.00,376.62,,,
A,30/01/26,09:29:00,443230323937FF171E0D-5,32106000.00,10473600.00,11211000.00,10421400.00,376.62,,,
A,30/01/26,09:34:00,443230323937FF171E0D-5,32113200.00,10476000.00,11213400.00,10423800.00,376.62,,,
A,30/01/26,09:39:00,443230323937FF171E0D-5,32120400.00,10478400.00,11215800.00,10426200.00,376.62,,,
A,30/01/26,09:44:00,443230323937FF171E0D-5,32127600.00,10480200.00,11218800.00,10428600.00,376.62,,,
A,30/01/26,09:49:00,443230323937FF171E0D-5,32134800.00,10482600.00,11221200.00,10431000.00,376.62,,,
A,30/01/26,09:54:00,443230323937FF171E0D-5,32141400.00,10485000.00,11223600.00,10432800.00,376.62,,,
A,30/01/26,09:59:00,443230323937FF171E0D-5,32148600.00,10487400.00,11226000.00,10435200.00,376.62,,,
A,30/01/26,10:04:00,443230323937FF171E0D-5,32155800.00,10489800.00,11228400.00,10437600.00,376.62,,,
A,30/01/26,10:09:00,443230323937FF171E0D-5,32163000.00,10492200.00,11230800.00,10440000.00,376.62,,,
A,30/01/26,10:14:00,443230323937FF171E0D-5,32170200.00,10494600.00,11233200.00,10442400.00,376.62,,,
A,30/01/26,10:19:00,443230323937FF171E0D-5,32177400.00,10497000.00,11235600.00,10444800.00,376.62,,,
A,30/01/26,10:24:00,443230323937FF171E0D-5,32184000.00,10499400.00,11238000.00,10446600.00,376.62,,,
A,30/01/26,10:29:00,443230323937FF171E0D-5,32190600.00,10501200.00,11240400.00,10449000.00,376.62,,,
A,30/01/26,10:34:00,443230323937FF171E0D-5,32197800.00,10503600.00,11242800.00,10451400.00,376.62,,,
A,30/01/26,10:39:00,443230323937FF171E0D-5,32205600.00,10506000.00,11245800.00,10453800.00,376.62,,,
A,30/01/26,10:44:00,443230323937FF171E0D-5,32212800.00,10508400.00,11248200.00,10456200.00,376.62,,,
A,30/01/26,10:49:00,443230323937FF171E0D-5,32220000.00,10510800.00,11250600.00,10458600.00,376.62,,,
A,30/01/26,10:54:00,443230323937FF171E0D-5,32226600.00,10513200.00,11253000.00,10460400.00,376.62,,,
A,30/01/26,10:59:00,443230323937FF171E0D-5,32233800.00,10515600.00,11255400.00,10462800.00,376.62,,,
A,30/01/26,11:04:00,443230323937FF171E0D-5,32241000.00,10518000.00,11257800.00,10465200.00,376.62,,,
A,30/01/26,11:09:00,443230323937FF171E0D-5,32248200.00,10520400.00,11260200.00,10467600.00,376.62,,,
A,30/01/26,11:14:00,443230323937FF171E0D-5,32254800.00,10522200.00,11262600.00,10470000.00,376.62,,,
A,30/01/26,11:19:00,443230323937FF171E0D-5,32262000.00,10524600.00,11265000.00,10472400.00,376.62,,,
A,30/01/26,11:24:00,443230323937FF171E0D-5,32268600.00,10527000.00,11267400.00,10474200.00,376.62,,,
A,30/01/26,11:29:00,443230323937FF171E0D-5,32275800.00,10529400.00,11269800.00,10476600.00,376.62,,,
A,30/01/26,11:34:00,443230323937FF171E0D-5,32283000.00,10531800.00,11272200.00,10479000.00,376.62,,,
A,30/01/26,11:39:00,443230323937FF171E0D-5,32290200.00,10534200.00,11274600.00,10481400.00,376.62,,,
A,30/01/26,11:44:00,443230323937FF171E0D-5,32297400.00,10536600.00,11277000.00,10483800.00,376.62,,,
A,30/01/26,11:49:00,443230323937FF171E0D-5,32305200.00,10539000.00,11280000.00,10486200.00,376.62,,,
A,30/01/26,11:54:00,443230323937FF171E0D-5,32311800.00,10541400.00,11282400.00,10488000.00,376.62,,,
A,30/01/26,11:59:00,443230323937FF171E0D-5,32319000.00,10543800.00,11284800.00,10490400.00,376.62,,,
A,30/01/26,12:04:00,443230323937FF171E0D-5,32325600.00,10545600.00,11287200.00,10492800.00,376.62,,,
A,30/01/26,12:09:00,443230323937FF171E0D-5,32332800.00,10548000.00,11289600.00,10495200.00,376.62,,,
A,30/01/26,12:14:00,443230323937FF171E0D-5,32340000.00,10550400.00,11292000.00,10497600.00,376.62,,,
A,30/01/26,12:19:00,443230323937FF171E0D-5,32347200.00,10552800.00,11294400.00,10500000.00,376.62,,,
A,30/01/26,12:24:00,443230323937FF171E0D-5,32353800.00,10555200.00,11296800.00,10501800.00,376.62,,,
A,30/01/26,12:29:00,443230323937FF171E0D-5,32361000.00,10557600.00,11299200.00,10504200.00,376.62,,,
A,30/01/26,12:34:00,443230323937FF171E0D-5,32368200.00,10560000.00,11301600.00,10506600.00,376.62,,,
A,30/01/26,12:39:00,443230323937FF171E0D-5,32375400.00,10562400.00,11304000.00,10509000.00,376.62,,,
A,30/01/26,12:44:00,443230323937FF171E0D-5,32382000.00,10564200.00,11306400.00,10511400.00,376.62,,,
A,30/01/26,12:49:00,443230323937FF171E0D-5,32389200.00,10566600.00,11308800.00,10513800.00,376.62,,,
A,30/01/26,12:54:00,443230323937FF171E0D-5,32396400.00,10569000.00,11311800.00,10515600.00,376.62,,,
A,30/01/26,12:59:00,443230323937FF171E0D-5,32403600.00,10571400.00,11314200.00,10518000.00,376.62,,,
A,30/01/26,13:04:00,443230323937FF171E0D-5,32410800.00,10573800.00,11316600.00,10520400.00,376.62,,,
A,30/01/26,13:09:00,443230323937FF171E0D-5,32418000.00,10576200.00,11319000.00,10522800.00,376.62,,,
A,30/01/26,13:14:00,443230323937FF171E0D-5,32425200.00,10578600.00,11321400.00,10525200.00,376.62,,,
A,30/01/26,13:19:00,443230323937FF171E0D-5,32432400.00,10581000.00,11323800.00,10527600.00,376.62,,,
A,30/01/26,13:24:00,443230323937FF171E0D-5,32439000.00,10583400.00,11326200.00,10529400.00,376.62,,,
A,30/01/26,13:29:00,443230323937FF171E0D-5,32445600.00,10585200.00,11328600.00,10531800.00,376.62,,,
A,30/01/26,13:34:00,443230323937FF171E0D-5,32452800.00,10587600.00,11331000.00,10534200.00,376.62,,,
A,30/01/26,13:39:00,443230323937FF171E0D-5,32460000.00,10590000.00,11333400.00,10536600.00,376.62,,,
A,30/01/26,13:44:00,443230323937FF171E0D-5,32467200.00,10592400.00,11335800.00,10539000.00,376.62,,,
A,30/01/26,13:49:00,443230323937FF171E0D-5,32473800.00,10594800.00,11338200.00,10540800.00,376.62,,,
A,30/01/26,13:54:00,443230323937FF171E0D-5,32481000.00,10597200.00,11340600.00,10543200.00,376.62,,,
A,30/01/26,13:59:00,443230323937FF171E0D-5,32488200.00,10599600.00,11343000.00,10545600.00,376.62,,,
A,30/01/26,14:04:00,443230323937FF171E0D-5,32496000.00,10602000.00,11346000.00,10548000.00,376.62,,,
A,30/01/26,14:09:00,443230323937FF171E0D-5,32503200.00,10604400.00,11348400.00,10550400.00,376.62,,,
A,30/01/26,14:14:00,443230323937FF171E0D-5,32510400.00,10606800.00,11350800.00,10552800.00,376.62,,,
A,30/01/26,14:19:00,443230323937FF171E0D-5,32516400.00,10608600.00,11353200.00,10554600.00,376.62,,,
A,30/01/26,14:24:00,443230323937FF171E0D-5,32523600.00,10611000.00,11355600.00,10557000.00,376.62,,,
A,30/01/26,14:29:00,443230323937FF171E0D-5,32530800.00,10613400.00,11358000.00,10559400.00,376.62,,,
A,30/01/26,14:34:00,443230323937FF171E0D-5,32538000.00,10615800.00,11360400.00,10561800.00,376.62,,,
A,30/01/26,14:39:00,443230323937FF171E0D-5,32545200.00,10618200.00,11362800.00,10564200.00,376.62,,,
A,30/01/26,14:44:00,443230323937FF171E0D-5,32552400.00,10620600.00,11365200.00,10566600.00,376.62,,,
A,30/01/26,14:49:00,443230323937FF171E0D-5,32559000.00,10623000.00,11367600.00,10568400.00,376.62,,,
A,30/01/26,14:54:00,443230323937FF171E0D-5,32566200.00,10625400.00,11370000.00,10570800.00,376.62,,,
A,30/01/26,14:59:00,443230323937FF171E0D-5,32573400.00,10627800.00,11372400.00,10573200.00,376.62,,,
A,30/01/26,15:04:00,443230323937FF171E0D-5,32580600.00,10629600.00,11375400.00,10575600.00,376.62,,,
A,30/01/26,15:09:00,443230323937FF171E0D-5,32587800.00,10632000.00,11377800.00,10578000.00,376.62,,,
A,30/01/26,15:14:00,443230323937FF171E0D-5,32595000.00,10634400.00,11380200.00,10580400.00,376.62,,,
A,30/01/26,15:19:00,443230323937FF171E0D-5,32601600.00,10636800.00,11382600.00,10582200.00,376.62,,,
A,30/01/26,15:24:00,443230323937FF171E0D-5,32608800.00,10639200.00,11385000.00,10584600.00,376.62,,,
A,30/01/26,15:29:00,443230323937FF171E0D-5,32616000.00,10641600.00,11387400.00,10587000.00,376.62,,,
A,30/01/26,15:34:00,443230323937FF171E0D-5,32623200.00,10644000.00,11389800.00,10589400.00,376.62,,,
A,30/01/26,00:15:39,443230323937FF171E0D-5,32634000.00,10647600.00,11393400.00,10593000.00,376.62,,,
A,30/01/26,00:15:44,443230323937FF171E0D-5,32640600.00,10650000.00,11395800.00,10594800.00,376.62,,,
A,30/01/26,15:49:00,443230323937FF171E0D-5,32647800.00,10652400.00,11398200.00,10597200.00,376.62,,,
A,30/01/26,15:54:00,443230323937FF171E0D-5,32654400.00,10654200.00,11400600.00,10599600.00,376.62,,,
A,30/01/26,15:59:00,443230323937FF171E0D-5,32662200.00,10656600.00,11403600.00,10602000.00,376.62,,,
A,30/01/26,16:04:00,443230323937FF171E0D-5,32669400.00,10659000.00,11406000.00,10604400.00,376.62,,,
A,30/01/26,16:09:00,443230323937FF171E0D-5,32676000.00,10661400.00,11408400.00,10606200.00,376.62,,,
A,30/01/26,16:14:00,443230323937FF171E0D-5,32683200.00,10663800.00,11410800.00,10608600.00,376.62,,,
A,30/01/26,16:19:00,443230323937FF171E0D-5,32690400.00,10666200.00,11413200.00,10611000.00,376.62,,,
A,30/01/26,16:24:00,443230323937FF171E0D-5,32697600.00,10668600.00,11415600.00,10613400.00,376.62,,,
A,30/01/26,16:29:00,443230323937FF171E0D-5,32704800.00,10671000.00,11418000.00,10615800.00,376.62,,,
A,30/01/26,16:34:00,443230323937FF171E0D-5,32711400.00,10672800.00,11420400.00,10618200.00,376.62,,,
A,30/01/26,16:39:00,443230323937FF171E0D-5,32718000.00,10675200.00,11422800.00,10620000.00,376.62,,,
A,30/01/26,16:44:00,443230323937FF171E0D-5,32725200.00,10677600.00,11425200.00,10622400.00,376.62,,,
A,30/01/26,16:49:00,443230323937FF171E0D-5,32732400.00,10680000.00,11427600.00,10624800.00,376.62,,,
A,30/01/26,16:54:00,443230323937FF171E0D-5,32739600.00,10682400.00,11430000.00,10627200.00,376.62,,,
A,30/01/26,16:59:00,443230323937FF171E0D-5,32746800.00,10684800.00,11432400.00,10629600.00,376.62,,,
A,30/01/26,17:04:00,443230323937FF171E0D-5,32753400.00,10687200.00,11434800.00,10631400.00,376.62,,,
A,30/01/26,17:09:00,443230323937FF171E0D-5,32761200.00,10689600.00,11437800.00,10633800.00,376.62,,,
A,30/01/26,17:14:00,443230323937FF171E0D-5,32768400.00,10692000.00,11440200.00,10636200.00,376.62,,,
A,30/01/26,17:19:00,443230323937FF171E0D-5,32775000.00,10693800.00,11442600.00,10638600.00,376.62,,,
A,30/01/26,17:24:00,443230323937FF171E0D-5,32782200.00,10696200.00,11445000.00,10641000.00,376.62,,,
A,30/01/26,17:29:00,443230323937FF171E0D-5,32789400.00,10698600.00,11447400.00,10643400.00,376.62,,,
A,30/01/26,17:34:00,443230323937FF171E0D-5,32796000.00,10701000.00,11449800.00,10645200.00,376.62,,,
A,30/01/26,17:39:00,443230323937FF171E0D-5,32803200.00,10703400.00,11452200.00,10647600.00,376.62,,,
A,30/01/26,17:44:00,443230323937FF171E0D-5,32810400.00,10705800.00,11454600.00,10650000.00,376.62,,,
A,30/01/26,17:49:00,443230323937FF171E0D-5,32817600.00,10708200.00,11457000.00,10652400.00,376.62,,,
A,30/01/26,17:54:00,443230323937FF171E0D-5,32824800.00,10710600.00,11459400.00,10654800.00,376.62,,,
A,30/01/26,17:59:00,443230323937FF171E0D-5,32831400.00,10713000.00,11461800.00,10656600.00,376.62,,,
A,30/01/26,18:04:00,443230323937FF171E0D-5,32838000.00,10714800.00,11464200.00,10659000.00,376.62,,,
A,30/01/26,18:09:00,443230323937FF171E0D-5,32845800.00,10717200.00,11467200.00,10661400.00,376.62,,,
A,30/01/26,18:14:00,443230323937FF171E0D-5,32853000.00,10719600.00,11469600.00,10663800.00,376.62,,,
A,30/01/26,18:19:00,443230323937FF171E0D-5,32860200.00,10722000.00,11472000.00,10666200.00,376.62,,,
A,30/01/26,18:24:00,443230323937FF171E0D-5,32867400.00,10724400.00,11474400.00,10668600.00,376.62,,,
A,30/01/26,18:29:00,443230323937FF171E0D-5,32874000.00,10726800.00,11476800.00,10670400.00,376.62,,,
A,30/01/26,18:34:00,443230323937FF171E0D-5,32881200.00,10729200.00,11479200.00,10672800.00,376.62,,,
A,30/01/26,18:39:00,443230323937FF171E0D-5,32888400.00,10731600.00,11481600.00,10675200.00,376.62,,,
A,30/01/26,18:44:00,443230323937FF171E0D-5,32895600.00,10734000.00,11484000.00,10677600.00,376.62,,,
A,30/01/26,18:49:00,443230323937FF171E0D-5,32902200.00,10735800.00,11486400.00,10680000.00,376.62,,,
A,30/01/26,18:54:00,443230323937FF171E0D-5,32908800.00,10738200.00,11488800.00,10681800.00,376.62,,,
A,30/01/26,18:59:00,443230323937FF171E0D-5,32916000.00,10740600.00,11491200.00,10684200.00,376.62,,,
A,30/01/26,19:04:00,443230323937FF171E0D-5,32923200.00,10743000.00,11493600.00,10686600.00,376.62,,,
A,30/01/26,19:09:00,443230323937FF171E0D-5,32930400.00,10745400.00,11496000.00,10689000.00,376.62,,,
A,30/01/26,19:14:00,443230323937FF171E0D-5,32938200.00,10747800.00,11499000.00,10691400.00,376.62,,,
A,30/01/26,19:19:00,443230323937FF171E0D-5,32945400.00,10750200.00,11501400.00,10693800.00,376.62,,,
A,30/01/26,19:24:00,443230323937FF171E0D-5,32952600.00,10752600.00,11503800.00,10696200.00,376.62,,,
A,30/01/26,19:29:00,443230323937FF171E0D-5,32958600.00,10754400.00,11506200.00,10698000.00,376.62,,,
A,30/01/26,19:34:00,443230323937FF171E0D-5,32965800.00,10756800.00,11508600.00,10700400.00,376.62,,,
A,30/01/26,19:39:00,443230323937FF171E0D-5,32973000.00,10759200.00,11511000.00,10702800.00,376.62,,,
A,30/01/26,19:44:00,443230323937FF171E0D-5,32980200.00,10761600.00,11513400.00,10705200.00,376.62,,,
A,30/01/26,19:49:00,443230323937FF171E0D-5,32987400.00,10764000.00,11515800.00,10707600.00,376.62,,,
A,30/01/26,19:54:00,443230323937FF171E0D-5,32994600.00,10766400.00,11518200.00,10710000.00,376.62,,,
A,30/01/26,19:59:00,443230323937FF171E0D-5,33001800.00,10768800.00,11520600.00,10712400.00,376.62,,,
A,30/01/26,20:04:00,443230323937FF171E0D-5,33008400.00,10771200.00,11523000.00,10714200.00,376.62,,,
A,30/01/26,20:09:00,443230323937FF171E0D-5,33015600.00,10773600.00,11525400.00,10716600.00,376.62,,,
A,30/01/26,20:14:00,443230323937FF171E0D-5,33022200.00,10775400.00,11527800.00,10719000.00,376.62,,,
A,30/01/26,20:19:00,443230323937FF171E0D-5,33029400.00,10777800.00,11530200.00,10721400.00,376.62,,,
A,30/01/26,20:24:00,443230323937FF171E0D-5,33036600.00,10780200.00,11532600.00,10723800.00,376.62,,,
A,30/01/26,20:29:00,443230323937FF171E0D-5,33043800.00,10782600.00,11535000.00,10726200.00,376.62,,,
A,30/01/26,20:34:00,443230323937FF171E0D-5,33050400.00,10785000.00,11537400.00,10728000.00,376.62,,,
A,30/01/26,20:39:00,443230323937FF171E0D-5,33057600.00,10787400.00,11539800.00,10730400.00,376.62,,,
A,30/01/26,20:44:00,443230323937FF171E0D-5,33064800.00,10789800.00,11542200.00,10732800.00,376.62,,,
A,30/01/26,20:49:00,443230323937FF171E0D-5,33072000.00,10792200.00,11544600.00,10735200.00,376.62,,,
A,30/01/26,20:54:00,443230323937FF171E0D-5,33079800.00,10794600.00,11547600.00,10737600.00,376.62,,,
A,30/01/26,20:59:00,443230323937FF171E0D-5,33086400.00,10796400.00,11550000.00,10740000.00,376.62,,,
A,30/01/26,21:04:00,443230323937FF171E0D-5,33093000.00,10798800.00,11552400.00,10741800.00,376.62,,,
A,30/01/26,21:09:00,443230323937FF171E0D-5,33100200.00,10801200.00,11554800.00,10744200.00,376.62,,,
A,30/01/26,21:14:00,443230323937FF171E0D-5,33107400.00,10803600.00,11557200.00,10746600.00,376.62,,,
A,30/01/26,21:19:00,443230323937FF171E0D-5,33114600.00,10806000.00,11559600.00,10749000.00,376.62,,,
A,30/01/26,21:24:00,443230323937FF171E0D-5,33121800.00,10808400.00,11562000.00,10751400.00,376.62,,,
A,30/01/26,21:29:00,443230323937FF171E0D-5,33129000.00,10810800.00,11564400.00,10753800.00,376.62,,,
A,30/01/26,21:34:00,443230323937FF171E0D-5,33135000.00,10812600.00,11566800.00,10755600.00,376.62,,,
A,30/01/26,21:39:00,443230323937FF171E0D-5,33142200.00,10815000.00,11569200.00,10758000.00,376.62,,,
A,30/01/26,21:44:00,443230323937FF171E0D-5,33149400.00,10817400.00,11571600.00,10760400.00,376.62,,,
A,30/01/26,21:49:00,443230323937FF171E0D-5,33156600.00,10819800.00,11574000.00,10762800.00,376.62,,,
A,30/01/26,21:54:00,443230323937FF171E0D-5,33163800.00,10822200.00,11576400.00,10765200.00,376.62,,,
A,30/01/26,21:59:00,443230323937FF171E0D-5,33171000.00,10824600.00,11578800.00,10767600.00,376.62,,,
A,30/01/26,22:04:00,443230323937FF171E0D-5,33177600.00,10827000.00,11581200.00,10769400.00,376.62,,,
A,30/01/26,22:09:00,443230323937FF171E0D-5,33184800.00,10829400.00,11583600.00,10771800.00,376.62,,,
A,30/01/26,22:14:00,443230323937FF171E0D-5,33191400.00,10831200.00,11586000.00,10774200.00,376.62,,,
A,30/01/26,22:19:00,443230323937FF171E0D-5,33199200.00,10833600.00,11589000.00,10776600.00,376.62,,,
A,30/01/26,22:24:00,443230323937FF171E0D-5,33206400.00,10836000.00,11591400.00,10779000.00,376.62,,,
A,30/01/26,22:29:00,443230323937FF171E0D-5,33213600.00,10838400.00,11593800.00,10781400.00,376.62,,,
A,30/01/26,22:34:00,443230323937FF171E0D-5,33220800.00,10840800.00,11596200.00,10783800.00,376.62,,,
A,30/01/26,22:39:00,443230323937FF171E0D-5,33227400.00,10843200.00,11598600.00,10785600.00,376.62,,,
A,30/01/26,22:44:00,443230323937FF171E0D-5,33234600.00,10845600.00,11601000.00,10788000.00,376.62,,,
A,30/01/26,22:49:00,443230323937FF171E0D-5,33241800.00,10848000.00,11603400.00,10790400.00,376.62,,,
A,30/01/26,22:54:00,443230323937FF171E0D-5,33248400.00,10849800.00,11605800.00,10792800.00,376.62,,,
A,30/01/26,22:59:00,443230323937FF171E0D-5,33255600.00,10852200.00,11608200.00,10795200.00,376.62,,,
A,30/01/26,23:04:00,443230323937FF171E0D-5,33262800.00,10854600.00,11610600.00,10797600.00,376.62,,,
A,30/01/26,23:09:00,443230323937FF171E0D-5,33269400.00,10857000.00,11613000.00,10799400.00,376.62,,,
A,30/01/26,23:14:00,443230323937FF171E0D-5,33276600.00,10859400.00,11615400.00,10801800.00,376.62,,,
A,30/01/26,23:19:00,443230323937FF171E0D-5,33283800.00,10861800.00,11617800.00,10804200.00,376.62,,,
A,30/01/26,23:24:00,443230323937FF171E0D-5,33290400.00,10863600.00,11620200.00,10806600.00,376.62,,,
A,30/01/26,23:29:00,443230323937FF171E0D-5,33298200.00,10866000.00,11623200.00,10809000.00,376.62,,,
A,30/01/26,23:34:00,443230323937FF171E0D-5,33305400.00,10868400.00,11625600.00,10811400.00,376.62,,,
A,30/01/26,23:39:00,443230323937FF171E0D-5,33312600.00,10870800.00,11628000.00,10813800.00,376.62,,,
A,30/01/26,23:44:00,443230323937FF171E0D-5,33319200.00,10873200.00,11630400.00,10815600.00,376.62,,,
A,30/01/26,23:49:00,443230323937FF171E0D-5,33326400.00,10875600.00,11632800.00,10818000.00,376.62,,,
A,30/01/26,23:54:00,443230323937FF171E0D-5,33333600.00,10878000.00,11635200.00,10820400.00,376.62,,,
A,30/01/26,23:59:00,443230323937FF171E0D-5,33340200.00,10879800.00,11637600.00,10822800.00,376.62,,,
A,31/01/26,00:04:00,443230323937FF171E0D-5,33349200.00,10882800.00,11640600.00,10825800.00,376.62,,,
A,31/01/26,00:09:00,443230323937FF171E0D-5,33355800.00,10885200.00,11643000.00,10827600.00,376.62,,,
A,31/01/26,00:14:00,443230323937FF171E0D-5,33363000.00,10887600.00,11645400.00,10830000.00,376.62,,,
A,31/01/26,00:19:00,443230323937FF171E0D-5,33370200.00,10890000.00,11647800.00,10832400.00,376.62,,,
A,31/01/26,00:24:00,443230323937FF171E0D-5,33376800.00,10891800.00,11650200.00,10834800.00,376.62,,,
A,31/01/26,00:29:00,443230323937FF171E0D-5,33384000.00,10894200.00,11652600.00,10837200.00,376.62,,,
A,31/01/26,00:34:00,443230323937FF171E0D-5,33391200.00,10896600.00,11655000.00,10839600.00,376.62,,,
A,31/01/26,00:39:00,443230323937FF171E0D-5,33398400.00,10899000.00,11657400.00,10842000.00,376.62,,,
A,31/01/26,00:44:00,443230323937FF171E0D-5,33405600.00,10901400.00,11659800.00,10844400.00,376.62,,,
A,31/01/26,00:49:00,443230323937FF171E0D-5,33412200.00,10903800.00,11662200.00,10846200.00,376.62,,,
A,31/01/26,00:54:00,443230323937FF171E0D-5,33419400.00,10905600.00,11665200.00,10848600.00,376.62,,,
A,31/01/26,00:59:00,443230323937FF171E0D-5,33426600.00,10908000.00,11667600.00,10851000.00,376.62,,,
A,31/01/26,01:04:00,443230323937FF171E0D-5,33433800.00,10910400.00,11670000.00,10853400.00,376.62,,,
A,31/01/26,01:09:00,443230323937FF171E0D-5,33441000.00,10912800.00,11672400.00,10855800.00,376.62,,,
A,31/01/26,01:14:00,443230323937FF171E0D-5,33448200.00,10915200.00,11674800.00,10858200.00,376.62,,,
A,31/01/26,01:19:00,443230323937FF171E0D-5,33455400.00,10917600.00,11677200.00,10860600.00,376.62,,,
A,31/01/26,01:24:00,443230323937FF171E0D-5,33461400.00,10919400.00,11679600.00,10862400.00,376.62,,,
A,31/01/26,01:29:00,443230323937FF171E0D-5,33468600.00,10921800.00,11682000.00,10864800.00,376.62,,,
A,31/01/26,01:34:00,443230323937FF171E0D-5,33475800.00,10924200.00,11684400.00,10867200.00,376.62,,,
A,31/01/26,01:39:00,443230323937FF171E0D-5,33483000.00,10926600.00,11686800.00,10869600.00,376.62,,,
A,31/01/26,01:44:00,443230323937FF171E0D-5,33490200.00,10929000.00,11689200.00,10872000.00,376.62,,,
A,31/01/26,01:49:00,443230323937FF171E0D-5,33497400.00,10931400.00,11691600.00,10874400.00,376.62,,,
A,31/01/26,01:54:00,443230323937FF171E0D-5,33504000.00,10933200.00,11694000.00,10876800.00,376.62,,,
A,31/01/26,01:59:00,443230323937FF171E0D-5,33510600.00,10935600.00,11696400.00,10878600.00,376.62,,,
A,31/01/26,02:04:00,443230323937FF171E0D-5,33518400.00,10938000.00,11699400.00,10881000.00,376.62,,,
A,31/01/26,02:09:00,443230323937FF171E0D-5,33525600.00,10940400.00,11701800.00,10883400.00,376.62,,,
A,31/01/26,02:14:00,443230323937FF171E0D-5,33532800.00,10942800.00,11704200.00,10885800.00,376.62,,,
A,31/01/26,02:19:00,443230323937FF171E0D-5,33540000.00,10945200.00,11706600.00,10888200.00,376.62,,,
A,31/01/26,02:24:00,443230323937FF171E0D-5,33547200.00,10947600.00,11709000.00,10890600.00,376.62,,,
A,31/01/26,02:29:00,443230323937FF171E0D-5,33553800.00,10949400.00,11711400.00,10893000.00,376.62,,,
A,31/01/26,02:34:00,443230323937FF171E0D-5,33560400.00,10951800.00,11713800.00,10894800.00,376.62,,,
A,31/01/26,02:39:00,443230323937FF171E0D-5,33567600.00,10954200.00,11716200.00,10897200.00,376.62,,,
A,31/01/26,02:44:00,443230323937FF171E0D-5,33574800.00,10956600.00,11718600.00,10899600.00,376.62,,,
A,31/01/26,02:49:00,443230323937FF171E0D-5,33582000.00,10959000.00,11721000.00,10902000.00,376.62,,,
A,31/01/26,02:54:00,443230323937FF171E0D-5,33589200.00,10961400.00,11723400.00,10904400.00,376.62,,,
A,31/01/26,02:59:00,443230323937FF171E0D-5,33595800.00,10963200.00,11725800.00,10906800.00,376.62,,,
A,31/01/26,03:04:00,443230323937FF171E0D-5,33603600.00,10965600.00,11728800.00,10909200.00,376.62,,,
A,31/01/26,03:09:00,443230323937FF171E0D-5,33610200.00,10968000.00,11731200.00,10911000.00,376.62,,,
A,31/01/26,03:14:00,443230323937FF171E0D-5,33617400.00,10970400.00,11733600.00,10913400.00,376.62,,,
A,31/01/26,03:19:00,443230323937FF171E0D-5,33624600.00,10972800.00,11736000.00,10915800.00,376.62,,,
A,31/01/26,03:24:00,443230323937FF171E0D-5,33631800.00,10975200.00,11738400.00,10918200.00,376.62,,,
A,31/01/26,03:29:00,443230323937FF171E0D-5,33638400.00,10977000.00,11740800.00,10920600.00,376.62,,,
A,31/01/26,03:34:00,443230323937FF171E0D-5,33645600.00,10979400.00,11743200.00,10923000.00,376.62,,,
A,31/01/26,03:39:00,443230323937FF171E0D-5,33652800.00,10981800.00,11745600.00,10925400.00,376.62,,,
A,31/01/26,03:44:00,443230323937FF171E0D-5,33659400.00,10984200.00,11748000.00,10927200.00,376.62,,,
A,31/01/26,03:49:00,443230323937FF171E0D-5,33666600.00,10986600.00,11750400.00,10929600.00,376.62,,,
A,31/01/26,03:54:00,443230323937FF171E0D-5,33673800.00,10989000.00,11752800.00,10932000.00,376.62,,,
A,31/01/26,03:59:00,443230323937FF171E0D-5,33680400.00,10990800.00,11755200.00,10934400.00,376.62,,,
A,31/01/26,04:04:00,443230323937FF171E0D-5,33687600.00,10993200.00,11757600.00,10936800.00,376.62,,,
A,31/01/26,04:09:00,443230323937FF171E0D-5,33695400.00,10995600.00,11760600.00,10939200.00,376.62,,,
A,31/01/26,04:14:00,443230323937FF171E0D-5,33702600.00,10998000.00,11763000.00,10941600.00,376.62,,,
A,31/01/26,04:19:00,443230323937FF171E0D-5,33709200.00,11000400.00,11765400.00,10943400.00,376.62,,,
A,31/01/26,04:24:00,443230323937FF171E0D-5,33716400.00,11002800.00,11767800.00,10945800.00,376.62,,,
A,31/01/26,04:29:00,443230323937FF171E0D-5,33723000.00,11004600.00,11770200.00,10948200.00,376.62,,,
A,31/01/26,04:34:00,443230323937FF171E0D-5,33730200.00,11007000.00,11772600.00,10950600.00,376.62,,,
A,31/01/26,04:39:00,443230323937FF171E0D-5,33737400.00,11009400.00,11775000.00,10953000.00,376.62,,,
A,31/01/26,04:44:00,443230323937FF171E0D-5,33744600.00,11011800.00,11777400.00,10955400.00,376.62,,,
A,31/01/26,04:49:00,443230323937FF171E0D-5,33751800.00,11014200.00,11779800.00,10957800.00,376.62,,,
A,31/01/26,04:54:00,443230323937FF171E0D-5,33758400.00,11016600.00,11782200.00,10959600.00,376.62,,,
A,31/01/26,04:59:00,443230323937FF171E0D-5,33765000.00,11018400.00,11784600.00,10962000.00,376.62,,,
A,31/01/26,05:04:00,443230323937FF171E0D-5,33772200.00,11020800.00,11787000.00,10964400.00,376.62,,,
A,31/01/26,05:09:00,443230323937FF171E0D-5,33780000.00,11023200.00,11790000.00,10966800.00,376.62,,,
A,31/01/26,05:14:00,443230323937FF171E0D-5,33787200.00,11025600.00,11792400.00,10969200.00,376.62,,,
A,31/01/26,05:19:00,443230323937FF171E0D-5,33794400.00,11028000.00,11794800.00,10971600.00,376.62,,,
A,31/01/26,05:24:00,443230323937FF171E0D-5,33801000.00,11029800.00,11797200.00,10974000.00,376.62,,,
A,31/01/26,05:29:00,443230323937FF171E0D-5,33807600.00,11032200.00,11799600.00,10975800.00,376.62,,,
A,31/01/26,05:34:00,443230323937FF171E0D-5,33814800.00,11034600.00,11802000.00,10978200.00,376.62,,,
A,31/01/26,05:39:00,443230323937FF171E0D-5,33822000.00,11037000.00,11804400.00,10980600.00,376.62,,,
A,31/01/26,05:44:00,443230323937FF171E0D-5,33829200.00,11039400.00,11806800.00,10983000.00,376.62,,,
A,31/01/26,05:49:00,443230323937FF171E0D-5,33836400.00,11041800.00,11809200.00,10985400.00,376.62,,,
A,31/01/26,05:54:00,443230323937FF171E0D-5,33843600.00,11044200.00,11811600.00,10987800.00,376.62,,,
A,31/01/26,05:59:00,443230323937FF171E0D-5,33850200.00,11046000.00,11814000.00,10990200.00,376.62,,,
A,31/01/26,06:04:00,443230323937FF171E0D-5,33856800.00,11048400.00,11816400.00,10992000.00,376.62,,,
A,31/01/26,06:09:00,443230323937FF171E0D-5,33864600.00,11050800.00,11819400.00,10994400.00,376.62,,,
A,31/01/26,06:14:00,443230323937FF171E0D-5,33871800.00,11053200.00,11821800.00,10996800.00,376.62,,,
A,31/01/26,06:19:00,443230323937FF171E0D-5,33879000.00,11055600.00,11824200.00,10999200.00,376.62,,,
A,31/01/26,06:24:00,443230323937FF171E0D-5,33886200.00,11058000.00,11826600.00,11001600.00,376.62,,,
A,31/01/26,06:29:00,443230323937FF171E0D-5,33892800.00,11059800.00,11829000.00,11004000.00,376.62,,,
A,31/01/26,06:34:00,443230323937FF171E0D-5,33899400.00,11062200.00,11831400.00,11005800.00,376.62,,,
A,31/01/26,06:39:00,443230323937FF171E0D-5,33906600.00,11064600.00,11833800.00,11008200.00,376.62,,,
A,31/01/26,06:44:00,443230323937FF171E0D-5,33913800.00,11067000.00,11836200.00,11010600.00,376.62,,,
A,31/01/26,06:49:00,443230323937FF171E0D-5,33921000.00,11069400.00,11838600.00,11013000.00,376.62,,,
A,31/01/26,06:54:00,443230323937FF171E0D-5,33928200.00,11071800.00,11841000.00,11015400.00,376.62,,,
A,31/01/26,06:59:00,443230323937FF171E0D-5,33935400.00,11074200.00,11843400.00,11017800.00,376.62,,,
A,31/01/26,07:04:00,443230323937FF171E0D-5,33942000.00,11076600.00,11845800.00,11019600.00,376.62,,,
A,31/01/26,07:09:00,443230323937FF171E0D-5,33949200.00,11078400.00,11848800.00,11022000.00,376.62,,,
A,31/01/26,07:14:00,443230323937FF171E0D-5,33956400.00,11080800.00,11851200.00,11024400.00,376.62,,,
A,31/01/26,07:19:00,443230323937FF171E0D-5,33963600.00,11083200.00,11853600.00,11026800.00,376.62,,,
A,31/01/26,07:24:00,443230323937FF171E0D-5,33970800.00,11085600.00,11856000.00,11029200.00,376.62,,,
A,31/01/26,07:29:00,443230323937FF171E0D-5,33977400.00,11088000.00,11858400.00,11031000.00,376.62,,,
A,31/01/26,07:34:00,443230323937FF171E0D-5,33984600.00,11090400.00,11860800.00,11033400.00,376.62,,,
A,31/01/26,07:39:00,443230323937FF171E0D-5,33991800.00,11092800.00,11863200.00,11035800.00,376.62,,,
A,31/01/26,07:44:00,443230323937FF171E0D-5,33999000.00,11095200.00,11865600.00,11038200.00,376.62,,,
A,31/01/26,07:49:00,443230323937FF171E0D-5,34005600.00,11097000.00,11868000.00,11040600.00,376.62,,,
A,31/01/26,07:54:00,443230323937FF171E0D-5,34012800.00,11099400.00,11870400.00,11043000.00,376.62,,,
A,31/01/26,07:59:00,443230323937FF171E0D-5,34019400.00,11101800.00,11872800.00,11044800.00,376.62,,,
A,31/01/26,08:04:00,443230323937FF171E0D-5,34026600.00,11104200.00,11875200.00,11047200.00,376.62,,,
A,31/01/26,08:09:00,443230323937FF171E0D-5,34033800.00,11106600.00,11877600.00,11049600.00,376.62,,,
A,31/01/26,08:14:00,443230323937FF171E0D-5,34041600.00,11109000.00,11880600.00,11052000.00,376.62,,,
A,31/01/26,08:19:00,443230323937FF171E0D-5,34048800.00,11111400.00,11883000.00,11054400.00,376.62,,,
A,31/01/26,08:24:00,443230323937FF171E0D-5,34054800.00,11113200.00,11885400.00,11056200.00,376.62,,,
A,31/01/26,08:29:00,443230323937FF171E0D-5,34062000.00,11115600.00,11887800.00,11058600.00,376.62,,,
A,31/01/26,08:34:00,443230323937FF171E0D-5,34069200.00,11118000.00,11890200.00,11061000.00,376.62,,,
A,31/01/26,08:39:00,443230323937FF171E0D-5,34076400.00,11120400.00,11892600.00,11063400.00,376.62,,,
A,31/01/26,08:44:00,443230323937FF171E0D-5,34083600.00,11122800.00,11895000.00,11065800.00,376.62,,,
A,31/01/26,08:49:00,443230323937FF171E0D-5,34090800.00,11125200.00,11897400.00,11068200.00,376.62,,,
A,31/01/26,08:54:00,443230323937FF171E0D-5,34097400.00,11127600.00,11899800.00,11070000.00,376.62,,,
A,31/01/26,08:59:00,443230323937FF171E0D-5,34104600.00,11130000.00,11902200.00,11072400.00,376.62,,,
A,31/01/26,09:04:00,443230323937FF171E0D-5,34111200.00,11131800.00,11904600.00,11074800.00,376.62,,,
A,31/01/26,09:09:00,443230323937FF171E0D-5,34118400.00,11134200.00,11907000.00,11077200.00,376.62,,,
A,31/01/26,09:14:00,443230323937FF171E0D-5,34125600.00,11136600.00,11909400.00,11079600.00,376.62,,,
A,31/01/26,09:19:00,443230323937FF171E0D-5,34132800.00,11139000.00,11912400.00,11081400.00,376.62,,,
A,31/01/26,09:24:00,443230323937FF171E0D-5,34140000.00,11141400.00,11914800.00,11083800.00,376.62,,,
A,31/01/26,09:29:00,443230323937FF171E0D-5,34147200.00,11143800.00,11917200.00,11086200.00,376.62,,,
A,31/01/26,09:34:00,443230323937FF171E0D-5,34154400.00,11146200.00,11919600.00,11088600.00,376.62,,,
A,31/01/26,09:39:00,443230323937FF171E0D-5,34161600.00,11148600.00,11922000.00,11091000.00,376.62,,,
A,31/01/26,09:44:00,443230323937FF171E0D-5,34167600.00,11150400.00,11924400.00,11092800.00,376.62,,,
A,31/01/26,09:49:00,443230323937FF171E0D-5,34174800.00,11152800.00,11926800.00,11095200.00,376.62,,,
A,31/01/26,09:54:00,443230323937FF171E0D-5,34182000.00,11155200.00,11929200.00,11097600.00,376.62,,,
A,31/01/26,09:59:00,443230323937FF171E0D-5,34189200.00,11157600.00,11931600.00,11100000.00,376.62,,,
A,31/01/26,10:04:00,443230323937FF171E0D-5,34196400.00,11160000.00,11934000.00,11102400.00,376.62,,,
A,31/01/26,10:09:00,443230323937FF171E0D-5,34203600.00,11162400.00,11936400.00,11104800.00,376.62,,,
A,31/01/26,10:14:00,443230323937FF171E0D-5,34210200.00,11164800.00,11938800.00,11106600.00,376.62,,,
A,31/01/26,10:19:00,443230323937FF171E0D-5,34217400.00,11167200.00,11941200.00,11109000.00,376.62,,,
A,31/01/26,10:24:00,443230323937FF171E0D-5,34224600.00,11169600.00,11943600.00,11111400.00,376.62,,,
A,31/01/26,10:29:00,443230323937FF171E0D-5,34231800.00,11171400.00,11946600.00,11113800.00,376.62,,,
A,31/01/26,10:34:00,443230323937FF171E0D-5,34239000.00,11173800.00,11949000.00,11116200.00,376.62,,,
A,31/01/26,10:39:00,443230323937FF171E0D-5,34245600.00,11176200.00,11951400.00,11118000.00,376.62,,,
A,31/01/26,10:44:00,443230323937FF171E0D-5,34252800.00,11178600.00,11953800.00,11120400.00,376.62,,,
A,31/01/26,10:49:00,443230323937FF171E0D-5,34260000.00,11181000.00,11956200.00,11122800.00,376.62,,,
A,31/01/26,10:54:00,443230323937FF171E0D-5,34267200.00,11183400.00,11958600.00,11125200.00,376.62,,,
A,31/01/26,10:59:00,443230323937FF171E0D-5,34274400.00,11185800.00,11961000.00,11127600.00,376.62,,,
A,31/01/26,11:04:00,443230323937FF171E0D-5,34281000.00,11188200.00,11963400.00,11129400.00,376.62,,,
A,31/01/26,11:09:00,443230323937FF171E0D-5,34287600.00,11190000.00,11965800.00,11131800.00,376.62,,,
A,31/01/26,11:14:00,443230323937FF171E0D-5,34294800.00,11192400.00,11968200.00,11134200.00,376.62,,,
A,31/01/26,11:19:00,443230323937FF171E0D-5,34302000.00,11194800.00,11970600.00,11136600.00,376.62,,,
A,31/01/26,11:24:00,443230323937FF171E0D-5,34309200.00,11197200.00,11973000.00,11139000.00,376.62,,,
A,31/01/26,11:29:00,443230323937FF171E0D-5,34315800.00,11199600.00,11975400.00,11140800.00,376.62,,,
A,31/01/26,11:34:00,443230323937FF171E0D-5,34323000.00,11202000.00,11977800.00,11143200.00,376.62,,,
A,31/01/26,11:39:00,443230323937FF171E0D-5,34330200.00,11204400.00,11980200.00,11145600.00,376.62,,,
A,31/01/26,11:44:00,443230323937FF171E0D-5,34338000.00,11206800.00,11983200.00,11148000.00,376.62,,,
A,31/01/26,11:49:00,443230323937FF171E0D-5,34344600.00,11208600.00,11985600.00,11150400.00,376.62,,,
A,31/01/26,11:54:00,443230323937FF171E0D-5,34351800.00,11211000.00,11988000.00,11152800.00,376.62,,,
A,31/01/26,11:59:00,443230323937FF171E0D-5,34358400.00,11213400.00,11990400.00,11154600.00,376.62,,,
A,31/01/26,12:04:00,443230323937FF171E0D-5,34365600.00,11215800.00,11992800.00,11157000.00,376.62,,,
A,31/01/26,12:09:00,443230323937FF171E0D-5,34372800.00,11218200.00,11995200.00,11159400.00,376.62,,,
A,31/01/26,12:14:00,443230323937FF171E0D-5,34380000.00,11220600.00,11997600.00,11161800.00,376.62,,,
A,31/01/26,12:19:00,443230323937FF171E0D-5,34387200.00,11223000.00,12000000.00,11164200.00,376.62,,,
A,31/01/26,12:24:00,443230323937FF171E0D-5,34394400.00,11225400.00,12002400.00,11166600.00,376.62,,,
A,31/01/26,12:29:00,443230323937FF171E0D-5,34400400.00,11227200.00,12004800.00,11168400.00,376.62,,,
A,31/01/26,12:34:00,443230323937FF171E0D-5,34407600.00,11229600.00,12007200.00,11170800.00,376.62,,,
A,31/01/26,12:39:00,443230323937FF171E0D-5,34414800.00,11232000.00,12009600.00,11173200.00,376.62,,,
A,31/01/26,12:44:00,443230323937FF171E0D-5,34422000.00,11234400.00,12012000.00,11175600.00,376.62,,,
A,31/01/26,12:49:00,443230323937FF171E0D-5,34429200.00,11236800.00,12014400.00,11178000.00,376.62,,,
A,31/01/26,12:54:00,443230323937FF171E0D-5,34435800.00,11239200.00,12016800.00,11179800.00,376.62,,,
A,31/01/26,12:59:00,443230323937FF171E0D-5,34443000.00,11241600.00,12019200.00,11182200.00,376.62,,,
A,31/01/26,13:04:00,443230323937FF171E0D-5,34450800.00,11244000.00,12022200.00,11184600.00,376.62,,,
A,31/01/26,13:09:00,443230323937FF171E0D-5,34457400.00,11245800.00,12024600.00,11187000.00,376.62,,,
A,31/01/26,13:14:00,443230323937FF171E0D-5,34464600.00,11248200.00,12027000.00,11189400.00,376.62,,,
A,31/01/26,13:19:00,443230323937FF171E0D-5,34471800.00,11250600.00,12029400.00,11191800.00,376.62,,,
A,31/01/26,13:24:00,443230323937FF171E0D-5,34478400.00,11253000.00,12031800.00,11193600.00,376.62,,,
A,31/01/26,13:29:00,443230323937FF171E0D-5,34485600.00,11255400.00,12034200.00,11196000.00,376.62,,,
A,31/01/26,13:34:00,443230323937FF171E0D-5,34492800.00,11257800.00,12036600.00,11198400.00,376.62,,,
A,31/01/26,13:39:00,443230323937FF171E0D-5,34500000.00,11260200.00,12039000.00,11200800.00,376.62,,,
A,31/01/26,13:44:00,443230323937FF171E0D-5,34506600.00,11262000.00,12041400.00,11203200.00,376.62,,,
A,31/01/26,13:49:00,443230323937FF171E0D-5,34513800.00,11264400.00,12043800.00,11205600.00,376.62,,,
A,31/01/26,13:54:00,443230323937FF171E0D-5,34520400.00,11266800.00,12046200.00,11207400.00,376.62,,,
A,31/01/26,13:59:00,443230323937FF171E0D-5,34527600.00,11269200.00,12048600.00,11209800.00,376.62,,,
A,31/01/26,14:04:00,443230323937FF171E0D-5,34534800.00,11271600.00,12051000.00,11212200.00,376.62,,,
A,31/01/26,14:09:00,443230323937FF171E0D-5,34542000.00,11274000.00,12053400.00,11214600.00,376.62,,,
A,31/01/26,14:14:00,443230323937FF171E0D-5,34549200.00,11276400.00,12055800.00,11217000.00,376.62,,,
A,31/01/26,14:19:00,443230323937FF171E0D-5,34556400.00,11278800.00,12058800.00,11218800.00,376.62,,,
A,31/01/26,14:24:00,443230323937FF171E0D-5,34563000.00,11280600.00,12061200.00,11221200.00,376.62,,,
A,31/01/26,14:29:00,443230323937FF171E0D-5,34570200.00,11283000.00,12063600.00,11223600.00,376.62,,,
A,31/01/26,14:34:00,443230323937FF171E0D-5,34577400.00,11285400.00,12066000.00,11226000.00,376.62,,,
A,31/01/26,14:39:00,443230323937FF171E0D-5,34584600.00,11287800.00,12068400.00,11228400.00,376.62,,,
A,31/01/26,14:44:00,443230323937FF171E0D-5,34591800.00,11290200.00,12070800.00,11230800.00,376.62,,,
A,31/01/26,14:49:00,443230323937FF171E0D-5,34598400.00,11292600.00,12073200.00,11232600.00,376.62,,,
A,31/01/26,14:54:00,443230323937FF171E0D-5,34605600.00,11295000.00,12075600.00,11235000.00,376.62,,,
A,31/01/26,14:59:00,443230323937FF171E0D-5,34612200.00,11296800.00,12078000.00,11237400.00,376.62,,,
A,31/01/26,15:04:00,443230323937FF171E0D-5,34619400.00,11299200.00,12080400.00,11239800.00,376.62,,,
A,31/01/26,15:09:00,443230323937FF171E0D-5,34626600.00,11301600.00,12082800.00,11242200.00,376.62,,,
A,31/01/26,15:14:00,443230323937FF171E0D-5,34633800.00,11304000.00,12085200.00,11244600.00,376.62,,,
A,31/01/26,15:19:00,443230323937FF171E0D-5,34640400.00,11306400.00,12087600.00,11246400.00,376.62,,,
A,31/01/26,15:24:00,443230323937FF171E0D-5,34647600.00,11308800.00,12090000.00,11248800.00,376.62,,,
A,31/01/26,15:29:00,443230323937FF171E0D-5,34654800.00,11311200.00,12092400.00,11251200.00,376.62,,,
A,31/01/26,15:34:00,443230323937FF171E0D-5,34662000.00,11313000.00,12095400.00,11253600.00,376.62,,,
A,31/01/26,15:39:00,443230323937FF171E0D-5,34669200.00,11315400.00,12097800.00,11256000.00,376.62,,,
A,31/01/26,15:44:00,443230323937FF171E0D-5,34676400.00,11317800.00,12100200.00,11258400.00,376.62,,,
A,31/01/26,15:49:00,443230323937FF171E0D-5,34683000.00,11320200.00,12102600.00,11260200.00,376.62,,,
A,31/01/26,15:54:00,443230323937FF171E0D-5,34690200.00,11322600.00,12105000.00,11262600.00,376.62,,,
A,31/01/26,15:59:00,443230323937FF171E0D-5,34697400.00,11325000.00,12107400.00,11265000.00,376.62,,,
A,31/01/26,16:04:00,443230323937FF171E0D-5,34704600.00,11327400.00,12109800.00,11267400.00,376.62,,,
A,31/01/26,16:09:00,443230323937FF171E0D-5,34711800.00,11329800.00,12112200.00,11269800.00,376.62,,,
A,31/01/26,16:14:00,443230323937FF171E0D-5,34717800.00,11331600.00,12114600.00,11271600.00,376.62,,,
A,31/01/26,16:19:00,443230323937FF171E0D-5,34725000.00,11334000.00,12117000.00,11274000.00,376.62,,,
A,31/01/26,16:24:00,443230323937FF171E0D-5,34732200.00,11336400.00,12119400.00,11276400.00,376.62,,,
A,31/01/26,16:29:00,443230323937FF171E0D-5,34739400.00,11338800.00,12121800.00,11278800.00,376.62,,,
A,31/01/26,16:34:00,443230323937FF171E0D-5,34747200.00,11341200.00,12124800.00,11281200.00,376.62,,,
A,31/01/26,16:39:00,443230323937FF171E0D-5,34753800.00,11343600.00,12127200.00,11283000.00,376.62,,,
A,31/01/26,16:44:00,443230323937FF171E0D-5,34761000.00,11346000.00,12129600.00,11285400.00,376.62,,,
A,31/01/26,16:49:00,443230323937FF171E0D-5,34767600.00,11347800.00,12132000.00,11287800.00,376.62,,,
A,31/01/26,16:54:00,443230323937FF171E0D-5,34774800.00,11350200.00,12134400.00,11290200.00,376.62,,,
A,31/01/26,16:59:00,443230323937FF171E0D-5,34782000.00,11352600.00,12136800.00,11292600.00,376.62,,,
A,31/01/26,17:04:00,443230323937FF171E0D-5,34788600.00,11355000.00,12139200.00,11294400.00,376.62,,,
A,31/01/26,17:09:00,443230323937FF171E0D-5,34795800.00,11357400.00,12141600.00,11296800.00,376.62,,,
A,31/01/26,17:14:00,443230323937FF171E0D-5,34803000.00,11359800.00,12144000.00,11299200.00,376.62,,,
A,31/01/26,17:19:00,443230323937FF171E0D-5,34810200.00,11362200.00,12146400.00,11301600.00,376.62,,,
A,31/01/26,17:24:00,443230323937FF171E0D-5,34817400.00,11364600.00,12148800.00,11304000.00,376.62,,,
A,31/01/26,17:29:00,443230323937FF171E0D-5,34823400.00,11366400.00,12151200.00,11305800.00,376.62,,,
A,31/01/26,17:34:00,443230323937FF171E0D-5,34831200.00,11368800.00,12154200.00,11308200.00,376.62,,,
A,31/01/26,17:39:00,443230323937FF171E0D-5,34838400.00,11371200.00,12156600.00,11310600.00,376.62,,,
A,31/01/26,17:44:00,443230323937FF171E0D-5,34845600.00,11373600.00,12159000.00,11313000.00,376.62,,,
A,31/01/26,17:49:00,443230323937FF171E0D-5,34852200.00,11376000.00,12161400.00,11314800.00,376.62,,,
A,31/01/26,17:54:00,443230323937FF171E0D-5,34859400.00,11378400.00,12163800.00,11317200.00,376.62,,,
A,31/01/26,17:59:00,443230323937FF171E0D-5,34866600.00,11380800.00,12166200.00,11319600.00,376.62,,,
A,31/01/26,18:04:00,443230323937FF171E0D-5,34873800.00,11383200.00,12168600.00,11322000.00,376.62,,,
A,31/01/26,18:09:00,443230323937FF171E0D-5,34880400.00,11385000.00,12171000.00,11324400.00,376.62,,,
A,31/01/26,18:14:00,443230323937FF171E0D-5,34887000.00,11387400.00,12173400.00,11326200.00,376.62,,,
A,31/01/26,18:19:00,443230323937FF171E0D-5,34894200.00,11389800.00,12175800.00,11328600.00,376.62,,,
A,31/01/26,18:24:00,443230323937FF171E0D-5,34902000.00,11392200.00,12178800.00,11331000.00,376.62,,,
A,31/01/26,18:29:00,443230323937FF171E0D-5,34909200.00,11394600.00,12181200.00,11333400.00,376.62,,,
A,31/01/26,18:34:00,443230323937FF171E0D-5,34916400.00,11397000.00,12183600.00,11335800.00,376.62,,,
A,31/01/26,18:39:00,443230323937FF171E0D-5,34923000.00,11398800.00,12186000.00,11338200.00,376.62,,,
A,31/01/26,18:44:00,443230323937FF171E0D-5,34929600.00,11401200.00,12188400.00,11340000.00,376.62,,,
A,31/01/26,18:49:00,443230323937FF171E0D-5,34936800.00,11403600.00,12190800.00,11342400.00,376.62,,,
A,31/01/26,18:54:00,443230323937FF171E0D-5,34944000.00,11406000.00,12193200.00,11344800.00,376.62,,,
A,31/01/26,18:59:00,443230323937FF171E0D-5,34951200.00,11408400.00,12195600.00,11347200.00,376.62,,,
A,31/01/26,19:04:00,443230323937FF171E0D-5,34958400.00,11410800.00,12198000.00,11349600.00,376.62,,,
A,31/01/26,19:09:00,443230323937FF171E0D-5,34965000.00,11412600.00,12200400.00,11352000.00,376.62,,,
A,31/01/26,19:14:00,443230323937FF171E0D-5,34972200.00,11415000.00,12202800.00,11354400.00,376.62,,,
A,31/01/26,19:19:00,443230323937FF171E0D-5,34978800.00,11417400.00,12205200.00,11356200.00,376.62,,,
A,31/01/26,19:24:00,443230323937FF171E0D-5,34986000.00,11419800.00,12207600.00,11358600.00,376.62,,,
A,31/01/26,19:29:00,443230323937FF171E0D-5,34993800.00,11422200.00,12210600.00,11361000.00,376.62,,,
A,31/01/26,19:34:00,443230323937FF171E0D-5,35001000.00,11424600.00,12213000.00,11363400.00,376.62,,,
A,31/01/26,19:39:00,443230323937FF171E0D-5,35007600.00,11426400.00,12215400.00,11365800.00,376.62,,,
A,31/01/26,19:44:00,443230323937FF171E0D-5,35014800.00,11428800.00,12217800.00,11368200.00,376.62,,,
A,31/01/26,19:49:00,443230323937FF171E0D-5,35022000.00,11431200.00,12220200.00,11370600.00,376.62,,,
A,31/01/26,19:54:00,443230323937FF171E0D-5,35028600.00,11433600.00,12222600.00,11372400.00,376.62,,,
A,31/01/26,19:59:00,443230323937FF171E0D-5,35035800.00,11436000.00,12225000.00,11374800.00,376.62,,,
A,31/01/26,20:04:00,443230323937FF171E0D-5,35043000.00,11438400.00,12227400.00,11377200.00,376.62,,,
A,31/01/26,20:09:00,443230323937FF171E0D-5,35050200.00,11440800.00,12229800.00,11379600.00,376.62,,,
A,31/01/26,20:14:00,443230323937FF171E0D-5,35057400.00,11443200.00,12232200.00,11382000.00,376.62,,,
A,31/01/26,20:19:00,443230323937FF171E0D-5,35064000.00,11445000.00,12234600.00,11384400.00,376.62,,,
A,31/01/26,20:24:00,443230323937FF171E0D-5,35071200.00,11447400.00,12237000.00,11386800.00,376.62,,,
A,31/01/26,20:29:00,443230323937FF171E0D-5,35077800.00,11449800.00,12239400.00,11388600.00,376.62,,,
A,31/01/26,20:34:00,443230323937FF171E0D-5,35085000.00,11452200.00,12241800.00,11391000.00,376.62,,,
A,31/01/26,20:39:00,443230323937FF171E0D-5,35092200.00,11454600.00,12244200.00,11393400.00,376.62,,,
A,31/01/26,20:44:00,443230323937FF171E0D-5,35099400.00,11457000.00,12246600.00,11395800.00,376.62,,,
A,31/01/26,20:49:00,443230323937FF171E0D-5,35106000.00,11458800.00,12249000.00,11398200.00,376.62,,,
A,31/01/26,20:54:00,443230323937FF171E0D-5,35113800.00,11461200.00,12252000.00,11400600.00,376.62,,,
A,31/01/26,20:59:00,443230323937FF171E0D-5,35120400.00,11463600.00,12254400.00,11402400.00,376.62,,,
A,31/01/26,21:04:00,443230323937FF171E0D-5,35127600.00,11466000.00,12256800.00,11404800.00,376.62,,,
A,31/01/26,21:09:00,443230323937FF171E0D-5,35134800.00,11468400.00,12259200.00,11407200.00,376.62,,,
A,31/01/26,21:14:00,443230323937FF171E0D-5,35142000.00,11470800.00,12261600.00,11409600.00,376.62,,,
A,31/01/26,21:19:00,443230323937FF171E0D-5,35149200.00,11473200.00,12264000.00,11412000.00,376.62,,,
A,31/01/26,21:24:00,443230323937FF171E0D-5,35156400.00,11475600.00,12266400.00,11414400.00,376.62,,,
A,31/01/26,21:29:00,443230323937FF171E0D-5,35162400.00,11477400.00,12268800.00,11416200.00,376.62,,,
A,31/01/26,21:34:00,443230323937FF171E0D-5,35169600.00,11479800.00,12271200.00,11418600.00,376.62,,,
A,31/01/26,21:39:00,443230323937FF171E0D-5,35176800.00,11482200.00,12273600.00,11421000.00,376.62,,,
A,31/01/26,21:44:00,443230323937FF171E0D-5,35184000.00,11484600.00,12276000.00,11423400.00,376.62,,,
A,31/01/26,21:49:00,443230323937FF171E0D-5,35191200.00,11487000.00,12278400.00,11425800.00,376.62,,,
A,31/01/26,21:54:00,443230323937FF171E0D-5,35198400.00,11489400.00,12280800.00,11428200.00,376.62,,,
A,31/01/26,21:59:00,443230323937FF171E0D-5,35205000.00,11491800.00,12283200.00,11430000.00,376.62,,,
A,31/01/26,22:04:00,443230323937FF171E0D-5,35212200.00,11493600.00,12286200.00,11432400.00,376.62,,,
A,31/01/26,22:09:00,443230323937FF171E0D-5,35219400.00,11496000.00,12288600.00,11434800.00,376.62,,,
A,31/01/26,22:14:00,443230323937FF171E0D-5,35226600.00,11498400.00,12291000.00,11437200.00,376.62,,,
A,31/01/26,22:19:00,443230323937FF171E0D-5,35233800.00,11500800.00,12293400.00,11439600.00,376.62,,,
A,31/01/26,22:24:00,443230323937FF171E0D-5,35241000.00,11503200.00,12295800.00,11442000.00,376.62,,,
A,31/01/26,22:29:00,443230323937FF171E0D-5,35247600.00,11505600.00,12298200.00,11443800.00,376.62,,,
A,31/01/26,22:34:00,443230323937FF171E0D-5,35254800.00,11508000.00,12300600.00,11446200.00,376.62,,,
A,31/01/26,22:39:00,443230323937FF171E0D-5,35261400.00,11509800.00,12303000.00,11448600.00,376.62,,,
A,31/01/26,22:44:00,443230323937FF171E0D-5,35268600.00,11512200.00,12305400.00,11451000.00,376.62,,,
A,31/01/26,22:49:00,443230323937FF171E0D-5,35275800.00,11514600.00,12307800.00,11453400.00,376.62,,,
A,31/01/26,22:54:00,443230323937FF171E0D-5,35283000.00,11517000.00,12310200.00,11455800.00,376.62,,,
A,31/01/26,22:59:00,443230323937FF171E0D-5,35289600.00,11519400.00,12312600.00,11457600.00,376.62,,,
A,31/01/26,23:04:00,443230323937FF171E0D-5,35296800.00,11521800.00,12315000.00,11460000.00,376.62,,,
A,31/01/26,23:09:00,443230323937FF171E0D-5,35304000.00,11524200.00,12317400.00,11462400.00,376.62,,,
A,31/01/26,23:14:00,443230323937FF171E0D-5,35310600.00,11526000.00,12319800.00,11464800.00,376.62,,,
A,31/01/26,23:19:00,443230323937FF171E0D-5,35318400.00,11528400.00,12322800.00,11467200.00,376.62,,,
A,31/01/26,23:24:00,443230323937FF171E0D-5,35325600.00,11530800.00,12325200.00,11469600.00,376.62,,,
A,31/01/26,23:29:00,443230323937FF171E0D-5,35332800.00,11533200.00,12327600.00,11472000.00,376.62,,,
A,31/01/26,23:34:00,443230323937FF171E0D-5,35339400.00,11535600.00,12330000.00,11473800.00,376.62,,,
A,31/01/26,23:39:00,443230323937FF171E0D-5,35346600.00,11538000.00,12332400.00,11476200.00,376.62,,,
A,31/01/26,23:44:00,443230323937FF171E0D-5,35353200.00,11539800.00,12334800.00,11478600.00,376.62,,,
A,31/01/26,23:49:00,443230323937FF171E0D-5,35360400.00,11542200.00,12337200.00,11481000.00,376.62,,,
A,31/01/26,23:54:00,443230323937FF171E0D-5,35367600.00,11544600.00,12339600.00,11483400.00,376.62,,,
A,31/01/26,23:59:00,443230323937FF171E0D-5,35374800.00,11547000.00,12342000.00,11485800.00,376.62,,,
